"time","station","Cond","DOpct","Sal","Temp","Turb","pH",
2022-08-11 15:45:00.000 -0400,Alan,0.0,0.0,0.0,0.0,0.0,0.0
2022-08-11 16:30:00.000 -0400,Alan,675.1,5.02,0.3,30.06,5.8,7.5
2022-08-11 16:45:00.000 -0400,Alan,719.4,3.68,0.32,30.08,2.95,7.36
2022-08-11 17:00:00.000 -0400,Alan,734.3,5.69,0.32,30.07,7.54,7.6
2022-08-11 17:15:00.000 -0400,Alan,730.9,15.65,0.32,30.0,3.4,7.72
2022-08-11 17:30:00.000 -0400,Alan,728.7,11.12,0.32,29.91,2.72,7.88
2022-08-11 17:45:00.000 -0400,Alan,729.7,4.5,0.32,29.8,2.03,7.99
2022-08-11 18:00:00.000 -0400,Alan,732.3,3.26,0.32,29.73,4.81,7.34
2022-08-11 18:15:00.000 -0400,Alan,731.0,3.24,0.32,29.66,3.12,7.37
2022-08-11 18:45:00.000 -0400,Alan,1111.0,38.81,0.53,26.95,302.9,6.73
2022-08-11 19:00:00.000 -0400,Alan,1112.0,3.98,0.53,26.48,304.9,6.67
2022-08-11 19:15:00.000 -0400,Alan,1121.0,3.3,0.54,26.43,99.5,6.67
2022-08-11 19:30:00.000 -0400,Alan,1117.0,3.26,0.54,26.37,181.1,6.68
2022-08-11 19:45:00.000 -0400,Alan,1112.0,3.24,0.53,26.33,91.2,6.67
2022-08-11 20:00:00.000 -0400,Alan,1120.0,3.24,0.54,26.3,64.08,6.67
2022-08-11 20:15:00.000 -0400,Alan,1083.0,3.24,0.52,26.27,156.0,6.67
2022-08-11 20:30:00.000 -0400,Alan,1125.0,3.23,0.54,26.22,48.86,6.65
2022-08-11 20:45:00.000 -0400,Alan,1115.0,3.23,0.54,26.19,53.63,6.65
2022-08-11 21:00:00.000 -0400,Alan,1165.0,3.24,0.56,26.09,48.55,6.66
2022-08-11 21:15:00.000 -0400,Alan,1117.0,3.23,0.54,26.11,48.18,6.65
2022-08-11 21:30:00.000 -0400,Alan,1042.0,3.23,0.5,26.0,43.51,6.65
2022-08-11 21:45:00.000 -0400,Alan,1044.0,3.22,0.5,25.99,45.59,6.65
2022-08-11 22:00:00.000 -0400,Alan,1059.0,3.23,0.51,25.94,43.05,6.64
2022-08-11 22:15:00.000 -0400,Alan,1071.0,3.22,0.52,25.93,33.48,6.63
2022-08-11 22:30:00.000 -0400,Alan,1008.0,3.22,0.49,25.83,45.21,6.64
2022-08-11 22:45:00.000 -0400,Alan,1014.0,3.21,0.49,25.87,42.9,6.63
2022-08-11 23:00:00.000 -0400,Alan,989.0,3.22,0.48,25.85,202.9,6.65
2022-08-11 23:15:00.000 -0400,Alan,1016.0,3.23,0.49,25.97,19.4,6.68
2022-08-11 23:30:00.000 -0400,Alan,988.0,3.22,0.48,25.94,1.44,6.68
2022-08-11 23:45:00.000 -0400,Alan,964.0,3.22,0.46,26.02,1.38,6.67
2022-08-12 00:00:00.000 -0400,Alan,968.0,3.21,0.47,25.93,1.44,6.65
2022-08-12 00:15:00.000 -0400,Alan,978.0,3.22,0.47,25.9,1.32,6.64
2022-08-12 00:30:00.000 -0400,Alan,951.0,3.2,0.46,25.87,1.24,6.65
2022-08-12 00:45:00.000 -0400,Alan,937.0,3.21,0.45,25.84,1.18,6.65
2022-08-12 01:00:00.000 -0400,Alan,939.0,3.22,0.45,25.88,1.18,6.66
2022-08-12 01:15:00.000 -0400,Alan,938.0,3.21,0.45,25.85,1.21,6.66
2022-08-12 01:30:00.000 -0400,Alan,926.0,3.2,0.45,25.8,1.19,6.66
2022-08-12 01:45:00.000 -0400,Alan,933.0,3.21,0.45,25.82,1.12,6.66
2022-08-12 02:00:00.000 -0400,Alan,924.0,3.22,0.45,25.86,1.22,6.67
2022-08-12 02:15:00.000 -0400,Alan,928.0,3.22,0.45,25.94,1.39,6.68
2022-08-12 02:30:00.000 -0400,Alan,927.0,3.2,0.45,25.97,1.28,6.68
2022-08-12 02:45:00.000 -0400,Alan,927.0,3.2,0.45,25.89,1.15,6.67
2022-08-12 03:00:00.000 -0400,Alan,920.0,3.21,0.44,25.85,1.59,6.68
2022-08-12 03:15:00.000 -0400,Alan,943.0,3.21,0.46,25.8,1.16,6.67
2022-08-12 03:30:00.000 -0400,Alan,906.0,3.2,0.44,25.69,1.02,6.67
2022-08-12 03:45:00.000 -0400,Alan,905.0,3.22,0.44,25.65,1.1,6.67
2022-08-12 04:00:00.000 -0400,Alan,900.0,3.21,0.44,25.64,1.1,6.67
2022-08-12 04:15:00.000 -0400,Alan,892.0,3.21,0.43,25.64,1.26,6.67
2022-08-12 04:30:00.000 -0400,Alan,925.0,3.22,0.45,25.62,1.13,6.67
2022-08-12 04:45:00.000 -0400,Alan,918.0,3.21,0.44,25.6,1.12,6.68
2022-08-12 05:00:00.000 -0400,Alan,896.0,3.21,0.43,25.64,1.39,6.68
2022-08-12 05:15:00.000 -0400,Alan,923.0,3.21,0.45,25.61,2.01,6.68
2022-08-12 05:30:00.000 -0400,Alan,892.0,3.21,0.43,25.57,1.59,6.68
2022-08-12 05:45:00.000 -0400,Alan,920.0,3.2,0.45,25.56,0.95,6.68
2022-08-12 06:00:00.000 -0400,Alan,898.0,3.21,0.43,25.58,1.11,6.68
2022-08-12 06:15:00.000 -0400,Alan,930.0,3.2,0.45,25.52,1.47,6.68
2022-08-12 06:30:00.000 -0400,Alan,923.0,3.2,0.45,25.51,1.27,6.68
2022-08-12 06:45:00.000 -0400,Alan,911.0,3.2,0.44,25.48,1.24,6.68
2022-08-12 07:00:00.000 -0400,Alan,965.0,3.21,0.47,25.49,2.27,6.69
2022-08-12 07:15:00.000 -0400,Alan,892.0,3.2,0.43,25.59,1.18,6.7
2022-08-12 07:30:00.000 -0400,Alan,879.0,3.2,0.43,25.59,1.11,6.71
2022-08-12 07:45:00.000 -0400,Alan,907.0,3.2,0.44,25.54,1.25,6.71
2022-08-12 08:00:00.000 -0400,Alan,921.0,3.22,0.45,25.5,347.4,6.71
2022-08-12 08:15:00.000 -0400,Alan,913.0,3.29,0.44,25.64,1.16,6.71
2022-08-12 08:30:00.000 -0400,Alan,891.0,3.21,0.43,25.5,1.28,6.71
2022-08-12 08:45:00.000 -0400,Alan,893.0,7.44,0.43,25.55,1.29,6.72
2022-08-12 09:00:00.000 -0400,Alan,924.0,3.21,0.45,25.57,1.1,6.72
2022-08-12 09:15:00.000 -0400,Alan,945.0,3.21,0.46,25.56,1.09,6.7
2022-08-12 09:30:00.000 -0400,Alan,958.0,3.21,0.47,25.47,1.23,6.69
2022-08-12 09:45:00.000 -0400,Alan,883.0,3.2,0.43,25.42,1.04,6.69
2022-08-12 10:00:00.000 -0400,Alan,887.0,3.21,0.43,25.37,1.18,6.7
2022-08-12 10:15:00.000 -0400,Alan,868.0,3.21,0.42,25.37,1.13,6.72
2022-08-12 10:30:00.000 -0400,Alan,864.0,3.2,0.42,25.33,1.09,6.72
2022-08-12 10:45:00.000 -0400,Alan,846.0,3.2,0.41,25.32,1.11,6.73
2022-08-12 11:00:00.000 -0400,Alan,868.0,3.2,0.42,25.21,1.15,6.74
2022-08-12 11:15:00.000 -0400,Alan,890.0,3.22,0.43,25.31,1.02,6.74
2022-08-12 11:30:00.000 -0400,Alan,920.0,3.2,0.45,25.36,1.04,6.75
2022-08-12 11:45:00.000 -0400,Alan,918.0,3.21,0.45,25.35,1.16,6.74
2022-08-12 12:00:00.000 -0400,Alan,880.0,3.2,0.43,25.23,1.03,6.75
2022-08-12 12:15:00.000 -0400,Alan,859.0,3.21,0.42,25.25,1.12,6.76
2022-08-12 12:30:00.000 -0400,Alan,857.0,3.2,0.42,25.25,1.6,6.78
2022-08-12 12:45:00.000 -0400,Alan,825.0,3.2,0.4,25.24,1.2,6.8
2022-08-12 13:00:00.000 -0400,Alan,826.0,3.2,0.4,25.17,0.99,6.8
2022-08-12 13:15:00.000 -0400,Alan,836.0,3.21,0.41,25.21,1.1,6.81
2022-08-12 13:30:00.000 -0400,Alan,825.0,16.26,0.4,25.47,1.06,6.82
2022-08-12 13:45:00.000 -0400,Alan,908.0,3.23,0.44,25.51,4.73,6.82
2022-08-12 14:00:00.000 -0400,Alan,938.0,3.19,0.46,25.37,1.03,6.79
2022-08-12 14:15:00.000 -0400,Alan,832.0,3.21,0.4,25.33,1.04,6.76
2022-08-12 14:30:00.000 -0400,Alan,797.1,3.2,0.39,25.42,0.95,6.75
2022-08-12 14:45:00.000 -0400,Alan,804.0,3.21,0.39,25.53,1.09,6.76
2022-08-12 15:00:00.000 -0400,Alan,806.0,6.64,0.39,25.66,1.02,6.78
2022-08-12 15:15:00.000 -0400,Alan,848.0,4.01,0.41,25.72,1.03,6.79
2022-08-12 15:30:00.000 -0400,Alan,903.0,3.25,0.44,25.65,1.35,6.76
2022-08-12 15:45:00.000 -0400,Alan,869.0,3.21,0.42,25.62,1.27,6.75
2022-08-12 16:00:00.000 -0400,Alan,857.0,3.2,0.41,25.63,1.0,6.77
2022-08-12 16:15:00.000 -0400,Alan,836.0,3.2,0.4,25.53,1.02,6.79
2022-08-12 16:30:00.000 -0400,Alan,824.0,3.21,0.4,25.56,0.94,6.8
2022-08-12 16:45:00.000 -0400,Alan,805.0,3.21,0.39,25.55,1.07,6.81
2022-08-12 17:00:00.000 -0400,Alan,767.7,3.2,0.37,25.48,1.4,6.81
2022-08-12 17:15:00.000 -0400,Alan,783.1,3.21,0.38,25.49,1.55,6.81
2022-08-12 17:30:00.000 -0400,Alan,783.8,3.21,0.38,25.47,1.08,6.81
2022-08-12 17:45:00.000 -0400,Alan,793.2,3.2,0.38,25.44,1.12,6.82
2022-08-12 18:00:00.000 -0400,Alan,798.7,3.21,0.39,25.44,0.94,6.8
2022-08-12 18:15:00.000 -0400,Alan,800.0,3.2,0.39,25.44,1.16,6.8
2022-08-12 18:30:00.000 -0400,Alan,788.5,3.2,0.38,25.4,1.15,6.81
2022-08-12 18:45:00.000 -0400,Alan,781.2,3.21,0.38,25.35,1.08,6.81
2022-08-12 19:00:00.000 -0400,Alan,780.9,3.2,0.38,25.38,1.07,6.81
2022-08-12 19:15:00.000 -0400,Alan,764.4,3.21,0.37,25.35,1.11,6.82
2022-08-12 19:30:00.000 -0400,Alan,725.5,3.21,0.35,25.35,0.96,6.82
2022-08-12 19:45:00.000 -0400,Alan,765.7,3.21,0.37,25.35,1.5,6.82
2022-08-12 20:00:00.000 -0400,Alan,764.3,3.2,0.37,25.35,1.13,6.82
2022-08-12 20:15:00.000 -0400,Alan,743.8,3.2,0.36,25.33,2.72,6.82
2022-08-12 20:30:00.000 -0400,Alan,744.0,3.21,0.36,25.31,2.78,6.82
2022-08-12 20:45:00.000 -0400,Alan,746.0,3.21,0.36,25.27,1.63,6.82
2022-08-12 21:00:00.000 -0400,Alan,728.7,3.2,0.35,25.32,3.16,6.82
2022-08-12 21:15:00.000 -0400,Alan,776.8,3.2,0.38,25.29,1.08,6.82
2022-08-12 21:30:00.000 -0400,Alan,777.1,3.21,0.38,25.32,0.96,6.81
2022-08-12 21:45:00.000 -0400,Alan,774.6,3.2,0.38,25.3,1.01,6.8
2022-08-12 22:00:00.000 -0400,Alan,773.7,3.19,0.37,25.28,1.35,6.8
2022-08-12 22:15:00.000 -0400,Alan,774.1,3.2,0.38,25.26,1.25,6.81
2022-08-12 22:30:00.000 -0400,Alan,776.0,3.19,0.38,25.25,1.16,6.8
2022-08-12 22:45:00.000 -0400,Alan,776.6,3.2,0.38,25.23,1.05,6.8
2022-08-12 23:00:00.000 -0400,Alan,778.3,3.2,0.38,25.22,0.92,6.8
2022-08-12 23:15:00.000 -0400,Alan,779.2,3.2,0.38,25.2,1.22,6.8
2022-08-12 23:30:00.000 -0400,Alan,780.1,3.2,0.38,25.18,1.34,6.8
2022-08-12 23:45:00.000 -0400,Alan,780.9,3.19,0.38,25.15,0.95,6.79
2022-08-13 00:00:00.000 -0400,Alan,782.3,3.19,0.38,25.14,1.23,6.79
2022-08-13 00:15:00.000 -0400,Alan,782.7,3.2,0.38,25.12,0.97,6.79
2022-08-13 00:30:00.000 -0400,Alan,784.5,3.2,0.38,25.11,1.11,6.78
2022-08-13 00:45:00.000 -0400,Alan,785.5,3.2,0.38,25.1,1.2,6.78
2022-08-13 01:00:00.000 -0400,Alan,787.1,3.19,0.38,25.07,1.42,6.78
2022-08-13 01:15:00.000 -0400,Alan,789.0,3.2,0.38,25.05,1.3,6.78
2022-08-13 01:30:00.000 -0400,Alan,789.9,3.2,0.38,25.04,1.2,6.78
2022-08-13 01:45:00.000 -0400,Alan,790.8,3.2,0.39,25.02,1.24,6.78
2022-08-13 02:00:00.000 -0400,Alan,792.5,3.2,0.39,25.0,1.19,6.78
2022-08-13 02:15:00.000 -0400,Alan,793.9,3.2,0.39,24.98,1.22,6.78
2022-08-13 02:30:00.000 -0400,Alan,795.3,3.19,0.39,24.96,1.44,6.78
2022-08-13 02:45:00.000 -0400,Alan,796.4,3.21,0.39,24.94,1.56,6.78
2022-08-13 03:00:00.000 -0400,Alan,797.6,3.2,0.39,24.91,1.52,6.78
2022-08-13 03:15:00.000 -0400,Alan,798.8,3.19,0.39,24.89,1.61,6.78
2022-08-13 03:30:00.000 -0400,Alan,799.7,3.2,0.39,24.87,1.63,6.78
2022-08-13 03:45:00.000 -0400,Alan,800.0,3.21,0.39,24.85,1.56,6.78
2022-08-13 04:00:00.000 -0400,Alan,801.0,3.21,0.39,24.82,1.76,6.78
2022-08-13 04:15:00.000 -0400,Alan,801.0,3.2,0.39,24.79,1.75,6.78
2022-08-13 04:30:00.000 -0400,Alan,802.0,3.19,0.39,24.76,1.77,6.78
2022-08-13 04:45:00.000 -0400,Alan,803.0,3.22,0.39,24.73,1.99,6.78
2022-08-13 05:00:00.000 -0400,Alan,804.0,3.22,0.39,24.71,1.75,6.77
2022-08-13 05:15:00.000 -0400,Alan,803.0,3.21,0.39,24.68,1.71,6.77
2022-08-13 05:30:00.000 -0400,Alan,804.0,3.2,0.4,24.65,1.53,6.77
2022-08-13 05:45:00.000 -0400,Alan,804.0,3.19,0.4,24.62,1.77,6.78
2022-08-13 06:00:00.000 -0400,Alan,807.0,3.19,0.4,24.59,1.71,6.78
2022-08-13 06:15:00.000 -0400,Alan,820.0,3.19,0.4,24.55,0.97,6.77
2022-08-13 06:30:00.000 -0400,Alan,796.5,3.2,0.39,24.49,1.36,6.77
2022-08-13 06:45:00.000 -0400,Alan,786.2,3.19,0.39,24.42,0.92,6.77
2022-08-13 07:00:00.000 -0400,Alan,767.2,3.21,0.38,24.39,1.02,6.77
2022-08-13 07:15:00.000 -0400,Alan,797.3,3.92,0.39,24.35,5.82,6.77
2022-08-13 07:30:00.000 -0400,Alan,794.9,3.2,0.39,24.26,0.99,6.79
2022-08-13 07:45:00.000 -0400,Alan,784.5,3.2,0.39,24.2,1.05,6.81
2022-08-13 08:00:00.000 -0400,Alan,780.8,3.2,0.39,24.13,1.06,6.82
2022-08-13 08:15:00.000 -0400,Alan,758.9,3.2,0.38,24.09,0.95,6.83
2022-08-13 08:30:00.000 -0400,Alan,751.2,3.2,0.37,24.04,1.0,6.83
2022-08-13 08:45:00.000 -0400,Alan,767.8,3.2,0.38,24.0,1.03,6.84
2022-08-13 09:00:00.000 -0400,Alan,754.8,3.2,0.38,23.98,1.05,6.84
2022-08-13 09:15:00.000 -0400,Alan,789.2,4.26,0.39,24.01,1.09,6.84
2022-08-13 09:30:00.000 -0400,Alan,825.0,3.21,0.41,23.99,1.02,6.83
2022-08-13 09:45:00.000 -0400,Alan,808.0,3.21,0.4,23.95,0.94,6.82
2022-08-13 10:00:00.000 -0400,Alan,791.4,3.2,0.4,23.92,1.02,6.82
2022-08-13 10:15:00.000 -0400,Alan,742.7,3.21,0.37,23.92,0.96,6.81
2022-08-13 10:30:00.000 -0400,Alan,772.8,3.2,0.39,23.9,0.95,6.78
2022-08-13 10:45:00.000 -0400,Alan,759.2,3.21,0.38,23.93,0.94,6.78
2022-08-13 11:00:00.000 -0400,Alan,787.2,3.21,0.39,23.94,1.01,6.78
2022-08-13 11:15:00.000 -0400,Alan,777.0,3.2,0.39,23.94,1.25,6.79
2022-08-13 11:30:00.000 -0400,Alan,763.9,3.21,0.38,23.97,0.97,6.8
2022-08-13 11:45:00.000 -0400,Alan,771.6,3.22,0.38,24.06,0.98,6.81
2022-08-13 12:00:00.000 -0400,Alan,753.9,3.21,0.38,23.98,0.96,6.81
2022-08-13 12:15:00.000 -0400,Alan,782.0,3.2,0.39,24.01,1.11,6.81
2022-08-13 12:30:00.000 -0400,Alan,823.0,3.2,0.41,24.07,0.95,6.81
2022-08-13 12:45:00.000 -0400,Alan,777.8,3.22,0.39,24.11,1.0,6.81
2022-08-13 13:00:00.000 -0400,Alan,803.0,3.2,0.4,24.07,0.97,6.82
2022-08-13 13:15:00.000 -0400,Alan,773.5,3.2,0.38,24.06,1.03,6.84
2022-08-13 13:30:00.000 -0400,Alan,766.2,3.21,0.38,24.17,1.55,6.86
2022-08-13 13:45:00.000 -0400,Alan,833.0,3.2,0.41,24.19,0.87,6.85
2022-08-13 14:00:00.000 -0400,Alan,784.9,7.17,0.39,24.24,0.94,6.84
2022-08-13 14:15:00.000 -0400,Alan,796.2,3.22,0.4,24.18,0.96,6.84
2022-08-13 14:30:00.000 -0400,Alan,851.0,3.21,0.42,24.23,0.95,6.83
2022-08-13 14:45:00.000 -0400,Alan,769.0,3.2,0.38,24.18,1.07,6.84
2022-08-13 15:00:00.000 -0400,Alan,767.6,3.2,0.38,24.21,1.16,6.83
2022-08-13 15:15:00.000 -0400,Alan,781.9,3.21,0.39,24.31,1.09,6.84
2022-08-13 15:30:00.000 -0400,Alan,773.8,3.2,0.38,24.23,0.88,6.8
2022-08-13 15:45:00.000 -0400,Alan,725.8,25.21,0.36,24.36,65.95,6.8
2022-08-13 16:00:00.000 -0400,Alan,773.7,3.21,0.38,24.31,0.95,6.77
2022-08-13 16:15:00.000 -0400,Alan,786.0,3.2,0.39,24.22,0.89,6.77
2022-08-13 16:30:00.000 -0400,Alan,776.9,3.2,0.38,24.23,0.97,6.78
2022-08-13 16:45:00.000 -0400,Alan,802.0,3.25,0.4,24.4,1.5,6.82
2022-08-13 17:00:00.000 -0400,Alan,773.9,3.27,0.38,24.44,1.09,6.83
2022-08-13 17:15:00.000 -0400,Alan,826.0,3.21,0.41,24.42,0.9,6.82
2022-08-13 17:30:00.000 -0400,Alan,818.0,3.24,0.4,24.43,0.91,6.81
2022-08-13 17:45:00.000 -0400,Alan,809.0,3.2,0.4,24.46,1.0,6.81
2022-08-13 18:00:00.000 -0400,Alan,881.0,3.2,0.44,24.36,0.96,6.8
2022-08-13 18:15:00.000 -0400,Alan,880.0,3.2,0.44,24.37,0.97,6.8
2022-08-13 18:30:00.000 -0400,Alan,882.0,3.22,0.44,24.37,1.0,6.8
2022-08-13 18:45:00.000 -0400,Alan,887.0,3.2,0.44,24.38,1.04,6.8
2022-08-13 19:00:00.000 -0400,Alan,891.0,3.2,0.44,24.37,1.0,6.8
2022-08-13 19:15:00.000 -0400,Alan,892.0,3.22,0.44,24.37,1.07,6.8
2022-08-13 19:30:00.000 -0400,Alan,894.0,3.2,0.44,24.36,1.07,6.8
2022-08-13 19:45:00.000 -0400,Alan,893.0,3.2,0.44,24.36,1.05,6.8
2022-08-13 20:00:00.000 -0400,Alan,894.0,3.22,0.44,24.36,1.05,6.8
2022-08-13 20:15:00.000 -0400,Alan,894.0,3.2,0.44,24.35,1.04,6.8
2022-08-13 20:30:00.000 -0400,Alan,893.0,3.2,0.44,24.34,1.05,6.8
2022-08-13 20:45:00.000 -0400,Alan,894.0,3.22,0.44,24.33,1.12,6.79
2022-08-13 21:00:00.000 -0400,Alan,894.0,3.22,0.44,24.32,1.08,6.79
2022-08-13 21:15:00.000 -0400,Alan,894.0,3.2,0.44,24.32,1.06,6.79
2022-08-13 21:30:00.000 -0400,Alan,894.0,3.2,0.44,24.31,1.08,6.79
2022-08-13 21:45:00.000 -0400,Alan,895.0,3.21,0.45,24.3,1.02,6.79
2022-08-13 22:00:00.000 -0400,Alan,894.0,3.21,0.44,24.29,1.05,6.79
2022-08-13 22:15:00.000 -0400,Alan,894.0,3.22,0.45,24.28,1.14,6.79
2022-08-13 22:30:00.000 -0400,Alan,896.0,3.21,0.45,24.28,1.21,6.79
2022-08-13 22:45:00.000 -0400,Alan,896.0,3.2,0.45,24.27,1.2,6.78
2022-08-13 23:00:00.000 -0400,Alan,897.0,3.22,0.45,24.27,1.19,6.79
2022-08-13 23:15:00.000 -0400,Alan,898.0,3.22,0.45,24.27,1.24,6.78
2022-08-13 23:30:00.000 -0400,Alan,897.0,3.2,0.45,24.26,1.27,6.78
2022-08-13 23:45:00.000 -0400,Alan,897.0,3.21,0.45,24.26,1.22,6.78
2022-08-14 00:00:00.000 -0400,Alan,898.0,3.21,0.45,24.25,1.34,6.78
2022-08-14 00:15:00.000 -0400,Alan,898.0,3.2,0.45,24.25,1.34,6.78
2022-08-14 00:30:00.000 -0400,Alan,898.0,3.21,0.45,24.25,1.4,6.78
2022-08-14 00:45:00.000 -0400,Alan,899.0,3.22,0.45,24.24,1.37,6.78
2022-08-14 01:00:00.000 -0400,Alan,899.0,3.2,0.45,24.24,1.25,6.78
2022-08-14 01:15:00.000 -0400,Alan,900.0,3.21,0.45,24.24,1.13,6.78
2022-08-14 01:30:00.000 -0400,Alan,900.0,3.21,0.45,24.23,1.21,6.77
2022-08-14 01:45:00.000 -0400,Alan,900.0,3.2,0.45,24.22,1.24,6.77
2022-08-14 02:00:00.000 -0400,Alan,900.0,3.21,0.45,24.21,1.31,6.77
2022-08-14 02:15:00.000 -0400,Alan,901.0,3.21,0.45,24.2,1.37,6.77
2022-08-14 02:30:00.000 -0400,Alan,900.0,3.2,0.45,24.19,1.35,6.77
2022-08-14 02:45:00.000 -0400,Alan,901.0,3.21,0.45,24.17,1.35,6.77
2022-08-14 03:00:00.000 -0400,Alan,901.0,3.2,0.45,24.15,1.39,6.77
2022-08-14 03:15:00.000 -0400,Alan,901.0,3.2,0.45,24.13,1.44,6.77
2022-08-14 03:30:00.000 -0400,Alan,901.0,3.2,0.45,24.11,1.34,6.77
2022-08-14 03:45:00.000 -0400,Alan,902.0,3.2,0.45,24.09,1.26,6.76
2022-08-14 04:00:00.000 -0400,Alan,903.0,3.2,0.45,24.06,1.34,6.77
2022-08-14 04:15:00.000 -0400,Alan,903.0,3.2,0.45,24.03,1.61,6.77
2022-08-14 04:30:00.000 -0400,Alan,903.0,3.2,0.45,23.99,1.64,6.76
2022-08-14 04:45:00.000 -0400,Alan,903.0,3.2,0.45,23.95,1.64,6.76
2022-08-14 05:00:00.000 -0400,Alan,903.0,3.2,0.45,23.91,1.56,6.76
2022-08-14 05:15:00.000 -0400,Alan,903.0,3.2,0.45,23.87,1.48,6.76
2022-08-14 05:30:00.000 -0400,Alan,902.0,3.19,0.45,23.83,1.49,6.76
2022-08-14 05:45:00.000 -0400,Alan,903.0,3.19,0.45,23.8,1.42,6.76
2022-08-14 06:00:00.000 -0400,Alan,903.0,3.2,0.45,23.76,1.43,6.76
2022-08-14 06:15:00.000 -0400,Alan,903.0,3.2,0.45,23.72,1.44,6.76
2022-08-14 06:30:00.000 -0400,Alan,902.0,3.2,0.46,23.67,1.44,6.76
2022-08-14 06:45:00.000 -0400,Alan,902.0,3.2,0.46,23.62,1.32,6.76
2022-08-14 07:00:00.000 -0400,Alan,901.0,3.2,0.46,23.57,1.15,6.76
2022-08-14 07:15:00.000 -0400,Alan,901.0,3.2,0.46,23.53,1.23,6.76
2022-08-14 07:30:00.000 -0400,Alan,901.0,3.2,0.46,23.49,1.24,6.76
2022-08-14 07:45:00.000 -0400,Alan,901.0,3.2,0.46,23.45,1.26,6.76
2022-08-14 08:00:00.000 -0400,Alan,901.0,3.18,0.46,23.43,1.15,6.76
2022-08-14 08:15:00.000 -0400,Alan,899.0,3.2,0.46,23.39,1.14,6.75
2022-08-14 08:30:00.000 -0400,Alan,900.0,3.2,0.46,23.34,1.22,6.77
2022-08-14 08:45:00.000 -0400,Alan,892.0,3.2,0.45,23.29,1.14,6.77
2022-08-14 09:00:00.000 -0400,Alan,890.0,3.2,0.45,23.27,1.05,6.77
2022-08-14 09:15:00.000 -0400,Alan,886.0,3.2,0.45,23.27,1.04,6.77
2022-08-14 09:30:00.000 -0400,Alan,876.0,3.2,0.45,23.25,1.08,6.77
2022-08-14 09:45:00.000 -0400,Alan,879.0,3.2,0.45,23.27,1.08,6.77
2022-08-14 10:00:00.000 -0400,Alan,865.0,3.2,0.44,23.25,0.97,6.77
2022-08-14 10:15:00.000 -0400,Alan,880.0,3.2,0.45,23.23,0.97,6.76
2022-08-14 10:30:00.000 -0400,Alan,878.0,3.2,0.45,23.23,0.9,6.76
2022-08-14 10:45:00.000 -0400,Alan,878.0,3.2,0.45,23.24,1.03,6.77
2022-08-14 11:00:00.000 -0400,Alan,877.0,3.2,0.45,23.25,0.98,6.77
2022-08-14 11:15:00.000 -0400,Alan,709.8,86.1,0.34,25.33,7.36,7.38
2022-08-14 11:30:00.000 -0400,Alan,698.1,84.1,0.34,24.44,8.49,7.4
2022-08-14 11:45:00.000 -0400,Alan,697.6,85.1,0.34,24.44,6.71,7.39
2022-08-14 12:00:00.000 -0400,Alan,698.9,85.1,0.34,24.38,7.03,7.4
2022-08-14 12:15:00.000 -0400,Alan,700.3,84.6,0.34,24.62,7.54,7.38
2022-08-14 12:30:00.000 -0400,Alan,701.2,84.5,0.34,24.55,8.87,7.37
2022-08-14 12:45:00.000 -0400,Alan,701.9,86.7,0.34,24.55,6.34,7.39
2022-08-14 13:00:00.000 -0400,Alan,702.2,86.2,0.34,24.75,7.54,7.38
2022-08-14 13:15:00.000 -0400,Alan,703.1,84.3,0.34,24.88,7.83,7.37
2022-08-14 13:30:00.000 -0400,Alan,704.4,85.1,0.34,24.75,7.98,7.37
2022-08-14 13:45:00.000 -0400,Alan,703.9,87.1,0.34,24.96,7.68,7.38
2022-08-14 14:00:00.000 -0400,Alan,703.2,89.2,0.34,25.06,7.64,7.4
2022-08-14 14:15:00.000 -0400,Alan,705.5,84.7,0.34,25.03,7.19,7.38
2022-08-14 14:30:00.000 -0400,Alan,704.4,90.1,0.34,25.08,8.5,7.41
2022-08-14 14:45:00.000 -0400,Alan,707.6,87.7,0.34,24.86,6.74,7.37
2022-08-14 15:00:00.000 -0400,Alan,705.3,88.5,0.34,24.9,6.56,7.39
2022-08-14 15:15:00.000 -0400,Alan,705.5,91.2,0.34,25.17,6.5,7.41
2022-08-14 15:30:00.000 -0400,Alan,707.6,92.4,0.34,25.1,7.86,7.4
2022-08-14 15:45:00.000 -0400,Alan,706.4,94.7,0.34,25.08,6.93,7.44
2022-08-14 16:00:00.000 -0400,Alan,704.8,90.1,0.34,25.0,5.52,7.39
2022-08-14 16:15:00.000 -0400,Alan,704.0,93.9,0.34,25.15,5.16,7.43
2022-08-14 16:30:00.000 -0400,Alan,704.6,86.6,0.34,25.15,5.85,7.38
2022-08-14 16:45:00.000 -0400,Alan,708.2,83.3,0.34,25.2,6.03,7.36
2022-08-14 17:00:00.000 -0400,Alan,706.0,91.8,0.34,25.28,7.2,7.42
2022-08-14 17:15:00.000 -0400,Alan,706.9,95.9,0.34,25.28,6.45,7.43
2022-08-14 17:30:00.000 -0400,Alan,707.3,95.7,0.34,25.35,5.15,7.45
2022-08-14 17:45:00.000 -0400,Alan,707.9,95.8,0.34,25.24,5.48,7.44
2022-08-14 18:00:00.000 -0400,Alan,707.9,96.3,0.34,25.39,4.93,7.47
2022-08-14 18:15:00.000 -0400,Alan,707.6,96.7,0.34,25.3,7.55,7.44
2022-08-14 18:30:00.000 -0400,Alan,708.6,97.2,0.34,25.41,4.86,7.47
2022-08-14 18:45:00.000 -0400,Alan,708.0,101.3,0.34,25.37,5.9,7.47
2022-08-14 19:00:00.000 -0400,Alan,707.5,104.4,0.34,25.4,4.56,7.5
2022-08-14 19:15:00.000 -0400,Alan,708.1,95.3,0.34,25.33,5.47,7.5
2022-08-14 19:30:00.000 -0400,Alan,709.2,100.7,0.34,25.41,6.18,7.47
2022-08-14 19:45:00.000 -0400,Alan,708.6,99.8,0.34,25.39,4.61,7.47
2022-08-14 20:00:00.000 -0400,Alan,708.6,99.7,0.34,25.4,5.05,7.47
2022-08-14 20:15:00.000 -0400,Alan,711.5,96.4,0.34,25.36,5.01,7.46
2022-08-14 20:30:00.000 -0400,Alan,712.2,99.1,0.34,25.39,4.94,7.43
2022-08-14 20:45:00.000 -0400,Alan,710.2,105.9,0.34,25.38,4.33,7.49
2022-08-14 21:00:00.000 -0400,Alan,712.4,101.6,0.34,25.36,4.02,7.45
2022-08-14 21:15:00.000 -0400,Alan,713.5,93.9,0.34,25.39,4.4,7.41
2022-08-14 21:30:00.000 -0400,Alan,712.8,94.5,0.34,25.39,4.73,7.41
2022-08-14 21:45:00.000 -0400,Alan,710.4,97.1,0.34,25.42,3.92,7.42
2022-08-14 22:00:00.000 -0400,Alan,710.6,94.9,0.34,25.39,3.21,7.42
2022-08-14 22:15:00.000 -0400,Alan,709.9,98.7,0.34,25.39,8.04,7.43
2022-08-14 22:30:00.000 -0400,Alan,710.0,76.65,0.34,25.38,3.35,7.4
2022-08-14 22:45:00.000 -0400,Alan,711.5,85.6,0.34,25.36,3.03,7.38
2022-08-14 23:00:00.000 -0400,Alan,711.9,82.1,0.34,25.35,2.37,7.34
2022-08-14 23:15:00.000 -0400,Alan,712.8,83.7,0.34,25.36,3.18,7.36
2022-08-14 23:30:00.000 -0400,Alan,714.2,79.23,0.34,25.35,3.47,7.32
2022-08-14 23:45:00.000 -0400,Alan,732.9,74.28,0.35,25.36,11.35,7.24
2022-08-15 00:00:00.000 -0400,Alan,829.0,65.98,0.4,25.47,3.35,7.09
2022-08-15 00:15:00.000 -0400,Alan,819.0,55.54,0.4,25.49,4.5,7.06
2022-08-15 00:30:00.000 -0400,Alan,842.0,47.87,0.41,25.51,4.58,7.02
2022-08-15 00:45:00.000 -0400,Alan,771.0,68.92,0.37,25.34,4.45,7.15
2022-08-15 01:00:00.000 -0400,Alan,753.9,72.34,0.36,25.3,3.76,7.17
2022-08-15 01:15:00.000 -0400,Alan,757.5,75.51,0.37,25.27,5.9,7.22
2022-08-15 01:30:00.000 -0400,Alan,767.2,80.8,0.37,25.25,6.7,7.19
2022-08-15 01:45:00.000 -0400,Alan,740.6,82.9,0.36,25.14,11.44,7.28
2022-08-15 02:00:00.000 -0400,Alan,740.2,81.6,0.36,25.12,10.31,7.26
2022-08-15 02:15:00.000 -0400,Alan,744.0,76.45,0.36,25.09,7.11,7.21
2022-08-15 02:30:00.000 -0400,Alan,733.6,80.7,0.36,25.0,4.73,7.28
2022-08-15 02:45:00.000 -0400,Alan,736.3,79.32,0.36,24.98,2.95,7.25
2022-08-15 03:00:00.000 -0400,Alan,733.8,79.92,0.36,24.92,5.34,7.27
2022-08-15 03:15:00.000 -0400,Alan,736.9,78.9,0.36,24.89,5.88,7.25
2022-08-15 03:30:00.000 -0400,Alan,733.9,79.87,0.36,24.82,6.21,7.26
2022-08-15 03:45:00.000 -0400,Alan,727.6,79.96,0.36,24.78,8.3,7.27
2022-08-15 04:00:00.000 -0400,Alan,731.1,80.4,0.36,24.7,4.54,7.26
2022-08-15 04:15:00.000 -0400,Alan,715.8,77.55,0.35,24.65,3.6,7.28
2022-08-15 04:30:00.000 -0400,Alan,721.1,77.82,0.35,24.61,5.61,7.27
2022-08-15 04:45:00.000 -0400,Alan,724.9,74.98,0.36,24.54,4.07,7.25
2022-08-15 05:00:00.000 -0400,Alan,722.4,73.53,0.35,24.5,5.53,7.26
2022-08-15 05:15:00.000 -0400,Alan,709.9,73.58,0.35,24.44,5.79,7.33
2022-08-15 05:30:00.000 -0400,Alan,722.2,73.41,0.36,24.41,6.61,7.25
2022-08-15 05:45:00.000 -0400,Alan,719.7,66.96,0.35,24.36,6.22,7.24
2022-08-15 06:00:00.000 -0400,Alan,718.7,72.17,0.35,24.31,3.89,7.26
2022-08-15 06:15:00.000 -0400,Alan,712.8,70.18,0.35,24.27,6.41,7.27
2022-08-15 06:30:00.000 -0400,Alan,706.8,72.24,0.35,24.23,2.21,7.29
2022-08-15 06:45:00.000 -0400,Alan,709.6,71.48,0.35,24.21,4.97,7.29
2022-08-15 07:00:00.000 -0400,Alan,709.4,73.03,0.35,24.19,5.93,7.28
2022-08-15 07:15:00.000 -0400,Alan,715.8,74.89,0.35,24.19,6.35,7.29
2022-08-15 07:30:00.000 -0400,Alan,717.8,75.04,0.36,24.15,8.32,7.28
2022-08-15 07:45:00.000 -0400,Alan,718.0,76.04,0.36,24.13,5.92,7.28
2022-08-15 08:00:00.000 -0400,Alan,715.8,77.66,0.35,24.12,6.09,7.28
2022-08-15 08:15:00.000 -0400,Alan,716.6,78.21,0.35,24.12,4.81,7.29
2022-08-15 08:30:00.000 -0400,Alan,716.9,79.0,0.36,24.09,7.26,7.29
2022-08-15 08:45:00.000 -0400,Alan,716.3,78.59,0.35,24.1,11.68,7.29
2022-08-15 09:00:00.000 -0400,Alan,712.5,79.11,0.35,24.11,5.58,7.31
2022-08-15 09:15:00.000 -0400,Alan,710.9,81.6,0.35,24.11,7.06,7.34
2022-08-15 09:30:00.000 -0400,Alan,708.5,85.4,0.35,24.12,4.93,7.36
2022-08-15 09:45:00.000 -0400,Alan,708.2,86.2,0.35,24.14,5.99,7.37
2022-08-15 10:00:00.000 -0400,Alan,707.1,87.9,0.35,24.16,9.42,7.4
2022-08-15 10:15:00.000 -0400,Alan,707.5,88.6,0.35,24.17,8.97,7.39
2022-08-15 10:30:00.000 -0400,Alan,705.0,88.9,0.35,24.14,6.39,7.4
2022-08-15 10:45:00.000 -0400,Alan,706.5,85.5,0.35,24.12,7.5,7.35
2022-08-15 11:00:00.000 -0400,Alan,705.2,92.9,0.35,24.21,8.16,7.43
2022-08-15 11:15:00.000 -0400,Alan,705.2,92.3,0.35,24.2,6.99,7.42
2022-08-15 11:30:00.000 -0400,Alan,705.9,86.5,0.35,24.23,6.78,7.42
2022-08-15 11:45:00.000 -0400,Alan,706.7,92.0,0.35,24.24,8.11,7.41
2022-08-15 12:00:00.000 -0400,Alan,707.3,91.8,0.35,24.3,8.49,7.4
2022-08-15 12:15:00.000 -0400,Alan,706.2,93.4,0.35,24.3,7.42,7.42
2022-08-15 12:30:00.000 -0400,Alan,706.2,92.4,0.35,24.35,8.63,7.44
2022-08-15 12:45:00.000 -0400,Alan,705.4,98.5,0.35,24.42,7.96,7.46
2022-08-15 13:00:00.000 -0400,Alan,706.2,98.5,0.35,24.41,7.29,7.45
2022-08-15 13:15:00.000 -0400,Alan,706.8,93.0,0.35,24.36,7.17,7.43
2022-08-15 13:30:00.000 -0400,Alan,706.7,96.9,0.35,24.46,6.83,7.45
2022-08-15 13:45:00.000 -0400,Alan,706.3,95.5,0.35,24.45,8.61,7.45
2022-08-15 14:00:00.000 -0400,Alan,708.4,97.5,0.35,24.57,6.08,7.45
2022-08-15 14:15:00.000 -0400,Alan,708.4,98.1,0.35,24.62,6.11,7.44
2022-08-15 14:30:00.000 -0400,Alan,710.1,92.4,0.35,24.55,5.16,7.41
2022-08-15 14:45:00.000 -0400,Alan,707.6,98.9,0.35,24.65,5.56,7.47
2022-08-15 15:00:00.000 -0400,Alan,707.5,103.6,0.35,24.75,7.43,7.5
2022-08-15 15:15:00.000 -0400,Alan,679.0,99.4,0.33,24.62,7.42,7.46
2022-08-15 15:30:00.000 -0400,Alan,677.1,107.8,0.33,24.83,6.8,7.53
2022-08-15 15:45:00.000 -0400,Alan,707.9,103.5,0.35,24.73,7.04,7.48
2022-08-15 16:00:00.000 -0400,Alan,708.0,107.4,0.35,24.81,6.35,7.5
2022-08-15 16:15:00.000 -0400,Alan,708.9,104.3,0.35,24.81,6.67,7.51
2022-08-15 16:30:00.000 -0400,Alan,708.7,108.0,0.35,24.89,7.03,7.54
2022-08-15 16:45:00.000 -0400,Alan,709.2,107.0,0.35,24.93,7.1,7.53
2022-08-15 17:00:00.000 -0400,Alan,710.6,107.0,0.35,24.98,6.25,7.55
2022-08-15 17:15:00.000 -0400,Alan,710.1,112.1,0.35,24.97,5.31,7.53
2022-08-15 17:30:00.000 -0400,Alan,710.4,106.4,0.35,24.91,5.37,7.52
2022-08-15 17:45:00.000 -0400,Alan,712.2,114.4,0.35,25.06,7.2,7.6
2022-08-15 18:00:00.000 -0400,Alan,711.3,114.4,0.35,25.0,6.47,7.55
2022-08-15 18:15:00.000 -0400,Alan,711.2,109.7,0.35,25.03,4.81,7.57
2022-08-15 18:30:00.000 -0400,Alan,711.6,112.9,0.35,25.04,4.72,7.58
2022-08-15 18:45:00.000 -0400,Alan,712.0,116.8,0.35,25.05,6.72,7.6
2022-08-15 19:00:00.000 -0400,Alan,711.8,113.4,0.35,25.1,4.35,7.57
2022-08-15 19:15:00.000 -0400,Alan,711.4,116.5,0.34,25.1,4.65,7.58
2022-08-15 19:30:00.000 -0400,Alan,712.3,115.4,0.35,25.12,10.38,7.61
2022-08-15 19:45:00.000 -0400,Alan,712.2,114.1,0.35,25.1,4.44,7.59
2022-08-15 20:00:00.000 -0400,Alan,715.9,106.2,0.35,25.13,3.3,7.51
2022-08-15 20:15:00.000 -0400,Alan,713.2,114.1,0.35,25.14,2.55,7.54
2022-08-15 20:30:00.000 -0400,Alan,717.8,103.8,0.35,25.14,9.73,7.46
2022-08-15 20:45:00.000 -0400,Alan,715.6,105.9,0.35,25.14,3.33,7.48
2022-08-15 21:00:00.000 -0400,Alan,712.6,108.2,0.34,25.16,3.02,7.53
2022-08-15 21:15:00.000 -0400,Alan,712.8,108.5,0.35,25.15,4.91,7.54
2022-08-15 21:30:00.000 -0400,Alan,712.9,103.2,0.35,25.17,2.99,7.53
2022-08-15 21:45:00.000 -0400,Alan,718.0,101.2,0.35,25.17,2.62,7.47
2022-08-15 22:00:00.000 -0400,Alan,717.8,102.5,0.35,25.15,3.32,7.49
2022-08-15 22:15:00.000 -0400,Alan,716.1,101.9,0.35,25.14,6.3,7.48
2022-08-15 22:30:00.000 -0400,Alan,718.1,102.7,0.35,25.12,3.69,7.47
2022-08-15 22:45:00.000 -0400,Alan,725.2,99.7,0.35,25.14,2.47,7.42
2022-08-15 23:00:00.000 -0400,Alan,726.6,99.0,0.35,25.16,4.9,7.41
2022-08-15 23:15:00.000 -0400,Alan,722.1,100.3,0.35,25.12,2.99,7.44
2022-08-15 23:30:00.000 -0400,Alan,715.6,104.0,0.35,25.07,2.2,7.48
2022-08-15 23:45:00.000 -0400,Alan,722.1,101.4,0.35,25.1,3.34,7.45
2022-08-16 00:00:00.000 -0400,Alan,755.4,90.3,0.37,25.18,2.77,7.26
2022-08-16 00:15:00.000 -0400,Alan,777.4,85.0,0.38,25.21,4.07,7.21
2022-08-16 00:30:00.000 -0400,Alan,769.5,77.8,0.37,25.18,3.75,7.17
2022-08-16 00:45:00.000 -0400,Alan,786.7,82.7,0.38,25.18,3.5,7.15
2022-08-16 01:00:00.000 -0400,Alan,767.2,82.8,0.37,25.14,5.95,7.19
2022-08-16 01:15:00.000 -0400,Alan,766.9,91.0,0.37,25.11,9.12,7.25
2022-08-16 01:30:00.000 -0400,Alan,772.1,83.8,0.38,25.06,4.04,7.2
2022-08-16 01:45:00.000 -0400,Alan,793.4,72.94,0.39,25.08,5.23,7.12
2022-08-16 02:00:00.000 -0400,Alan,754.1,96.3,0.37,24.96,7.64,7.27
2022-08-16 02:15:00.000 -0400,Alan,749.8,79.61,0.37,24.9,4.04,7.27
2022-08-16 02:30:00.000 -0400,Alan,752.5,94.1,0.37,24.86,5.84,7.29
2022-08-16 02:45:00.000 -0400,Alan,752.4,76.87,0.37,24.82,8.41,7.23
2022-08-16 03:00:00.000 -0400,Alan,749.2,85.8,0.37,24.75,6.67,7.3
2022-08-16 03:15:00.000 -0400,Alan,751.5,75.61,0.37,24.76,5.48,7.18
2022-08-16 03:30:00.000 -0400,Alan,769.1,71.33,0.38,24.71,4.13,7.15
2022-08-16 03:45:00.000 -0400,Alan,767.8,74.81,0.38,24.65,5.4,7.17
2022-08-16 04:00:00.000 -0400,Alan,770.8,69.82,0.38,24.61,5.22,7.12
2022-08-16 04:15:00.000 -0400,Alan,756.5,75.69,0.37,24.53,5.53,7.22
2022-08-16 04:30:00.000 -0400,Alan,719.6,76.66,0.35,24.43,4.73,7.28
2022-08-16 04:45:00.000 -0400,Alan,731.3,74.87,0.36,24.41,5.61,7.26
2022-08-16 05:00:00.000 -0400,Alan,728.2,77.01,0.36,24.34,4.39,7.29
2022-08-16 05:15:00.000 -0400,Alan,717.3,71.82,0.35,24.3,3.92,7.3
2022-08-16 05:30:00.000 -0400,Alan,731.7,77.25,0.36,24.25,8.02,7.29
2022-08-16 05:45:00.000 -0400,Alan,714.9,75.29,0.35,24.19,243.8,7.33
2022-08-16 06:00:00.000 -0400,Alan,713.3,76.07,0.35,24.13,251.6,7.37
2022-08-16 06:15:00.000 -0400,Alan,713.4,76.42,0.35,24.08,252.2,7.33
2022-08-16 06:30:00.000 -0400,Alan,710.5,81.5,0.35,24.04,247.6,7.37
2022-08-16 06:45:00.000 -0400,Alan,710.3,82.3,0.35,23.99,10.35,7.37
2022-08-16 07:00:00.000 -0400,Alan,712.6,80.0,0.35,23.97,7.66,7.36
2022-08-16 07:15:00.000 -0400,Alan,712.9,79.9,0.35,23.94,7.92,7.35
2022-08-16 07:30:00.000 -0400,Alan,715.2,79.01,0.36,23.9,5.2,7.31
2022-08-16 07:45:00.000 -0400,Alan,713.9,81.6,0.36,23.88,5.89,7.33
2022-08-16 08:00:00.000 -0400,Alan,712.7,81.9,0.35,23.87,5.96,7.36
2022-08-16 08:15:00.000 -0400,Alan,712.1,82.2,0.35,23.84,5.89,7.35
2022-08-16 08:30:00.000 -0400,Alan,715.3,86.6,0.36,23.84,8.43,7.37
2022-08-16 08:45:00.000 -0400,Alan,711.5,86.2,0.35,23.81,5.43,7.37
2022-08-16 09:00:00.000 -0400,Alan,712.5,87.1,0.35,23.83,7.01,7.38
2022-08-16 09:15:00.000 -0400,Alan,710.5,88.4,0.35,23.83,7.56,7.39
2022-08-16 09:30:00.000 -0400,Alan,710.7,90.4,0.35,23.84,7.14,7.4
2022-08-16 09:45:00.000 -0400,Alan,712.6,85.7,0.36,23.79,7.26,7.37
2022-08-16 10:00:00.000 -0400,Alan,708.4,90.6,0.35,23.83,7.82,7.41
2022-08-16 10:15:00.000 -0400,Alan,708.9,92.2,0.35,23.87,6.51,7.42
2022-08-16 10:30:00.000 -0400,Alan,708.1,91.5,0.35,23.87,5.71,7.42
2022-08-16 10:45:00.000 -0400,Alan,707.5,93.1,0.35,23.88,7.92,7.43
2022-08-16 11:00:00.000 -0400,Alan,708.1,97.9,0.35,23.98,7.43,7.46
2022-08-16 11:15:00.000 -0400,Alan,707.3,99.7,0.35,24.03,9.73,7.48
2022-08-16 11:30:00.000 -0400,Alan,710.0,99.9,0.35,24.04,8.51,7.48
2022-08-16 11:45:00.000 -0400,Alan,707.8,99.5,0.35,24.01,10.55,7.49
2022-08-16 12:00:00.000 -0400,Alan,706.7,104.7,0.35,24.05,11.61,7.51
2022-08-16 12:15:00.000 -0400,Alan,706.9,102.5,0.35,24.07,8.54,7.51
2022-08-16 12:30:00.000 -0400,Alan,708.3,104.0,0.35,24.08,8.96,7.51
2022-08-16 12:45:00.000 -0400,Alan,708.7,106.2,0.35,24.16,10.83,7.54
2022-08-16 13:00:00.000 -0400,Alan,709.6,109.8,0.35,24.16,7.66,7.57
2022-08-16 13:15:00.000 -0400,Alan,709.6,115.3,0.35,24.15,10.38,7.59
2022-08-16 13:30:00.000 -0400,Alan,709.3,114.4,0.35,24.28,11.54,7.6
2022-08-16 13:45:00.000 -0400,Alan,709.7,113.6,0.35,24.34,10.97,7.6
2022-08-16 14:00:00.000 -0400,Alan,710.4,120.4,0.35,24.42,9.83,7.65
2022-08-16 14:15:00.000 -0400,Alan,709.3,122.3,0.35,24.43,11.07,7.67
2022-08-16 14:30:00.000 -0400,Alan,709.9,118.8,0.35,24.32,10.16,7.65
2022-08-16 14:45:00.000 -0400,Alan,710.5,118.1,0.35,24.41,10.71,7.62
2022-08-16 15:00:00.000 -0400,Alan,711.3,133.9,0.35,24.58,12.31,7.79
2022-08-16 15:15:00.000 -0400,Alan,711.5,132.2,0.35,24.51,10.73,7.76
2022-08-16 15:30:00.000 -0400,Alan,712.9,139.4,0.35,24.73,8.19,7.84
2022-08-16 15:45:00.000 -0400,Alan,711.7,125.0,0.35,24.49,11.22,7.7
2022-08-16 16:00:00.000 -0400,Alan,712.0,131.6,0.35,24.6,11.99,7.79
2022-08-16 16:15:00.000 -0400,Alan,710.8,123.7,0.35,24.51,7.34,7.68
2022-08-16 16:30:00.000 -0400,Alan,711.2,125.1,0.35,24.5,9.49,7.72
2022-08-16 16:45:00.000 -0400,Alan,712.0,132.0,0.35,24.53,6.51,7.77
2022-08-16 17:00:00.000 -0400,Alan,712.1,127.4,0.35,24.6,8.55,7.72
2022-08-16 17:15:00.000 -0400,Alan,712.6,135.6,0.35,24.62,12.53,7.8
2022-08-16 17:30:00.000 -0400,Alan,713.2,148.3,0.35,24.64,9.02,7.95
2022-08-16 17:45:00.000 -0400,Alan,713.8,148.9,0.35,24.62,9.63,7.93
2022-08-16 18:00:00.000 -0400,Alan,714.7,149.0,0.35,24.73,24.79,8.04
2022-08-16 18:15:00.000 -0400,Alan,714.6,146.8,0.35,24.74,11.82,7.99
2022-08-16 18:30:00.000 -0400,Alan,713.9,145.1,0.35,24.69,9.62,7.91
2022-08-16 18:45:00.000 -0400,Alan,713.4,140.7,0.35,24.72,6.43,7.89
2022-08-16 19:00:00.000 -0400,Alan,712.9,139.6,0.35,24.7,10.38,7.85
2022-08-16 19:15:00.000 -0400,Alan,712.3,131.4,0.35,24.68,7.57,7.76
2022-08-16 19:30:00.000 -0400,Alan,712.3,129.0,0.35,24.69,7.81,7.75
2022-08-16 19:45:00.000 -0400,Alan,712.9,130.6,0.35,24.72,6.24,7.75
2022-08-16 20:00:00.000 -0400,Alan,714.1,136.0,0.35,24.71,7.29,7.79
2022-08-16 20:15:00.000 -0400,Alan,713.7,138.2,0.35,24.72,8.54,7.84
2022-08-16 20:30:00.000 -0400,Alan,714.4,148.8,0.35,24.71,8.11,7.92
2022-08-16 20:45:00.000 -0400,Alan,714.6,147.2,0.35,24.73,5.18,7.92
2022-08-16 21:00:00.000 -0400,Alan,715.2,151.5,0.35,24.75,13.37,7.97
2022-08-16 21:15:00.000 -0400,Alan,715.6,150.9,0.35,24.76,5.77,7.93
2022-08-16 21:30:00.000 -0400,Alan,715.8,150.5,0.35,24.78,16.42,7.96
2022-08-16 21:45:00.000 -0400,Alan,715.7,150.2,0.35,24.79,10.33,7.93
2022-08-16 22:00:00.000 -0400,Alan,715.1,149.1,0.35,24.67,5.57,7.91
2022-08-16 22:15:00.000 -0400,Alan,716.7,138.0,0.35,24.75,5.27,7.89
2022-08-16 22:30:00.000 -0400,Alan,715.3,138.1,0.35,24.71,5.42,7.83
2022-08-16 22:45:00.000 -0400,Alan,716.6,144.3,0.35,24.76,4.07,7.86
2022-08-16 23:00:00.000 -0400,Alan,715.2,143.3,0.35,24.76,7.13,7.86
2022-08-16 23:15:00.000 -0400,Alan,728.7,141.0,0.36,24.78,6.57,7.81
2022-08-16 23:30:00.000 -0400,Alan,721.3,139.2,0.35,24.77,5.29,7.77
2022-08-16 23:45:00.000 -0400,Alan,721.4,139.6,0.35,24.76,4.31,7.78
2022-08-17 00:00:00.000 -0400,Alan,720.1,138.2,0.35,24.76,4.78,7.77
2022-08-17 00:15:00.000 -0400,Alan,716.7,136.3,0.35,24.73,3.89,7.77
2022-08-17 00:30:00.000 -0400,Alan,727.3,132.2,0.36,24.74,4.16,7.64
2022-08-17 00:45:00.000 -0400,Alan,732.5,130.5,0.36,24.75,29.5,7.6
2022-08-17 01:00:00.000 -0400,Alan,738.2,127.7,0.36,24.76,5.56,7.55
2022-08-17 01:15:00.000 -0400,Alan,788.1,106.3,0.39,24.85,5.52,7.29
2022-08-17 01:30:00.000 -0400,Alan,795.9,95.6,0.39,24.87,4.97,7.18
2022-08-17 01:45:00.000 -0400,Alan,778.5,101.1,0.38,24.83,4.88,7.26
2022-08-17 02:00:00.000 -0400,Alan,778.2,99.8,0.38,24.78,3.55,7.25
2022-08-17 02:15:00.000 -0400,Alan,768.8,104.9,0.38,24.76,7.16,7.29
2022-08-17 02:30:00.000 -0400,Alan,773.1,100.9,0.38,24.73,15.16,7.28
2022-08-17 02:45:00.000 -0400,Alan,771.6,103.3,0.38,24.71,8.44,7.29
2022-08-17 03:00:00.000 -0400,Alan,757.2,109.0,0.37,24.65,9.51,7.42
2022-08-17 03:15:00.000 -0400,Alan,760.9,101.6,0.37,24.6,6.25,7.3
2022-08-17 03:30:00.000 -0400,Alan,769.3,95.0,0.38,24.6,5.65,7.26
2022-08-17 03:45:00.000 -0400,Alan,763.4,92.6,0.38,24.56,7.15,7.27
2022-08-17 04:00:00.000 -0400,Alan,770.0,95.7,0.38,24.51,4.86,7.27
2022-08-17 04:15:00.000 -0400,Alan,767.5,91.3,0.38,24.48,13.55,7.23
2022-08-17 04:30:00.000 -0400,Alan,752.1,90.1,0.37,24.41,4.59,7.27
2022-08-17 04:45:00.000 -0400,Alan,762.7,88.5,0.38,24.38,6.64,7.24
2022-08-17 05:00:00.000 -0400,Alan,767.8,83.2,0.38,24.31,14.36,7.22
2022-08-17 05:15:00.000 -0400,Alan,733.4,90.8,0.36,24.23,6.33,7.41
2022-08-17 05:30:00.000 -0400,Alan,727.4,91.4,0.36,24.17,10.74,7.36
2022-08-17 05:45:00.000 -0400,Alan,730.3,92.5,0.36,24.13,4.88,7.37
2022-08-17 06:00:00.000 -0400,Alan,724.3,91.7,0.36,24.08,8.91,7.41
2022-08-17 06:15:00.000 -0400,Alan,728.7,85.5,0.36,24.07,6.68,7.34
2022-08-17 06:30:00.000 -0400,Alan,730.0,88.4,0.36,24.02,4.15,7.34
2022-08-17 06:45:00.000 -0400,Alan,730.0,84.2,0.36,24.0,6.45,7.29
2022-08-17 07:00:00.000 -0400,Alan,721.1,90.4,0.36,23.96,4.65,7.34
2022-08-17 07:15:00.000 -0400,Alan,722.6,91.3,0.36,23.94,8.54,7.38
2022-08-17 07:30:00.000 -0400,Alan,719.2,96.1,0.36,23.9,6.39,7.43
2022-08-17 07:45:00.000 -0400,Alan,718.5,94.5,0.36,23.88,10.88,7.4
2022-08-17 08:00:00.000 -0400,Alan,717.9,106.2,0.36,23.88,8.8,7.48
2022-08-17 08:15:00.000 -0400,Alan,713.0,97.8,0.35,23.89,12.23,7.53
2022-08-17 08:30:00.000 -0400,Alan,717.8,100.6,0.36,23.87,16.2,7.46
2022-08-17 08:45:00.000 -0400,Alan,715.2,103.3,0.36,23.85,10.48,7.48
2022-08-17 09:00:00.000 -0400,Alan,713.8,102.7,0.36,23.87,9.11,7.47
2022-08-17 09:15:00.000 -0400,Alan,712.1,103.4,0.35,23.87,9.46,7.48
2022-08-17 09:30:00.000 -0400,Alan,715.4,109.3,0.36,23.88,9.84,7.5
2022-08-17 09:45:00.000 -0400,Alan,712.5,107.3,0.35,23.88,8.89,7.49
2022-08-17 10:00:00.000 -0400,Alan,712.5,110.6,0.35,23.89,11.29,7.54
2022-08-17 10:15:00.000 -0400,Alan,718.9,107.9,0.36,23.89,8.91,7.47
2022-08-17 10:30:00.000 -0400,Alan,719.4,105.6,0.36,23.9,13.96,7.48
2022-08-17 10:45:00.000 -0400,Alan,718.6,109.5,0.36,23.92,8.76,7.51
2022-08-17 11:00:00.000 -0400,Alan,718.9,110.1,0.36,23.94,12.29,7.53
2022-08-17 11:15:00.000 -0400,Alan,720.1,107.5,0.36,23.93,10.23,7.49
2022-08-17 11:30:00.000 -0400,Alan,718.2,112.6,0.36,23.95,9.21,7.53
2022-08-17 11:45:00.000 -0400,Alan,719.6,110.1,0.36,23.95,10.55,7.51
2022-08-17 12:00:00.000 -0400,Alan,719.1,107.7,0.36,23.94,8.35,7.51
2022-08-17 12:15:00.000 -0400,Alan,719.4,116.6,0.36,23.99,7.45,7.57
2022-08-17 12:30:00.000 -0400,Alan,719.2,107.9,0.36,23.96,7.77,7.51
2022-08-17 12:45:00.000 -0400,Alan,720.4,117.6,0.36,24.02,12.26,7.59
2022-08-17 13:00:00.000 -0400,Alan,721.5,115.0,0.36,23.99,11.71,7.56
2022-08-17 13:15:00.000 -0400,Alan,720.6,114.4,0.36,23.99,9.16,7.55
2022-08-17 13:30:00.000 -0400,Alan,720.0,113.6,0.36,24.01,9.72,7.55
2022-08-17 13:45:00.000 -0400,Alan,721.9,116.4,0.36,24.0,7.74,7.55
2022-08-17 14:00:00.000 -0400,Alan,721.3,115.3,0.36,24.01,9.76,7.59
2022-08-17 14:15:00.000 -0400,Alan,720.9,118.6,0.36,24.01,9.84,7.56
2022-08-17 14:30:00.000 -0400,Alan,721.3,116.9,0.36,24.04,8.57,7.57
2022-08-17 14:45:00.000 -0400,Alan,721.4,115.5,0.36,24.05,9.26,7.56
2022-08-17 15:00:00.000 -0400,Alan,720.4,121.3,0.36,24.07,9.85,7.61
2022-08-17 15:15:00.000 -0400,Alan,721.0,117.6,0.36,24.05,7.36,7.59
2022-08-17 15:30:00.000 -0400,Alan,720.6,116.7,0.36,24.05,9.03,7.58
2022-08-17 15:45:00.000 -0400,Alan,720.7,118.7,0.36,24.1,8.47,7.58
2022-08-17 16:00:00.000 -0400,Alan,723.0,119.9,0.36,24.08,8.86,7.6
2022-08-17 16:15:00.000 -0400,Alan,719.3,122.4,0.36,24.11,7.26,7.64
2022-08-17 16:30:00.000 -0400,Alan,720.5,118.5,0.36,24.09,5.46,7.6
2022-08-17 16:45:00.000 -0400,Alan,720.7,126.0,0.36,24.15,8.5,7.69
2022-08-17 17:00:00.000 -0400,Alan,726.9,125.6,0.36,24.11,9.45,7.62
2022-08-17 17:15:00.000 -0400,Alan,727.0,127.8,0.36,24.2,11.17,7.74
2022-08-17 17:30:00.000 -0400,Alan,728.5,124.5,0.36,24.12,7.8,7.58
2022-08-17 17:45:00.000 -0400,Alan,727.2,127.3,0.36,24.17,9.88,7.6
2022-08-17 18:00:00.000 -0400,Alan,729.2,126.1,0.36,24.14,7.25,7.6
2022-08-17 18:15:00.000 -0400,Alan,728.8,124.4,0.36,24.15,8.86,7.6
2022-08-17 18:30:00.000 -0400,Alan,730.3,126.7,0.36,24.15,7.61,7.62
2022-08-17 18:45:00.000 -0400,Alan,729.2,128.5,0.36,24.16,7.7,7.59
2022-08-17 19:00:00.000 -0400,Alan,731.3,125.0,0.36,24.16,5.94,7.59
2022-08-17 19:15:00.000 -0400,Alan,734.8,129.3,0.36,24.17,5.55,7.6
2022-08-17 19:30:00.000 -0400,Alan,736.7,123.3,0.36,24.14,5.16,7.55
2022-08-17 19:45:00.000 -0400,Alan,734.0,127.6,0.36,24.18,7.03,7.64
2022-08-17 20:00:00.000 -0400,Alan,739.1,123.0,0.37,24.16,8.68,7.54
2022-08-17 20:15:00.000 -0400,Alan,751.9,124.6,0.37,24.18,12.06,7.52
2022-08-17 20:30:00.000 -0400,Alan,756.5,144.9,0.37,24.19,11.3,7.58
2022-08-17 20:45:00.000 -0400,Alan,739.6,129.1,0.37,24.17,10.13,7.51
2022-08-17 21:00:00.000 -0400,Alan,732.3,124.5,0.36,24.15,5.76,7.52
2022-08-17 21:15:00.000 -0400,Alan,731.0,123.4,0.36,24.15,4.59,7.55
2022-08-17 21:30:00.000 -0400,Alan,731.7,120.1,0.36,24.12,5.93,7.52
2022-08-17 21:45:00.000 -0400,Alan,735.3,119.9,0.36,24.12,6.29,7.52
2022-08-17 22:00:00.000 -0400,Alan,735.4,128.0,0.36,24.11,6.7,7.53
2022-08-17 22:15:00.000 -0400,Alan,725.2,147.8,0.36,24.08,27.73,7.78
2022-08-17 22:30:00.000 -0400,Alan,731.9,145.9,0.36,24.05,11.63,7.8
2022-08-17 22:45:00.000 -0400,Alan,730.8,137.0,0.36,24.05,8.9,7.72
2022-08-17 23:00:00.000 -0400,Alan,725.5,139.1,0.36,24.03,11.71,7.74
2022-08-17 23:15:00.000 -0400,Alan,730.8,119.4,0.36,24.01,12.06,7.5
2022-08-17 23:30:00.000 -0400,Alan,724.2,131.5,0.36,23.97,13.15,7.68
2022-08-17 23:45:00.000 -0400,Alan,720.3,119.3,0.36,23.93,13.65,7.57
2022-08-18 00:00:00.000 -0400,Alan,730.6,115.5,0.36,23.93,9.5,7.48
2022-08-18 00:15:00.000 -0400,Alan,717.2,120.2,0.36,23.88,8.85,7.61
2022-08-18 00:30:00.000 -0400,Alan,716.7,128.7,0.36,23.83,13.05,7.69
2022-08-18 00:45:00.000 -0400,Alan,716.6,136.0,0.36,23.8,13.57,7.85
2022-08-18 01:00:00.000 -0400,Alan,717.9,121.7,0.36,23.76,6.98,7.57
2022-08-18 01:15:00.000 -0400,Alan,714.5,131.0,0.36,23.73,8.79,7.65
2022-08-18 01:30:00.000 -0400,Alan,717.8,123.8,0.36,23.67,15.86,7.7
2022-08-18 01:45:00.000 -0400,Alan,717.5,119.4,0.36,23.62,5.85,7.69
2022-08-18 02:00:00.000 -0400,Alan,716.5,117.1,0.36,23.6,10.75,7.56
2022-08-18 02:15:00.000 -0400,Alan,715.5,120.1,0.36,23.52,11.09,7.68
2022-08-18 02:30:00.000 -0400,Alan,719.7,116.6,0.36,23.52,10.82,7.59
2022-08-18 02:45:00.000 -0400,Alan,715.7,121.0,0.36,23.47,12.15,7.65
2022-08-18 03:00:00.000 -0400,Alan,711.5,121.9,0.36,23.43,7.95,7.69
2022-08-18 03:15:00.000 -0400,Alan,711.8,119.3,0.36,23.4,9.58,7.68
2022-08-18 03:30:00.000 -0400,Alan,712.9,120.4,0.36,23.36,46.09,7.65
2022-08-18 03:45:00.000 -0400,Alan,711.4,116.3,0.36,23.33,20.36,7.62
2022-08-18 04:00:00.000 -0400,Alan,710.5,117.9,0.36,23.28,12.84,7.65
2022-08-18 04:15:00.000 -0400,Alan,712.7,115.8,0.36,23.24,12.78,7.6
2022-08-18 04:30:00.000 -0400,Alan,710.4,115.6,0.36,23.2,12.0,7.63
2022-08-18 04:45:00.000 -0400,Alan,709.9,115.0,0.36,23.16,14.75,7.6
2022-08-18 05:00:00.000 -0400,Alan,712.0,111.2,0.36,23.12,41.4,7.56
2022-08-18 05:15:00.000 -0400,Alan,708.6,111.6,0.36,23.05,23.04,7.57
2022-08-18 05:30:00.000 -0400,Alan,712.7,108.1,0.36,23.04,10.39,7.52
2022-08-18 05:45:00.000 -0400,Alan,709.9,108.1,0.36,23.0,17.8,7.5
2022-08-18 06:00:00.000 -0400,Alan,710.2,107.6,0.36,22.97,20.46,7.52
2022-08-18 06:15:00.000 -0400,Alan,708.2,105.4,0.36,22.92,19.31,7.51
2022-08-18 06:30:00.000 -0400,Alan,708.9,103.0,0.36,22.89,15.45,7.49
2022-08-18 06:45:00.000 -0400,Alan,707.3,106.8,0.36,22.86,16.14,7.51
2022-08-18 07:00:00.000 -0400,Alan,707.8,105.6,0.36,22.83,8.72,7.52
2022-08-18 07:15:00.000 -0400,Alan,706.7,108.8,0.36,22.81,8.8,7.55
2022-08-18 07:30:00.000 -0400,Alan,706.7,108.1,0.36,22.79,12.82,7.54
2022-08-18 07:45:00.000 -0400,Alan,705.5,108.1,0.36,22.75,13.4,7.55
2022-08-18 08:00:00.000 -0400,Alan,704.6,109.5,0.36,22.73,22.11,7.57
2022-08-18 08:15:00.000 -0400,Alan,704.3,110.5,0.36,22.72,10.83,7.58
2022-08-18 08:30:00.000 -0400,Alan,702.5,109.1,0.36,22.7,11.66,7.59
2022-08-18 08:45:00.000 -0400,Alan,702.6,107.1,0.36,22.7,13.57,7.56
2022-08-18 09:00:00.000 -0400,Alan,701.9,103.4,0.36,22.7,9.69,7.54
2022-08-18 09:15:00.000 -0400,Alan,704.0,104.7,0.36,22.75,27.17,7.53
2022-08-18 09:30:00.000 -0400,Alan,702.3,103.4,0.36,22.75,15.74,7.54
2022-08-18 09:45:00.000 -0400,Alan,702.9,106.5,0.36,22.76,13.6,7.56
2022-08-18 10:00:00.000 -0400,Alan,699.3,98.8,0.36,22.71,13.5,7.53
2022-08-18 10:15:00.000 -0400,Alan,704.1,111.8,0.36,22.81,16.25,7.59
2022-08-18 10:30:00.000 -0400,Alan,702.5,109.3,0.36,22.81,13.84,7.59
2022-08-18 10:45:00.000 -0400,Alan,702.1,111.5,0.36,22.82,12.72,7.61
2022-08-18 11:00:00.000 -0400,Alan,703.8,116.5,0.36,22.9,12.91,7.64
2022-08-18 11:15:00.000 -0400,Alan,705.0,119.3,0.36,22.96,16.01,7.68
2022-08-18 11:30:00.000 -0400,Alan,705.9,127.4,0.36,22.99,16.16,7.74
2022-08-18 11:45:00.000 -0400,Alan,706.8,131.5,0.36,23.11,9.3,7.83
2022-08-18 12:00:00.000 -0400,Alan,707.1,132.0,0.36,23.05,21.93,7.81
2022-08-18 12:15:00.000 -0400,Alan,708.7,137.7,0.36,23.29,26.61,7.86
2022-08-18 12:30:00.000 -0400,Alan,710.2,146.4,0.36,23.21,17.18,7.97
2022-08-18 12:45:00.000 -0400,Alan,708.2,149.1,0.36,23.24,24.76,8.01
2022-08-18 13:00:00.000 -0400,Alan,710.1,152.4,0.36,23.36,17.12,8.03
2022-08-18 13:15:00.000 -0400,Alan,711.6,159.5,0.36,23.48,32.42,8.11
2022-08-18 13:30:00.000 -0400,Alan,710.3,169.4,0.36,23.46,16.91,8.26
2022-08-18 13:45:00.000 -0400,Alan,708.2,166.7,0.36,23.39,26.92,8.3
2022-08-18 14:00:00.000 -0400,Alan,713.6,165.9,0.36,23.42,17.56,8.15
2022-08-18 14:15:00.000 -0400,Alan,716.3,173.6,0.36,23.63,34.52,8.27
2022-08-18 14:30:00.000 -0400,Alan,721.6,173.2,0.36,23.51,11.51,8.21
2022-08-18 14:45:00.000 -0400,Alan,719.7,175.2,0.36,23.64,20.66,8.29
2022-08-18 15:00:00.000 -0400,Alan,719.9,175.4,0.36,23.68,29.31,8.23
2022-08-18 15:15:00.000 -0400,Alan,713.9,183.9,0.36,23.59,31.23,8.38
2022-08-18 15:30:00.000 -0400,Alan,712.5,177.9,0.36,23.61,31.78,8.36
2022-08-18 15:45:00.000 -0400,Alan,720.2,175.6,0.36,23.71,28.22,8.21
2022-08-18 16:00:00.000 -0400,Alan,721.0,187.4,0.36,23.79,26.05,8.35
2022-08-18 16:15:00.000 -0400,Alan,721.5,189.0,0.36,23.86,26.05,8.36
2022-08-18 16:30:00.000 -0400,Alan,722.1,188.9,0.36,23.81,30.24,8.39
2022-08-18 16:45:00.000 -0400,Alan,720.7,186.1,0.36,23.83,34.42,8.36
2022-08-18 17:00:00.000 -0400,Alan,719.4,181.6,0.36,23.82,30.81,8.26
2022-08-18 17:15:00.000 -0400,Alan,721.4,182.7,0.36,23.81,38.23,8.26
2022-08-18 17:30:00.000 -0400,Alan,723.1,181.1,0.36,23.75,22.21,8.27
2022-08-18 17:45:00.000 -0400,Alan,722.8,188.3,0.36,23.89,22.45,8.31
2022-08-18 18:00:00.000 -0400,Alan,725.0,186.1,0.36,23.88,31.63,8.37
2022-08-18 18:15:00.000 -0400,Alan,724.4,185.3,0.36,23.91,59.13,8.32
2022-08-18 18:30:00.000 -0400,Alan,726.4,183.7,0.36,23.85,24.12,8.3
2022-08-18 18:45:00.000 -0400,Alan,720.9,177.8,0.36,23.9,29.45,8.28
2022-08-18 19:00:00.000 -0400,Alan,720.5,169.8,0.36,23.9,25.2,8.15
2022-08-18 19:15:00.000 -0400,Alan,724.2,176.7,0.36,23.87,14.49,8.16
2022-08-18 19:30:00.000 -0400,Alan,724.1,176.1,0.36,23.86,31.69,8.16
2022-08-18 19:45:00.000 -0400,Alan,731.2,176.2,0.36,23.89,42.31,8.08
2022-08-18 20:00:00.000 -0400,Alan,729.8,178.2,0.36,23.91,33.53,8.17
2022-08-18 20:15:00.000 -0400,Alan,787.7,168.3,0.39,24.04,36.12,7.79
2022-08-18 20:30:00.000 -0400,Alan,773.8,167.0,0.38,24.04,29.34,7.69
2022-08-18 20:45:00.000 -0400,Alan,773.3,169.3,0.38,24.05,16.65,7.67
2022-08-18 21:00:00.000 -0400,Alan,769.7,169.2,0.38,24.04,33.26,7.65
2022-08-18 21:15:00.000 -0400,Alan,775.7,168.8,0.39,24.07,25.17,7.68
2022-08-18 21:30:00.000 -0400,Alan,778.7,166.3,0.39,24.09,7.85,7.63
2022-08-18 21:45:00.000 -0400,Alan,774.9,165.0,0.39,24.06,15.0,7.62
2022-08-18 22:00:00.000 -0400,Alan,779.9,164.3,0.39,24.09,17.75,7.6
2022-08-18 22:15:00.000 -0400,Alan,775.3,162.8,0.39,24.04,25.45,7.58
2022-08-18 22:30:00.000 -0400,Alan,774.8,165.3,0.39,24.07,17.32,7.61
2022-08-18 22:45:00.000 -0400,Alan,778.2,165.6,0.39,24.06,28.46,7.65
2022-08-18 23:00:00.000 -0400,Alan,767.0,167.9,0.38,24.06,18.14,7.65
2022-08-18 23:15:00.000 -0400,Alan,774.1,166.1,0.38,24.09,18.63,7.66
2022-08-18 23:30:00.000 -0400,Alan,774.5,162.9,0.39,24.06,17.71,7.6
2022-08-18 23:45:00.000 -0400,Alan,774.0,157.2,0.38,24.12,13.95,7.53
2022-08-19 00:00:00.000 -0400,Alan,779.2,158.5,0.39,24.08,31.5,7.54
2022-08-19 00:15:00.000 -0400,Alan,794.6,141.7,0.39,24.13,5.96,7.4
2022-08-19 00:30:00.000 -0400,Alan,800.0,134.6,0.4,24.15,9.69,7.36
2022-08-19 00:45:00.000 -0400,Alan,795.0,137.8,0.4,24.14,8.77,7.38
2022-08-19 01:00:00.000 -0400,Alan,800.0,131.4,0.4,24.12,16.1,7.31
2022-08-19 01:15:00.000 -0400,Alan,796.2,128.9,0.4,24.12,19.7,7.35
2022-08-19 01:30:00.000 -0400,Alan,792.8,125.3,0.39,24.09,16.89,7.34
2022-08-19 01:45:00.000 -0400,Alan,788.9,123.6,0.39,24.08,54.2,7.36
2022-08-19 02:00:00.000 -0400,Alan,789.3,124.8,0.39,24.07,11.67,7.37
2022-08-19 02:15:00.000 -0400,Alan,766.1,125.7,0.38,24.02,9.17,7.47
2022-08-19 02:30:00.000 -0400,Alan,767.4,122.8,0.38,24.01,17.31,7.44
2022-08-19 02:45:00.000 -0400,Alan,783.1,132.9,0.39,23.99,11.62,7.41
2022-08-19 03:00:00.000 -0400,Alan,767.5,125.7,0.38,23.95,17.24,7.48
2022-08-19 03:15:00.000 -0400,Alan,758.8,122.0,0.38,23.91,10.58,7.51
2022-08-19 03:30:00.000 -0400,Alan,763.2,125.3,0.38,23.88,20.39,7.48
2022-08-19 03:45:00.000 -0400,Alan,776.9,124.9,0.39,23.87,16.87,7.37
2022-08-19 04:00:00.000 -0400,Alan,763.7,120.6,0.38,23.82,14.31,7.39
2022-08-19 04:15:00.000 -0400,Alan,753.0,114.7,0.38,23.75,11.66,7.47
2022-08-19 04:30:00.000 -0400,Alan,760.1,113.4,0.38,23.71,11.6,7.44
2022-08-19 04:45:00.000 -0400,Alan,749.7,113.3,0.38,23.68,10.44,7.43
2022-08-19 05:00:00.000 -0400,Alan,746.9,110.1,0.37,23.56,9.26,7.41
2022-08-19 05:15:00.000 -0400,Alan,740.2,109.3,0.37,23.57,15.61,7.47
2022-08-19 05:30:00.000 -0400,Alan,746.5,101.3,0.37,23.53,7.73,7.38
2022-08-19 05:45:00.000 -0400,Alan,738.1,106.0,0.37,23.48,15.01,7.44
2022-08-19 06:00:00.000 -0400,Alan,735.7,105.9,0.37,23.44,11.21,7.45
2022-08-19 06:15:00.000 -0400,Alan,733.4,100.6,0.37,23.4,13.57,7.45
2022-08-19 06:30:00.000 -0400,Alan,733.5,100.6,0.37,23.37,6.79,7.44
2022-08-19 06:45:00.000 -0400,Alan,732.8,102.1,0.37,23.32,20.08,7.44
2022-08-19 07:00:00.000 -0400,Alan,730.9,92.5,0.37,23.29,11.08,7.4
2022-08-19 07:15:00.000 -0400,Alan,729.7,100.2,0.37,23.27,15.57,7.44
2022-08-19 07:30:00.000 -0400,Alan,729.3,93.8,0.37,23.24,7.61,7.43
2022-08-19 07:45:00.000 -0400,Alan,731.3,96.3,0.37,23.21,9.46,7.42
2022-08-19 08:00:00.000 -0400,Alan,732.3,111.2,0.37,23.21,49.48,7.51
2022-08-19 08:15:00.000 -0400,Alan,732.9,106.5,0.37,23.19,12.36,7.48
2022-08-19 08:30:00.000 -0400,Alan,731.6,108.2,0.37,23.2,12.91,7.49
2022-08-19 08:45:00.000 -0400,Alan,729.0,106.4,0.37,23.19,13.58,7.5
2022-08-19 09:00:00.000 -0400,Alan,729.4,105.1,0.37,23.18,12.9,7.5
2022-08-19 09:15:00.000 -0400,Alan,728.4,104.1,0.37,23.18,14.69,7.49
2022-08-19 09:30:00.000 -0400,Alan,727.3,104.7,0.37,23.19,7.78,7.5
2022-08-19 09:45:00.000 -0400,Alan,726.8,105.6,0.37,23.2,14.51,7.51
2022-08-19 10:00:00.000 -0400,Alan,726.1,109.5,0.37,23.25,15.06,7.54
2022-08-19 10:15:00.000 -0400,Alan,724.8,110.4,0.37,23.24,15.8,7.55
2022-08-19 10:30:00.000 -0400,Alan,726.4,110.8,0.37,23.22,15.9,7.55
2022-08-19 10:45:00.000 -0400,Alan,727.9,115.6,0.37,23.25,21.48,7.59
2022-08-19 11:00:00.000 -0400,Alan,728.4,115.9,0.37,23.25,10.9,7.58
2022-08-19 11:15:00.000 -0400,Alan,726.9,118.8,0.37,23.27,10.3,7.62
2022-08-19 11:30:00.000 -0400,Alan,726.6,121.3,0.37,23.31,18.84,7.62
2022-08-19 11:45:00.000 -0400,Alan,728.0,124.2,0.37,23.29,19.49,7.66
2022-08-19 12:00:00.000 -0400,Alan,727.2,124.1,0.37,23.33,11.63,7.67
2022-08-19 12:15:00.000 -0400,Alan,728.0,123.0,0.37,23.3,9.35,7.64
2022-08-19 12:30:00.000 -0400,Alan,727.9,128.1,0.37,23.34,38.81,7.7
2022-08-19 12:45:00.000 -0400,Alan,727.2,132.9,0.37,23.4,6.35,7.76
2022-08-19 13:00:00.000 -0400,Alan,728.1,134.0,0.37,23.4,28.79,7.76
2022-08-19 13:15:00.000 -0400,Alan,728.4,136.1,0.37,23.44,11.2,7.78
2022-08-19 13:30:00.000 -0400,Alan,730.6,138.3,0.37,23.39,11.9,7.79
2022-08-19 13:45:00.000 -0400,Alan,728.2,138.8,0.37,23.45,19.95,7.8
2022-08-19 14:00:00.000 -0400,Alan,728.6,146.0,0.37,23.44,24.15,7.86
2022-08-19 14:15:00.000 -0400,Alan,729.3,141.6,0.37,23.42,22.49,7.84
2022-08-19 14:30:00.000 -0400,Alan,729.1,142.3,0.37,23.46,17.71,7.81
2022-08-19 14:45:00.000 -0400,Alan,729.5,143.3,0.37,23.48,23.75,7.85
2022-08-19 15:00:00.000 -0400,Alan,731.4,141.1,0.37,23.45,30.75,7.83
2022-08-19 15:15:00.000 -0400,Alan,730.5,147.6,0.37,23.52,18.09,7.92
2022-08-19 15:30:00.000 -0400,Alan,730.4,153.0,0.37,23.6,20.98,7.96
2022-08-19 15:45:00.000 -0400,Alan,730.6,151.0,0.37,23.59,37.46,7.87
2022-08-19 16:00:00.000 -0400,Alan,732.3,157.8,0.37,23.59,24.95,8.01
2022-08-19 16:15:00.000 -0400,Alan,732.4,155.2,0.37,23.61,16.77,7.97
2022-08-19 16:30:00.000 -0400,Alan,730.1,158.0,0.37,23.63,18.37,8.01
2022-08-19 16:45:00.000 -0400,Alan,730.4,150.9,0.37,23.6,25.0,7.93
2022-08-19 17:00:00.000 -0400,Alan,731.0,158.1,0.37,23.67,22.86,8.03
2022-08-19 17:15:00.000 -0400,Alan,731.3,155.9,0.37,23.67,20.48,7.97
2022-08-19 17:30:00.000 -0400,Alan,734.2,148.8,0.37,23.56,52.2,7.88
2022-08-19 17:45:00.000 -0400,Alan,732.5,161.8,0.37,23.73,27.48,8.02
2022-08-19 18:00:00.000 -0400,Alan,732.6,158.8,0.37,23.7,15.87,7.99
2022-08-19 18:15:00.000 -0400,Alan,733.3,162.9,0.37,23.79,17.14,8.01
2022-08-19 18:30:00.000 -0400,Alan,732.8,155.8,0.37,23.71,19.05,7.98
2022-08-19 18:45:00.000 -0400,Alan,735.6,150.1,0.37,23.6,11.86,7.87
2022-08-19 19:00:00.000 -0400,Alan,733.8,154.7,0.37,23.69,13.3,7.94
2022-08-19 19:15:00.000 -0400,Alan,733.4,158.0,0.37,23.73,58.97,7.98
2022-08-19 19:30:00.000 -0400,Alan,733.9,148.3,0.37,23.74,20.81,7.97
2022-08-19 19:45:00.000 -0400,Alan,734.2,154.8,0.37,23.76,16.36,7.94
2022-08-19 20:00:00.000 -0400,Alan,736.7,156.8,0.37,23.76,14.26,7.93
2022-08-19 20:15:00.000 -0400,Alan,734.0,158.1,0.37,23.77,15.52,7.94
2022-08-19 20:30:00.000 -0400,Alan,729.3,158.0,0.36,23.76,30.02,7.94
2022-08-19 20:45:00.000 -0400,Alan,735.5,159.2,0.37,23.81,16.13,7.95
2022-08-19 21:00:00.000 -0400,Alan,737.7,159.4,0.37,23.78,28.59,7.96
2022-08-19 21:15:00.000 -0400,Alan,734.3,160.3,0.37,23.78,18.25,7.99
2022-08-19 21:30:00.000 -0400,Alan,733.7,160.5,0.37,23.81,12.3,7.98
2022-08-19 21:45:00.000 -0400,Alan,732.9,159.6,0.37,23.81,14.25,8.01
2022-08-19 22:00:00.000 -0400,Alan,732.6,161.9,0.37,23.82,18.72,7.99
2022-08-19 22:15:00.000 -0400,Alan,732.9,159.8,0.37,23.81,13.04,7.98
2022-08-19 22:30:00.000 -0400,Alan,732.2,159.5,0.37,23.83,19.73,7.94
2022-08-19 22:45:00.000 -0400,Alan,732.9,155.9,0.37,23.79,16.83,7.95
2022-08-19 23:00:00.000 -0400,Alan,735.0,151.1,0.37,23.68,11.51,7.88
2022-08-19 23:15:00.000 -0400,Alan,734.1,157.5,0.37,23.82,13.52,7.94
2022-08-19 23:30:00.000 -0400,Alan,734.6,157.8,0.37,23.83,12.79,7.91
2022-08-19 23:45:00.000 -0400,Alan,734.6,155.3,0.37,23.82,11.11,7.89
2022-08-20 00:00:00.000 -0400,Alan,734.9,156.1,0.37,23.85,13.84,7.9
2022-08-20 00:15:00.000 -0400,Alan,741.2,151.2,0.37,23.86,12.65,7.84
2022-08-20 00:30:00.000 -0400,Alan,770.6,135.2,0.38,23.97,11.89,7.6
2022-08-20 00:45:00.000 -0400,Alan,793.1,123.0,0.4,24.0,10.64,7.38
2022-08-20 01:00:00.000 -0400,Alan,792.5,124.3,0.39,23.99,16.45,7.34
2022-08-20 01:15:00.000 -0400,Alan,791.9,123.0,0.39,23.99,12.63,7.33
2022-08-20 01:30:00.000 -0400,Alan,794.9,122.8,0.4,24.01,10.61,7.32
2022-08-20 01:45:00.000 -0400,Alan,802.0,116.3,0.4,24.01,9.21,7.26
2022-08-20 02:00:00.000 -0400,Alan,798.6,118.4,0.4,23.99,6.01,7.29
2022-08-20 02:15:00.000 -0400,Alan,803.0,115.9,0.4,24.03,4.18,7.27
2022-08-20 02:30:00.000 -0400,Alan,807.0,112.6,0.4,24.04,7.31,7.24
2022-08-20 02:45:00.000 -0400,Alan,812.0,110.9,0.4,24.05,4.2,7.22
2022-08-20 03:00:00.000 -0400,Alan,809.0,113.0,0.4,24.03,6.55,7.23
2022-08-20 03:15:00.000 -0400,Alan,830.0,103.0,0.41,24.11,10.79,7.17
2022-08-20 03:30:00.000 -0400,Alan,830.0,98.7,0.41,24.08,11.58,7.12
2022-08-20 03:45:00.000 -0400,Alan,825.0,99.9,0.41,24.08,13.72,7.15
2022-08-20 04:00:00.000 -0400,Alan,815.0,97.4,0.41,24.09,26.31,7.15
2022-08-20 04:15:00.000 -0400,Alan,807.0,106.1,0.4,24.03,14.83,7.17
2022-08-20 04:30:00.000 -0400,Alan,802.0,104.9,0.4,24.03,13.09,7.21
2022-08-20 04:45:00.000 -0400,Alan,803.0,103.4,0.4,24.05,11.77,7.2
2022-08-20 05:00:00.000 -0400,Alan,805.0,104.5,0.4,24.04,14.46,7.2
2022-08-20 05:15:00.000 -0400,Alan,796.8,113.7,0.4,23.99,13.4,7.26
2022-08-20 05:30:00.000 -0400,Alan,802.0,92.4,0.4,23.98,11.38,7.22
2022-08-20 05:45:00.000 -0400,Alan,797.3,91.2,0.4,23.97,13.12,7.23
2022-08-20 06:00:00.000 -0400,Alan,791.6,106.9,0.39,23.97,13.85,7.25
2022-08-20 06:15:00.000 -0400,Alan,796.2,109.2,0.4,23.94,9.6,7.25
2022-08-20 06:30:00.000 -0400,Alan,794.4,107.6,0.4,23.91,14.57,7.24
2022-08-20 06:45:00.000 -0400,Alan,792.2,104.1,0.4,23.9,11.44,7.23
2022-08-20 07:00:00.000 -0400,Alan,795.3,102.6,0.4,23.87,13.96,7.23
2022-08-20 07:15:00.000 -0400,Alan,794.0,101.4,0.4,23.87,5.18,7.22
2022-08-20 07:30:00.000 -0400,Alan,793.5,100.6,0.4,23.86,11.5,7.22
2022-08-20 07:45:00.000 -0400,Alan,785.8,101.6,0.39,23.82,11.42,7.24
2022-08-20 08:00:00.000 -0400,Alan,779.2,95.5,0.39,23.82,8.38,7.25
2022-08-20 08:15:00.000 -0400,Alan,782.5,79.47,0.39,23.8,14.73,7.25
2022-08-20 08:30:00.000 -0400,Alan,783.6,79.04,0.39,23.83,10.98,7.21
2022-08-20 08:45:00.000 -0400,Alan,783.6,79.2,0.39,23.79,12.51,7.22
2022-08-20 09:00:00.000 -0400,Alan,773.1,85.5,0.39,23.79,12.27,7.25
2022-08-20 09:15:00.000 -0400,Alan,775.2,88.3,0.39,23.78,9.81,7.29
2022-08-20 09:30:00.000 -0400,Alan,758.1,91.5,0.38,23.78,14.9,7.31
2022-08-20 09:45:00.000 -0400,Alan,776.2,91.0,0.39,23.78,12.18,7.28
2022-08-20 10:00:00.000 -0400,Alan,764.4,87.2,0.38,23.78,13.84,7.28
2022-08-20 10:15:00.000 -0400,Alan,765.4,97.3,0.38,23.81,12.49,7.33
2022-08-20 10:30:00.000 -0400,Alan,773.0,95.1,0.39,23.79,13.6,7.31
2022-08-20 10:45:00.000 -0400,Alan,764.2,96.0,0.38,23.81,14.0,7.33
2022-08-20 11:00:00.000 -0400,Alan,772.4,101.8,0.39,23.8,12.4,7.34
2022-08-20 11:15:00.000 -0400,Alan,758.1,96.9,0.38,23.84,12.0,7.35
2022-08-20 11:30:00.000 -0400,Alan,763.5,100.2,0.38,23.84,12.37,7.35
2022-08-20 11:45:00.000 -0400,Alan,761.0,97.5,0.38,23.83,14.85,7.35
2022-08-20 12:00:00.000 -0400,Alan,761.0,104.9,0.38,23.84,13.93,7.37
2022-08-20 12:15:00.000 -0400,Alan,765.1,104.5,0.38,23.84,28.79,7.38
2022-08-20 12:30:00.000 -0400,Alan,762.9,107.2,0.38,23.84,11.97,7.39
2022-08-20 12:45:00.000 -0400,Alan,762.6,102.3,0.38,23.84,11.3,7.34
2022-08-20 13:00:00.000 -0400,Alan,760.2,109.3,0.38,23.85,11.87,7.42
2022-08-20 13:15:00.000 -0400,Alan,766.1,107.1,0.38,23.84,11.3,7.36
2022-08-20 13:30:00.000 -0400,Alan,764.7,110.4,0.38,23.85,11.46,7.41
2022-08-20 13:45:00.000 -0400,Alan,760.5,111.1,0.38,23.9,10.44,7.43
2022-08-20 14:00:00.000 -0400,Alan,757.9,109.1,0.38,23.89,14.08,7.41
2022-08-20 14:15:00.000 -0400,Alan,762.0,111.7,0.38,23.89,12.05,7.42
2022-08-20 14:30:00.000 -0400,Alan,767.2,107.0,0.38,23.86,10.04,7.37
2022-08-20 14:45:00.000 -0400,Alan,760.7,113.0,0.38,23.91,11.24,7.42
2022-08-20 15:00:00.000 -0400,Alan,762.1,106.3,0.38,23.88,9.86,7.37
2022-08-20 15:15:00.000 -0400,Alan,767.3,107.6,0.38,23.86,8.87,7.39
2022-08-20 15:30:00.000 -0400,Alan,756.0,117.9,0.38,23.95,12.22,7.47
2022-08-20 15:45:00.000 -0400,Alan,754.2,114.5,0.38,23.98,11.73,7.46
2022-08-20 16:00:00.000 -0400,Alan,759.2,111.3,0.38,23.9,10.42,7.42
2022-08-20 16:15:00.000 -0400,Alan,765.6,108.5,0.38,23.9,11.95,7.44
2022-08-20 16:30:00.000 -0400,Alan,764.0,106.5,0.38,23.9,7.69,7.39
2022-08-20 16:45:00.000 -0400,Alan,761.2,111.4,0.38,23.94,9.22,7.43
2022-08-20 17:00:00.000 -0400,Alan,767.0,107.1,0.38,23.88,7.32,7.38
2022-08-20 17:15:00.000 -0400,Alan,759.1,104.6,0.38,23.96,10.27,7.41
2022-08-20 17:30:00.000 -0400,Alan,755.4,111.8,0.38,23.96,8.29,7.44
2022-08-20 17:45:00.000 -0400,Alan,752.4,116.7,0.37,24.0,11.28,7.47
2022-08-20 18:00:00.000 -0400,Alan,757.9,109.9,0.38,23.96,10.07,7.43
2022-08-20 18:15:00.000 -0400,Alan,753.1,113.6,0.37,24.0,9.13,7.45
2022-08-20 18:30:00.000 -0400,Alan,757.0,108.9,0.38,23.95,8.16,7.42
2022-08-20 18:45:00.000 -0400,Alan,756.7,108.7,0.38,23.98,8.28,7.44
2022-08-20 19:00:00.000 -0400,Alan,758.8,113.7,0.38,23.97,8.53,7.46
2022-08-20 19:15:00.000 -0400,Alan,757.3,110.8,0.38,23.98,7.8,7.43
2022-08-20 19:30:00.000 -0400,Alan,756.0,109.5,0.38,23.99,9.0,7.42
2022-08-20 19:45:00.000 -0400,Alan,755.2,112.0,0.38,23.99,8.86,7.45
2022-08-20 20:00:00.000 -0400,Alan,757.3,109.3,0.38,23.97,7.78,7.44
2022-08-20 20:15:00.000 -0400,Alan,757.8,87.9,0.38,23.99,6.4,7.4
2022-08-20 20:30:00.000 -0400,Alan,759.9,94.8,0.38,23.98,6.84,7.39
2022-08-20 20:45:00.000 -0400,Alan,757.4,92.3,0.38,23.97,8.06,7.38
2022-08-20 21:00:00.000 -0400,Alan,754.2,95.5,0.38,23.97,5.49,7.39
2022-08-20 21:15:00.000 -0400,Alan,762.2,98.1,0.38,24.0,6.43,7.38
2022-08-20 21:30:00.000 -0400,Alan,763.6,99.5,0.38,24.01,12.07,7.36
2022-08-20 21:45:00.000 -0400,Alan,763.1,103.1,0.38,24.01,6.53,7.35
2022-08-20 22:00:00.000 -0400,Alan,763.4,105.1,0.38,24.03,9.85,7.36
2022-08-20 22:15:00.000 -0400,Alan,762.6,105.6,0.38,24.03,8.99,7.38
2022-08-20 22:30:00.000 -0400,Alan,762.7,105.5,0.38,24.03,8.44,7.38
2022-08-20 22:45:00.000 -0400,Alan,761.6,104.2,0.38,24.03,8.33,7.38
2022-08-20 23:00:00.000 -0400,Alan,757.6,106.1,0.38,24.02,7.52,7.39
2022-08-20 23:15:00.000 -0400,Alan,761.9,104.9,0.38,24.01,7.51,7.4
2022-08-20 23:30:00.000 -0400,Alan,763.5,103.6,0.38,24.02,7.09,7.37
2022-08-20 23:45:00.000 -0400,Alan,765.3,102.1,0.38,24.02,7.08,7.37
2022-08-21 00:00:00.000 -0400,Alan,762.6,103.1,0.38,24.02,7.25,7.35
2022-08-21 00:15:00.000 -0400,Alan,764.0,100.9,0.38,24.01,7.88,7.36
2022-08-21 00:30:00.000 -0400,Alan,764.0,100.8,0.38,24.01,6.51,7.36
2022-08-21 00:45:00.000 -0400,Alan,766.8,98.2,0.38,24.02,7.28,7.35
2022-08-21 01:00:00.000 -0400,Alan,770.3,93.5,0.38,24.04,8.79,7.31
2022-08-21 01:15:00.000 -0400,Alan,779.7,91.8,0.39,24.09,11.5,7.28
2022-08-21 01:30:00.000 -0400,Alan,819.0,83.6,0.41,24.17,14.92,7.18
2022-08-21 01:45:00.000 -0400,Alan,843.0,80.1,0.42,24.19,19.81,7.12
2022-08-21 02:00:00.000 -0400,Alan,839.0,74.42,0.42,24.19,12.41,7.06
2022-08-21 02:15:00.000 -0400,Alan,855.0,70.09,0.43,24.23,11.52,7.06
2022-08-21 02:30:00.000 -0400,Alan,862.0,70.3,0.43,24.24,10.39,7.03
2022-08-21 02:45:00.000 -0400,Alan,863.0,68.85,0.43,24.23,11.69,7.02
2022-08-21 03:00:00.000 -0400,Alan,855.0,68.11,0.43,24.21,17.93,7.02
2022-08-21 03:15:00.000 -0400,Alan,851.0,68.94,0.42,24.19,12.53,7.04
2022-08-21 03:30:00.000 -0400,Alan,846.0,71.6,0.42,24.17,16.27,7.04
2022-08-21 03:45:00.000 -0400,Alan,837.0,64.34,0.42,24.15,12.88,7.06
2022-08-21 04:00:00.000 -0400,Alan,825.0,63.65,0.41,24.12,14.58,7.08
2022-08-21 04:15:00.000 -0400,Alan,817.0,67.81,0.41,24.1,21.7,7.12
2022-08-21 04:30:00.000 -0400,Alan,812.0,64.8,0.4,24.09,24.81,7.11
2022-08-21 04:45:00.000 -0400,Alan,805.0,72.34,0.4,24.06,23.58,7.14
2022-08-21 05:00:00.000 -0400,Alan,810.0,78.38,0.4,24.08,13.84,7.14
2022-08-21 05:15:00.000 -0400,Alan,809.0,80.8,0.4,24.05,14.77,7.13
2022-08-21 05:30:00.000 -0400,Alan,814.0,78.59,0.41,24.05,8.88,7.14
2022-08-21 05:45:00.000 -0400,Alan,812.0,78.58,0.4,24.04,11.58,7.13
2022-08-21 06:00:00.000 -0400,Alan,815.0,69.98,0.41,24.04,24.37,7.11
2022-08-21 06:15:00.000 -0400,Alan,818.0,68.2,0.41,24.04,16.43,7.09
2022-08-21 06:30:00.000 -0400,Alan,810.0,74.65,0.4,24.01,7.93,7.12
2022-08-21 06:45:00.000 -0400,Alan,796.7,76.55,0.4,23.93,14.44,7.13
2022-08-21 07:00:00.000 -0400,Alan,789.5,79.28,0.39,23.93,11.28,7.17
2022-08-21 07:15:00.000 -0400,Alan,790.0,77.41,0.39,23.94,8.03,7.17
2022-08-21 07:30:00.000 -0400,Alan,785.5,83.1,0.39,23.89,10.23,7.2
2022-08-21 07:45:00.000 -0400,Alan,783.3,75.41,0.39,23.91,8.98,7.18
2022-08-21 08:00:00.000 -0400,Alan,789.8,72.01,0.39,23.89,9.12,7.16
2022-08-21 08:15:00.000 -0400,Alan,783.0,73.67,0.39,23.9,9.75,7.17
2022-08-21 08:30:00.000 -0400,Alan,784.9,72.78,0.39,23.9,7.73,7.15
2022-08-21 08:45:00.000 -0400,Alan,776.0,69.2,0.39,23.88,9.05,7.17
2022-08-21 09:00:00.000 -0400,Alan,778.4,68.77,0.39,23.89,9.52,7.17
2022-08-21 09:15:00.000 -0400,Alan,772.7,68.45,0.39,23.9,8.82,7.16
2022-08-21 09:30:00.000 -0400,Alan,771.1,74.37,0.38,23.9,8.93,7.2
2022-08-21 09:45:00.000 -0400,Alan,773.1,70.78,0.39,23.88,8.93,7.18
2022-08-21 10:00:00.000 -0400,Alan,764.3,78.87,0.38,23.94,8.51,7.23
2022-08-21 10:15:00.000 -0400,Alan,772.2,76.41,0.39,23.91,9.41,7.22
2022-08-21 10:30:00.000 -0400,Alan,771.9,79.36,0.38,23.93,11.32,7.24
2022-08-21 10:45:00.000 -0400,Alan,770.2,80.6,0.38,23.92,9.83,7.25
2022-08-21 11:00:00.000 -0400,Alan,767.3,76.17,0.38,23.94,9.91,7.23
2022-08-21 11:15:00.000 -0400,Alan,769.4,74.63,0.38,23.91,9.95,7.23
2022-08-21 11:30:00.000 -0400,Alan,765.1,78.8,0.38,23.98,11.4,7.27
2022-08-21 11:45:00.000 -0400,Alan,770.7,77.85,0.38,23.93,8.87,7.24
2022-08-21 12:00:00.000 -0400,Alan,769.1,80.3,0.38,23.95,9.34,7.27
2022-08-21 12:15:00.000 -0400,Alan,758.2,78.5,0.38,23.98,10.1,7.25
2022-08-21 12:30:00.000 -0400,Alan,762.4,68.73,0.38,23.94,10.62,7.22
2022-08-21 12:45:00.000 -0400,Alan,764.4,77.56,0.38,23.99,9.75,7.27
2022-08-21 13:00:00.000 -0400,Alan,763.8,77.28,0.38,24.01,10.15,7.26
2022-08-21 13:15:00.000 -0400,Alan,764.0,78.71,0.38,24.01,9.72,7.28
2022-08-21 13:30:00.000 -0400,Alan,763.3,85.1,0.38,24.08,9.65,7.34
2022-08-21 13:45:00.000 -0400,Alan,756.5,85.5,0.38,24.05,9.22,7.31
2022-08-21 14:00:00.000 -0400,Alan,766.6,75.36,0.38,23.98,10.07,7.24
2022-08-21 14:15:00.000 -0400,Alan,763.7,78.6,0.38,24.02,7.75,7.27
2022-08-21 14:30:00.000 -0400,Alan,764.0,82.1,0.38,24.05,7.94,7.27
2022-08-21 14:45:00.000 -0400,Alan,750.6,86.8,0.37,24.12,9.52,7.36
2022-08-21 15:00:00.000 -0400,Alan,765.5,79.38,0.38,24.05,8.5,7.3
2022-08-21 15:15:00.000 -0400,Alan,765.1,80.3,0.38,24.03,8.43,7.27
2022-08-21 15:30:00.000 -0400,Alan,759.2,79.09,0.38,24.07,10.56,7.3
2022-08-21 15:45:00.000 -0400,Alan,759.2,82.0,0.38,24.08,9.55,7.3
2022-08-21 16:00:00.000 -0400,Alan,766.5,82.3,0.38,24.08,8.76,7.31
2022-08-21 16:15:00.000 -0400,Alan,755.9,84.3,0.37,24.13,9.51,7.36
2022-08-21 16:30:00.000 -0400,Alan,765.1,82.6,0.38,24.06,8.37,7.28
2022-08-21 16:45:00.000 -0400,Alan,755.8,80.2,0.37,24.12,9.38,7.34
2022-08-21 17:00:00.000 -0400,Alan,756.9,82.0,0.38,24.15,8.87,7.34
2022-08-21 17:15:00.000 -0400,Alan,756.7,81.5,0.38,24.13,8.77,7.32
2022-08-21 17:30:00.000 -0400,Alan,756.8,79.74,0.38,24.14,8.46,7.32
2022-08-21 17:45:00.000 -0400,Alan,758.3,83.7,0.38,24.13,8.64,7.33
2022-08-21 18:00:00.000 -0400,Alan,756.8,78.1,0.38,24.14,9.53,7.31
2022-08-21 18:15:00.000 -0400,Alan,756.9,81.2,0.38,24.16,8.32,7.33
2022-08-21 18:30:00.000 -0400,Alan,757.3,81.8,0.38,24.15,9.75,7.33
2022-08-21 18:45:00.000 -0400,Alan,754.9,82.1,0.37,24.16,6.27,7.34
2022-08-21 19:00:00.000 -0400,Alan,754.4,81.0,0.37,24.17,10.92,7.35
2022-08-21 19:15:00.000 -0400,Alan,755.7,73.56,0.37,24.17,11.15,7.33
2022-08-21 19:30:00.000 -0400,Alan,754.8,67.42,0.37,24.18,9.25,7.32
2022-08-21 19:45:00.000 -0400,Alan,755.5,79.39,0.37,24.17,9.41,7.32
2022-08-21 20:00:00.000 -0400,Alan,753.6,70.77,0.37,24.2,9.79,7.34
2022-08-21 20:15:00.000 -0400,Alan,753.3,77.31,0.37,24.21,10.57,7.36
2022-08-21 20:30:00.000 -0400,Alan,753.5,78.65,0.37,24.22,8.53,7.35
2022-08-21 20:45:00.000 -0400,Alan,753.6,76.7,0.37,24.23,6.64,7.34
2022-08-21 21:00:00.000 -0400,Alan,753.6,80.4,0.37,24.25,9.92,7.36
2022-08-21 21:15:00.000 -0400,Alan,773.8,82.9,0.38,24.29,9.93,7.31
2022-08-21 21:30:00.000 -0400,Alan,780.3,77.74,0.39,24.34,9.95,7.27
2022-08-21 21:45:00.000 -0400,Alan,775.5,80.1,0.38,24.35,10.07,7.27
2022-08-21 22:00:00.000 -0400,Alan,772.3,75.68,0.38,24.31,9.83,7.29
2022-08-21 22:15:00.000 -0400,Alan,773.7,81.2,0.38,24.36,9.01,7.28
2022-08-21 22:30:00.000 -0400,Alan,776.3,83.5,0.38,24.35,10.02,7.29
2022-08-21 22:45:00.000 -0400,Alan,773.1,84.8,0.38,24.34,9.45,7.28
2022-08-21 23:00:00.000 -0400,Alan,790.7,78.64,0.39,24.36,7.8,7.2
2022-08-21 23:15:00.000 -0400,Alan,796.5,78.96,0.39,24.38,7.38,7.19
2022-08-21 23:30:00.000 -0400,Alan,829.0,73.77,0.41,24.43,12.1,7.09
2022-08-21 23:45:00.000 -0400,Alan,865.0,65.35,0.43,24.5,10.48,7.0
2022-08-22 00:00:00.000 -0400,Alan,855.0,60.17,0.42,24.51,10.44,7.03
2022-08-22 00:15:00.000 -0400,Alan,864.0,58.41,0.43,24.53,10.35,7.0
2022-08-22 00:30:00.000 -0400,Alan,873.0,56.77,0.43,24.56,9.34,6.99
2022-08-22 00:45:00.000 -0400,Alan,863.0,60.75,0.43,24.5,10.92,6.99
2022-08-22 01:00:00.000 -0400,Alan,873.0,57.55,0.43,24.5,12.8,6.99
2022-08-22 01:15:00.000 -0400,Alan,866.0,57.9,0.43,24.51,9.52,7.01
2022-08-22 01:30:00.000 -0400,Alan,858.0,58.05,0.42,24.51,9.33,7.02
2022-08-22 01:45:00.000 -0400,Alan,849.0,52.21,0.42,24.48,9.37,7.0
2022-08-22 02:00:00.000 -0400,Alan,845.0,55.12,0.42,24.49,10.43,7.02
2022-08-22 02:15:00.000 -0400,Alan,851.0,55.33,0.42,24.5,12.07,7.01
2022-08-22 02:30:00.000 -0400,Alan,845.0,55.83,0.42,24.5,14.12,7.03
2022-08-22 02:45:00.000 -0400,Alan,849.0,57.23,0.42,24.45,10.52,7.03
2022-08-22 03:00:00.000 -0400,Alan,846.0,54.35,0.42,24.49,13.95,7.02
2022-08-22 03:15:00.000 -0400,Alan,840.0,52.94,0.42,24.47,13.46,7.02
2022-08-22 03:30:00.000 -0400,Alan,843.0,53.09,0.42,24.47,10.33,7.02
2022-08-22 03:45:00.000 -0400,Alan,834.0,54.93,0.41,24.5,13.86,7.03
2022-08-22 04:00:00.000 -0400,Alan,844.0,54.3,0.42,24.48,13.3,7.03
2022-08-22 04:15:00.000 -0400,Alan,844.0,55.36,0.42,24.44,13.5,7.03
2022-08-22 04:30:00.000 -0400,Alan,841.0,56.79,0.42,24.45,13.1,7.04
2022-08-22 04:45:00.000 -0400,Alan,835.0,55.76,0.41,24.43,16.33,7.04
2022-08-22 05:00:00.000 -0400,Alan,830.0,53.58,0.41,24.42,14.98,7.05
2022-08-22 05:15:00.000 -0400,Alan,832.0,56.71,0.41,24.39,11.08,7.05
2022-08-22 05:30:00.000 -0400,Alan,826.0,53.63,0.41,24.44,9.18,7.04
2022-08-22 05:45:00.000 -0400,Alan,817.0,57.41,0.4,24.39,10.29,7.08
2022-08-22 06:00:00.000 -0400,Alan,830.0,56.3,0.41,24.39,8.74,7.08
2022-08-22 06:15:00.000 -0400,Alan,818.0,54.94,0.41,24.36,9.26,7.08
2022-08-22 06:30:00.000 -0400,Alan,821.0,55.9,0.41,24.37,7.65,7.07
2022-08-22 06:45:00.000 -0400,Alan,812.0,57.69,0.4,24.4,10.01,7.09
2022-08-22 07:00:00.000 -0400,Alan,819.0,59.84,0.41,24.38,9.44,7.09
2022-08-22 07:15:00.000 -0400,Alan,809.0,60.17,0.4,24.41,8.95,7.11
2022-08-22 07:30:00.000 -0400,Alan,819.0,56.05,0.41,24.31,8.93,7.08
2022-08-22 07:45:00.000 -0400,Alan,805.0,61.51,0.4,24.41,10.99,7.09
2022-08-22 08:00:00.000 -0400,Alan,808.0,61.49,0.4,24.37,9.85,7.1
2022-08-22 08:15:00.000 -0400,Alan,807.0,62.49,0.4,24.36,8.32,7.13
2022-08-22 08:30:00.000 -0400,Alan,798.6,64.02,0.4,24.35,9.15,7.14
2022-08-22 08:45:00.000 -0400,Alan,807.0,61.82,0.4,24.35,9.6,7.13
2022-08-22 09:00:00.000 -0400,Alan,812.0,58.91,0.4,24.36,8.42,7.11
2022-08-22 09:15:00.000 -0400,Alan,801.0,60.45,0.4,24.43,7.63,7.11
2022-08-22 09:30:00.000 -0400,Alan,797.4,58.5,0.39,24.41,10.52,7.13
2022-08-22 09:45:00.000 -0400,Alan,805.0,57.51,0.4,24.42,10.24,7.1
2022-08-22 10:00:00.000 -0400,Alan,806.0,55.77,0.4,24.37,7.31,7.1
2022-08-22 10:15:00.000 -0400,Alan,803.0,56.7,0.4,24.37,7.62,7.1
2022-08-22 10:30:00.000 -0400,Alan,798.5,62.47,0.39,24.37,9.9,7.14
2022-08-22 10:45:00.000 -0400,Alan,792.7,64.3,0.39,24.37,8.95,7.16
2022-08-22 11:00:00.000 -0400,Alan,791.3,64.85,0.39,24.4,8.79,7.17
2022-08-22 11:15:00.000 -0400,Alan,789.7,60.1,0.39,24.45,8.91,7.18
2022-08-22 11:30:00.000 -0400,Alan,789.2,60.99,0.39,24.43,8.22,7.18
2022-08-22 11:45:00.000 -0400,Alan,794.3,56.64,0.39,24.4,7.94,7.18
2022-08-22 12:00:00.000 -0400,Alan,790.9,64.14,0.39,24.43,8.15,7.18
2022-08-22 12:15:00.000 -0400,Alan,787.8,61.73,0.39,24.44,8.71,7.17
2022-08-22 12:30:00.000 -0400,Alan,795.7,60.22,0.39,24.39,9.53,7.16
2022-08-22 12:45:00.000 -0400,Alan,788.7,59.88,0.39,24.42,9.23,7.16
2022-08-22 13:00:00.000 -0400,Alan,799.5,55.96,0.4,24.38,9.01,7.14
2022-08-22 13:15:00.000 -0400,Alan,803.0,55.18,0.4,24.34,8.21,7.11
2022-08-22 13:30:00.000 -0400,Alan,791.5,54.84,0.39,24.36,8.43,7.13
2022-08-22 13:45:00.000 -0400,Alan,775.8,57.38,0.38,24.33,11.42,7.15
2022-08-22 14:00:00.000 -0400,Alan,780.0,53.73,0.39,24.32,10.86,7.14
2022-08-22 14:15:00.000 -0400,Alan,766.7,59.34,0.38,24.29,10.67,7.18
2022-08-22 14:30:00.000 -0400,Alan,767.8,58.94,0.38,24.31,13.34,7.18
2022-08-22 14:45:00.000 -0400,Alan,758.6,63.28,0.37,24.3,17.34,7.19
2022-08-22 15:00:00.000 -0400,Alan,754.4,65.0,0.37,24.35,17.9,7.22
2022-08-22 15:15:00.000 -0400,Alan,738.4,57.49,0.36,24.34,22.59,7.21
2022-08-22 15:30:00.000 -0400,Alan,743.4,60.08,0.37,24.34,13.6,7.21
2022-08-22 15:45:00.000 -0400,Alan,747.6,60.23,0.37,24.34,10.46,7.2
2022-08-22 16:00:00.000 -0400,Alan,741.5,56.63,0.37,24.31,9.65,7.19
2022-08-22 16:15:00.000 -0400,Alan,731.5,61.13,0.36,24.39,10.95,7.21
2022-08-22 16:30:00.000 -0400,Alan,746.5,57.03,0.37,24.36,12.66,7.19
2022-08-22 16:45:00.000 -0400,Alan,735.1,51.31,0.36,24.31,11.04,7.17
2022-08-22 17:00:00.000 -0400,Alan,730.7,43.32,0.36,24.33,11.94,7.16
2022-08-22 17:15:00.000 -0400,Alan,728.8,48.7,0.36,24.35,13.1,7.17
2022-08-22 17:30:00.000 -0400,Alan,728.0,49.09,0.36,24.33,12.29,7.16
2022-08-22 17:45:00.000 -0400,Alan,727.4,47.43,0.36,24.37,15.59,7.16
2022-08-22 18:00:00.000 -0400,Alan,730.9,47.19,0.36,24.36,12.94,7.15
2022-08-22 18:15:00.000 -0400,Alan,722.8,53.18,0.36,24.26,17.47,7.17
2022-08-22 18:30:00.000 -0400,Alan,732.0,50.35,0.36,24.32,12.96,7.17
2022-08-22 18:45:00.000 -0400,Alan,734.8,41.97,0.36,24.33,14.54,7.14
2022-08-22 19:00:00.000 -0400,Alan,736.0,43.09,0.36,24.34,12.81,7.13
2022-08-22 19:15:00.000 -0400,Alan,737.0,38.21,0.36,24.32,14.67,7.13
2022-08-22 19:30:00.000 -0400,Alan,731.8,45.12,0.36,24.32,15.93,7.14
2022-08-22 19:45:00.000 -0400,Alan,731.5,44.48,0.36,24.32,17.95,7.13
2022-08-22 20:00:00.000 -0400,Alan,735.8,45.52,0.36,24.32,16.6,7.1
2022-08-22 20:15:00.000 -0400,Alan,737.5,40.69,0.36,24.35,15.59,7.07
2022-08-22 20:30:00.000 -0400,Alan,736.5,44.04,0.36,24.31,14.24,7.07
2022-08-22 20:45:00.000 -0400,Alan,737.9,39.69,0.36,24.38,12.21,7.1
2022-08-22 21:00:00.000 -0400,Alan,742.0,37.42,0.37,24.36,16.76,7.11
2022-08-22 21:15:00.000 -0400,Alan,739.9,41.2,0.36,24.35,12.87,7.1
2022-08-22 21:30:00.000 -0400,Alan,738.6,40.14,0.36,24.35,15.22,7.11
2022-08-22 21:45:00.000 -0400,Alan,741.1,40.49,0.37,24.37,15.36,7.11
2022-08-22 22:00:00.000 -0400,Alan,746.5,39.25,0.37,24.34,16.45,7.07
2022-08-22 22:15:00.000 -0400,Alan,750.9,38.21,0.37,24.38,18.75,7.11
2022-08-22 22:30:00.000 -0400,Alan,749.8,41.48,0.37,24.34,18.61,7.09
2022-08-22 22:45:00.000 -0400,Alan,749.7,34.79,0.37,24.36,26.89,7.08
2022-08-22 23:00:00.000 -0400,Alan,749.3,34.15,0.37,24.35,25.92,7.08
2022-08-22 23:15:00.000 -0400,Alan,748.7,29.08,0.37,24.36,28.13,7.06
2022-08-22 23:30:00.000 -0400,Alan,751.6,37.29,0.37,24.34,39.89,7.09
2022-08-22 23:45:00.000 -0400,Alan,750.7,34.3,0.37,24.35,23.15,7.07
2022-08-23 00:00:00.000 -0400,Alan,755.8,39.05,0.37,24.32,23.71,7.08
2022-08-23 00:15:00.000 -0400,Alan,753.9,33.99,0.37,24.34,26.29,7.05
2022-08-23 00:30:00.000 -0400,Alan,754.9,38.84,0.37,24.33,35.62,7.06
2022-08-23 00:45:00.000 -0400,Alan,756.3,36.3,0.37,24.34,31.15,7.05
2022-08-23 01:00:00.000 -0400,Alan,755.5,37.67,0.37,24.32,29.97,7.05
2022-08-23 01:15:00.000 -0400,Alan,754.3,35.56,0.37,24.32,36.35,7.04
2022-08-23 01:30:00.000 -0400,Alan,750.2,36.73,0.37,24.3,41.31,7.05
2022-08-23 01:45:00.000 -0400,Alan,751.4,38.39,0.37,24.3,45.78,7.05
2022-08-23 02:00:00.000 -0400,Alan,751.8,38.12,0.37,24.29,38.58,7.06
2022-08-23 02:15:00.000 -0400,Alan,751.2,38.18,0.37,24.28,47.04,7.05
2022-08-23 02:30:00.000 -0400,Alan,750.4,37.14,0.37,24.27,55.13,7.08
2022-08-23 02:45:00.000 -0400,Alan,746.1,36.51,0.37,24.26,69.19,7.09
2022-08-23 03:00:00.000 -0400,Alan,744.2,36.44,0.37,24.24,22.44,7.09
2022-08-23 03:15:00.000 -0400,Alan,742.4,33.84,0.37,24.23,19.0,7.09
2022-08-23 03:30:00.000 -0400,Alan,745.9,28.52,0.37,24.23,22.56,7.04
2022-08-23 03:45:00.000 -0400,Alan,748.0,29.97,0.37,24.22,24.6,7.05
2022-08-23 04:00:00.000 -0400,Alan,750.8,24.73,0.37,24.21,26.21,7.08
2022-08-23 04:15:00.000 -0400,Alan,744.6,31.79,0.37,24.19,32.06,7.11
2022-08-23 04:30:00.000 -0400,Alan,735.4,35.34,0.36,24.15,33.17,7.12
2022-08-23 04:45:00.000 -0400,Alan,734.4,33.36,0.36,24.15,38.29,7.12
2022-08-23 05:00:00.000 -0400,Alan,740.3,25.83,0.37,24.14,46.57,7.12
2022-08-23 05:15:00.000 -0400,Alan,733.7,33.02,0.36,24.14,24.82,7.15
2022-08-23 05:30:00.000 -0400,Alan,735.7,33.83,0.36,24.1,21.47,7.16
2022-08-23 05:45:00.000 -0400,Alan,737.3,28.63,0.37,24.11,32.26,7.12
2022-08-23 06:00:00.000 -0400,Alan,734.4,24.14,0.36,24.09,24.83,7.11
2022-08-23 06:15:00.000 -0400,Alan,730.7,26.74,0.36,24.07,20.88,7.1
2022-08-23 06:30:00.000 -0400,Alan,726.3,23.73,0.36,24.05,16.94,7.07
2022-08-23 06:45:00.000 -0400,Alan,724.4,20.59,0.36,24.04,16.04,7.06
2022-08-23 07:00:00.000 -0400,Alan,725.9,22.58,0.36,24.01,18.24,7.07
2022-08-23 07:15:00.000 -0400,Alan,732.4,25.94,0.36,24.01,17.91,7.11
2022-08-23 07:30:00.000 -0400,Alan,723.7,24.22,0.36,24.01,23.38,7.08
2022-08-23 07:45:00.000 -0400,Alan,729.4,25.76,0.36,23.97,13.5,7.12
2022-08-23 08:00:00.000 -0400,Alan,719.3,28.65,0.36,24.0,13.79,7.11
2022-08-23 08:15:00.000 -0400,Alan,727.3,27.68,0.36,24.0,21.69,7.11
2022-08-23 08:30:00.000 -0400,Alan,729.6,25.38,0.36,23.99,22.16,7.13
2022-08-23 08:45:00.000 -0400,Alan,725.7,28.53,0.36,24.0,14.77,7.17
2022-08-23 09:00:00.000 -0400,Alan,733.5,25.2,0.36,23.99,28.42,7.15
2022-08-23 09:15:00.000 -0400,Alan,729.6,24.22,0.36,24.0,20.59,7.15
2022-08-23 09:30:00.000 -0400,Alan,728.1,25.78,0.36,24.02,21.74,7.16
2022-08-23 09:45:00.000 -0400,Alan,733.5,24.19,0.36,24.06,27.06,7.17
2022-08-23 10:00:00.000 -0400,Alan,737.7,23.99,0.37,24.02,14.8,7.17
2022-08-23 10:15:00.000 -0400,Alan,731.8,28.53,0.36,24.11,32.82,7.2
2022-08-23 10:30:00.000 -0400,Alan,738.4,17.55,0.37,24.09,24.4,7.17
2022-08-23 10:45:00.000 -0400,Alan,737.6,28.53,0.37,24.15,15.5,7.2
2022-08-23 11:00:00.000 -0400,Alan,739.0,19.08,0.37,24.11,15.99,7.19
2022-08-23 11:15:00.000 -0400,Alan,738.0,20.16,0.37,24.16,35.04,7.2
2022-08-23 11:30:00.000 -0400,Alan,735.9,18.64,0.36,24.16,22.79,7.2
2022-08-23 11:45:00.000 -0400,Alan,733.8,29.17,0.36,24.18,16.77,7.21
2022-08-23 12:00:00.000 -0400,Alan,734.4,30.34,0.36,24.18,16.87,7.22
2022-08-23 12:15:00.000 -0400,Alan,735.9,34.74,0.36,24.2,47.4,7.22
2022-08-23 12:30:00.000 -0400,Alan,737.0,33.45,0.36,24.19,18.31,7.22
2022-08-23 12:45:00.000 -0400,Alan,738.1,33.47,0.37,24.2,20.9,7.22
2022-08-23 13:00:00.000 -0400,Alan,736.7,33.85,0.36,24.22,26.71,7.23
2022-08-23 13:15:00.000 -0400,Alan,738.9,34.96,0.37,24.21,17.41,7.22
2022-08-23 13:30:00.000 -0400,Alan,734.1,40.45,0.36,24.26,23.93,7.25
2022-08-23 13:45:00.000 -0400,Alan,734.2,40.92,0.36,24.29,18.22,7.25
2022-08-23 14:00:00.000 -0400,Alan,735.4,42.92,0.36,24.3,15.67,7.26
2022-08-23 14:15:00.000 -0400,Alan,736.6,33.05,0.36,24.27,21.29,7.24
2022-08-23 14:30:00.000 -0400,Alan,734.5,36.3,0.36,24.31,18.55,7.28
2022-08-23 14:45:00.000 -0400,Alan,730.9,37.91,0.36,24.24,15.43,7.24
2022-08-23 15:00:00.000 -0400,Alan,730.5,46.32,0.36,24.33,13.57,7.3
2022-08-23 15:15:00.000 -0400,Alan,731.3,51.25,0.36,24.31,18.91,7.3
2022-08-23 15:30:00.000 -0400,Alan,735.4,52.06,0.36,24.37,21.39,7.31
2022-08-23 15:45:00.000 -0400,Alan,734.1,46.61,0.36,24.37,15.66,7.26
2022-08-23 16:00:00.000 -0400,Alan,732.8,38.87,0.36,24.3,16.43,7.25
2022-08-23 16:15:00.000 -0400,Alan,734.9,44.14,0.36,24.38,17.36,7.27
2022-08-23 16:30:00.000 -0400,Alan,735.4,51.87,0.36,24.43,26.12,7.32
2022-08-23 16:45:00.000 -0400,Alan,738.7,46.84,0.36,24.36,21.66,7.3
2022-08-23 17:00:00.000 -0400,Alan,735.4,51.06,0.36,24.45,20.44,7.31
2022-08-23 17:15:00.000 -0400,Alan,734.5,40.65,0.36,24.44,28.02,7.27
2022-08-23 17:30:00.000 -0400,Alan,734.0,47.29,0.36,24.46,39.14,7.3
2022-08-23 17:45:00.000 -0400,Alan,732.6,47.7,0.36,24.48,23.4,7.28
2022-08-23 18:00:00.000 -0400,Alan,735.3,53.27,0.36,24.51,48.05,7.31
2022-08-23 18:15:00.000 -0400,Alan,735.2,59.6,0.36,24.48,34.72,7.33
2022-08-23 18:30:00.000 -0400,Alan,739.0,49.17,0.36,24.53,52.18,7.3
2022-08-23 18:45:00.000 -0400,Alan,741.1,55.19,0.36,24.56,51.28,7.33
2022-08-23 19:00:00.000 -0400,Alan,742.0,53.25,0.36,24.61,30.69,7.33
2022-08-23 19:15:00.000 -0400,Alan,739.4,43.81,0.36,24.52,65.6,7.32
2022-08-23 19:30:00.000 -0400,Alan,742.5,41.28,0.36,24.54,87.2,7.26
2022-08-23 19:45:00.000 -0400,Alan,742.4,40.07,0.36,24.54,25.37,7.26
2022-08-23 20:00:00.000 -0400,Alan,740.5,37.85,0.36,24.51,27.29,7.25
2022-08-23 20:15:00.000 -0400,Alan,739.0,41.28,0.36,24.55,24.97,7.27
2022-08-23 20:30:00.000 -0400,Alan,739.0,40.85,0.36,24.52,40.25,7.27
2022-08-23 20:45:00.000 -0400,Alan,742.0,35.52,0.36,24.53,21.64,7.25
2022-08-23 21:00:00.000 -0400,Alan,744.0,33.92,0.37,24.55,24.25,7.25
2022-08-23 21:15:00.000 -0400,Alan,744.5,30.47,0.37,24.55,84.7,7.23
2022-08-23 21:30:00.000 -0400,Alan,743.1,30.58,0.36,24.57,43.02,7.24
2022-08-23 21:45:00.000 -0400,Alan,742.6,32.56,0.36,24.59,46.36,7.21
2022-08-23 22:00:00.000 -0400,Alan,743.5,29.52,0.36,24.59,21.96,7.21
2022-08-23 22:15:00.000 -0400,Alan,744.4,28.4,0.37,24.58,22.89,7.21
2022-08-23 22:30:00.000 -0400,Alan,746.3,28.75,0.37,24.6,21.18,7.19
2022-08-23 22:45:00.000 -0400,Alan,788.5,4.88,0.39,24.74,30.45,7.1
2022-08-23 23:00:00.000 -0400,Alan,803.0,7.35,0.39,24.73,22.43,7.02
2022-08-23 23:15:00.000 -0400,Alan,786.3,8.43,0.39,24.72,26.86,7.04
2022-08-23 23:30:00.000 -0400,Alan,815.0,3.51,0.4,24.79,23.43,7.01
2022-08-23 23:45:00.000 -0400,Alan,857.0,3.49,0.42,24.87,20.42,6.98
2022-08-24 00:00:00.000 -0400,Alan,841.0,3.48,0.41,24.81,19.63,6.98
2022-08-24 00:15:00.000 -0400,Alan,831.0,3.93,0.41,24.77,18.68,6.98
2022-08-24 00:30:00.000 -0400,Alan,828.0,3.6,0.41,24.79,19.57,6.99
2022-08-24 00:45:00.000 -0400,Alan,825.0,3.47,0.41,24.78,22.07,6.99
2022-08-24 01:00:00.000 -0400,Alan,813.0,3.64,0.4,24.75,19.91,7.0
2022-08-24 01:15:00.000 -0400,Alan,798.7,3.47,0.39,24.73,19.44,7.03
2022-08-24 01:30:00.000 -0400,Alan,809.0,3.43,0.4,24.74,17.93,7.03
2022-08-24 01:45:00.000 -0400,Alan,800.0,3.45,0.39,24.72,20.34,7.04
2022-08-24 02:00:00.000 -0400,Alan,814.0,3.45,0.4,24.73,17.88,7.01
2022-08-24 02:15:00.000 -0400,Alan,813.0,3.44,0.4,24.75,18.18,7.02
2022-08-24 02:30:00.000 -0400,Alan,812.0,3.43,0.4,24.75,17.63,7.01
2022-08-24 02:45:00.000 -0400,Alan,808.0,3.43,0.4,24.73,18.89,7.02
2022-08-24 03:00:00.000 -0400,Alan,817.0,3.41,0.4,24.76,19.29,7.02
2022-08-24 03:15:00.000 -0400,Alan,801.0,3.4,0.39,24.72,18.05,7.03
2022-08-24 03:30:00.000 -0400,Alan,779.8,3.43,0.38,24.67,19.0,7.07
2022-08-24 03:45:00.000 -0400,Alan,800.0,3.4,0.39,24.7,21.09,7.05
2022-08-24 04:00:00.000 -0400,Alan,803.0,3.62,0.39,24.72,33.88,7.02
2022-08-24 04:15:00.000 -0400,Alan,814.0,3.53,0.4,24.72,29.96,7.01
2022-08-24 04:30:00.000 -0400,Alan,792.5,5.41,0.39,24.67,31.23,7.04
2022-08-24 04:45:00.000 -0400,Alan,786.9,9.33,0.39,24.62,30.83,7.05
2022-08-24 05:00:00.000 -0400,Alan,787.4,4.77,0.39,24.6,39.39,7.04
2022-08-24 05:15:00.000 -0400,Alan,781.8,5.24,0.38,24.57,43.62,7.06
2022-08-24 05:30:00.000 -0400,Alan,793.6,5.18,0.39,24.56,41.94,7.04
2022-08-24 05:45:00.000 -0400,Alan,770.6,5.9,0.38,24.51,43.56,7.06
2022-08-24 06:00:00.000 -0400,Alan,785.9,3.72,0.39,24.5,44.07,7.05
2022-08-24 06:15:00.000 -0400,Alan,767.8,6.55,0.38,24.45,48.71,7.08
2022-08-24 06:30:00.000 -0400,Alan,780.5,3.46,0.38,24.46,44.41,7.07
2022-08-24 06:45:00.000 -0400,Alan,774.6,3.41,0.38,24.44,60.67,7.05
2022-08-24 07:00:00.000 -0400,Alan,762.0,8.12,0.38,24.33,65.69,7.08
2022-08-24 07:15:00.000 -0400,Alan,774.8,3.57,0.38,24.39,51.82,7.04
2022-08-24 07:30:00.000 -0400,Alan,776.3,3.48,0.38,24.38,74.1,7.04
2022-08-24 07:45:00.000 -0400,Alan,773.0,7.39,0.38,24.34,36.24,7.08
2022-08-24 08:00:00.000 -0400,Alan,768.8,12.3,0.38,24.32,28.23,7.09
2022-08-24 08:15:00.000 -0400,Alan,760.9,17.12,0.38,24.28,27.06,7.11
2022-08-24 08:30:00.000 -0400,Alan,754.1,13.12,0.37,24.25,26.91,7.11
2022-08-24 08:45:00.000 -0400,Alan,751.6,17.74,0.37,24.27,30.7,7.14
2022-08-24 09:00:00.000 -0400,Alan,754.6,14.24,0.37,24.25,38.82,7.13
2022-08-24 09:15:00.000 -0400,Alan,750.5,13.08,0.37,24.22,45.46,7.16
2022-08-24 09:30:00.000 -0400,Alan,739.7,15.16,0.37,24.23,26.54,7.17
2022-08-24 09:45:00.000 -0400,Alan,745.8,10.86,0.37,24.21,35.54,7.17
2022-08-24 10:00:00.000 -0400,Alan,747.3,13.44,0.37,24.24,25.2,7.18
2022-08-24 10:15:00.000 -0400,Alan,745.4,10.27,0.37,24.21,27.08,7.18
2022-08-24 10:30:00.000 -0400,Alan,747.9,15.97,0.37,24.25,27.05,7.21
2022-08-24 10:45:00.000 -0400,Alan,740.4,13.34,0.37,24.24,31.39,7.2
2022-08-24 11:00:00.000 -0400,Alan,743.3,24.3,0.37,24.27,29.27,7.23
2022-08-24 11:15:00.000 -0400,Alan,742.3,29.77,0.37,24.32,28.28,7.25
2022-08-24 11:30:00.000 -0400,Alan,739.2,30.43,0.36,24.35,39.18,7.25
2022-08-24 11:45:00.000 -0400,Alan,744.1,33.63,0.37,24.4,31.45,7.27
2022-08-24 12:00:00.000 -0400,Alan,743.9,29.73,0.37,24.33,33.27,7.24
2022-08-24 12:15:00.000 -0400,Alan,741.2,40.57,0.37,24.4,30.49,7.3
2022-08-24 12:30:00.000 -0400,Alan,740.8,33.57,0.37,24.38,31.89,7.27
2022-08-24 12:45:00.000 -0400,Alan,741.8,40.21,0.37,24.39,32.66,7.31
2022-08-24 13:00:00.000 -0400,Alan,738.6,44.64,0.36,24.46,33.74,7.33
2022-08-24 13:15:00.000 -0400,Alan,742.8,45.99,0.37,24.49,33.75,7.32
2022-08-24 13:30:00.000 -0400,Alan,743.8,44.36,0.37,24.53,32.28,7.32
2022-08-24 13:45:00.000 -0400,Alan,752.5,55.85,0.37,24.52,30.27,7.37
2022-08-24 14:00:00.000 -0400,Alan,752.5,62.61,0.37,24.59,36.36,7.45
2022-08-24 14:15:00.000 -0400,Alan,752.2,62.59,0.37,24.64,39.81,7.4
2022-08-24 14:30:00.000 -0400,Alan,749.0,63.68,0.37,24.69,37.87,7.41
2022-08-24 14:45:00.000 -0400,Alan,753.8,55.24,0.37,24.57,37.03,7.34
2022-08-24 15:00:00.000 -0400,Alan,752.1,54.48,0.37,24.57,43.53,7.34
2022-08-24 15:15:00.000 -0400,Alan,748.6,54.64,0.37,24.66,44.48,7.36
2022-08-24 15:30:00.000 -0400,Alan,748.6,77.25,0.37,24.73,38.35,7.49
2022-08-24 15:45:00.000 -0400,Alan,749.0,67.01,0.37,24.66,39.86,7.43
2022-08-24 16:00:00.000 -0400,Alan,751.6,68.16,0.37,24.72,39.86,7.44
2022-08-24 16:15:00.000 -0400,Alan,750.4,70.35,0.37,24.74,41.82,7.42
2022-08-24 16:30:00.000 -0400,Alan,748.7,66.27,0.37,24.76,38.23,7.45
2022-08-24 16:45:00.000 -0400,Alan,752.4,79.73,0.37,24.83,36.02,7.48
2022-08-24 17:00:00.000 -0400,Alan,750.2,73.39,0.37,24.76,42.06,7.39
2022-08-24 17:15:00.000 -0400,Alan,753.1,67.81,0.37,24.78,41.07,7.43
2022-08-24 17:30:00.000 -0400,Alan,754.9,66.65,0.37,24.74,43.93,7.48
2022-08-24 17:45:00.000 -0400,Alan,754.3,71.92,0.37,24.78,39.0,7.47
2022-08-24 18:00:00.000 -0400,Alan,756.0,68.66,0.37,24.78,37.72,7.42
2022-08-24 18:15:00.000 -0400,Alan,757.5,67.72,0.37,24.73,35.72,7.4
2022-08-24 18:30:00.000 -0400,Alan,755.6,65.4,0.37,24.78,35.17,7.41
2022-08-24 18:45:00.000 -0400,Alan,753.5,57.33,0.37,24.8,39.25,7.34
2022-08-24 19:00:00.000 -0400,Alan,756.3,45.01,0.37,24.8,37.21,7.31
2022-08-24 19:15:00.000 -0400,Alan,754.0,41.42,0.37,24.81,38.17,7.27
2022-08-24 19:30:00.000 -0400,Alan,756.1,42.11,0.37,24.81,38.97,7.3
2022-08-24 19:45:00.000 -0400,Alan,756.3,54.39,0.37,24.81,37.6,7.36
2022-08-24 20:00:00.000 -0400,Alan,756.4,52.99,0.37,24.82,41.6,7.33
2022-08-24 20:15:00.000 -0400,Alan,755.1,58.86,0.37,24.84,36.03,7.34
2022-08-24 20:30:00.000 -0400,Alan,754.7,60.82,0.37,24.82,36.46,7.37
2022-08-24 20:45:00.000 -0400,Alan,756.1,58.71,0.37,24.83,37.57,7.3
2022-08-24 21:00:00.000 -0400,Alan,756.1,53.1,0.37,24.83,33.9,7.32
2022-08-24 21:15:00.000 -0400,Alan,756.1,57.61,0.37,24.83,33.72,7.3
2022-08-24 21:30:00.000 -0400,Alan,755.5,54.66,0.37,24.84,32.59,7.29
2022-08-24 21:45:00.000 -0400,Alan,755.1,49.9,0.37,24.84,32.68,7.29
2022-08-24 22:00:00.000 -0400,Alan,755.6,48.14,0.37,24.83,31.33,7.27
2022-08-24 22:15:00.000 -0400,Alan,757.6,43.83,0.37,24.84,34.57,7.3
2022-08-24 22:30:00.000 -0400,Alan,758.3,34.92,0.37,24.84,34.43,7.27
2022-08-24 22:45:00.000 -0400,Alan,760.0,28.5,0.37,24.84,52.56,7.24
2022-08-24 23:00:00.000 -0400,Alan,762.7,16.64,0.37,24.85,49.01,7.23
2022-08-24 23:15:00.000 -0400,Alan,764.9,16.52,0.37,24.86,47.25,7.21
2022-08-24 23:30:00.000 -0400,Alan,765.0,12.97,0.37,24.87,48.0,7.2
2022-08-24 23:45:00.000 -0400,Alan,767.4,16.91,0.37,24.86,47.36,7.21
2022-08-25 00:00:00.000 -0400,Alan,765.1,20.49,0.37,24.87,45.02,7.23
2022-08-25 00:15:00.000 -0400,Alan,765.9,17.47,0.37,24.88,622.5,7.21
2022-08-25 00:30:00.000 -0400,Alan,768.2,19.87,0.38,24.87,578.1,7.18
2022-08-25 00:45:00.000 -0400,Alan,770.5,22.7,0.38,24.88,512.0,7.2
2022-08-25 01:00:00.000 -0400,Alan,772.9,17.7,0.38,24.89,442.2,7.19
2022-08-25 01:15:00.000 -0400,Alan,812.0,6.09,0.4,24.99,40.35,7.11
2022-08-25 01:30:00.000 -0400,Alan,852.0,3.71,0.42,25.08,42.23,7.0
2022-08-25 01:45:00.000 -0400,Alan,877.0,3.55,0.43,25.11,38.84,6.95
2022-08-25 02:00:00.000 -0400,Alan,882.0,3.88,0.43,25.11,38.42,6.93
2022-08-25 02:15:00.000 -0400,Alan,874.0,3.97,0.43,25.09,35.46,6.95
2022-08-25 02:30:00.000 -0400,Alan,872.0,3.7,0.43,25.08,35.6,6.95
2022-08-25 02:45:00.000 -0400,Alan,858.0,4.57,0.42,25.04,35.22,6.96
2022-08-25 03:00:00.000 -0400,Alan,851.0,3.67,0.42,25.02,37.3,6.98
2022-08-25 03:15:00.000 -0400,Alan,851.0,3.64,0.42,25.01,35.41,6.98
2022-08-25 03:30:00.000 -0400,Alan,818.0,5.23,0.4,24.93,37.39,7.02
2022-08-25 03:45:00.000 -0400,Alan,832.0,3.56,0.41,24.95,39.53,7.0
2022-08-25 04:00:00.000 -0400,Alan,833.0,4.44,0.41,24.93,35.87,7.0
2022-08-25 04:15:00.000 -0400,Alan,807.0,3.45,0.4,24.87,34.47,7.05
2022-08-25 04:30:00.000 -0400,Alan,783.5,4.57,0.38,24.81,35.81,7.07
2022-08-25 04:45:00.000 -0400,Alan,782.6,3.51,0.38,24.76,39.75,7.11
2022-08-25 05:00:00.000 -0400,Alan,793.6,3.43,0.39,24.77,38.03,7.08
2022-08-25 05:15:00.000 -0400,Alan,798.7,3.42,0.39,24.72,32.19,7.06
2022-08-25 05:30:00.000 -0400,Alan,789.8,3.43,0.39,24.69,22.73,7.07
2022-08-25 05:45:00.000 -0400,Alan,790.3,3.43,0.39,24.67,22.15,7.09
2022-08-25 06:00:00.000 -0400,Alan,788.1,3.41,0.39,24.63,23.44,7.09
2022-08-25 06:15:00.000 -0400,Alan,789.3,3.45,0.39,24.57,21.35,7.07
2022-08-25 06:30:00.000 -0400,Alan,785.5,3.43,0.39,24.55,22.25,7.08
2022-08-25 06:45:00.000 -0400,Alan,787.5,3.41,0.39,24.51,29.02,7.09
2022-08-25 07:00:00.000 -0400,Alan,782.9,3.52,0.39,24.49,29.64,7.1
2022-08-25 07:15:00.000 -0400,Alan,780.9,3.6,0.39,24.45,33.04,7.09
2022-08-25 07:30:00.000 -0400,Alan,780.0,5.7,0.39,24.39,32.58,7.09
2022-08-25 07:45:00.000 -0400,Alan,777.1,3.66,0.38,24.38,32.89,7.1
2022-08-25 08:00:00.000 -0400,Alan,777.0,4.5,0.38,24.36,36.09,7.11
2022-08-25 08:15:00.000 -0400,Alan,773.9,8.87,0.38,24.35,32.9,7.12
2022-08-25 08:30:00.000 -0400,Alan,772.8,16.51,0.38,24.35,29.08,7.15
2022-08-25 08:45:00.000 -0400,Alan,771.4,21.28,0.38,24.35,25.85,7.17
2022-08-25 09:00:00.000 -0400,Alan,772.2,19.27,0.38,24.32,27.45,7.16
2022-08-25 09:15:00.000 -0400,Alan,769.4,14.03,0.38,24.33,35.04,7.16
2022-08-25 09:30:00.000 -0400,Alan,758.8,15.52,0.38,24.3,41.5,7.21
2022-08-25 09:45:00.000 -0400,Alan,758.3,21.5,0.37,24.31,28.06,7.24
2022-08-25 10:00:00.000 -0400,Alan,755.2,27.47,0.37,24.31,34.05,7.27
2022-08-25 10:15:00.000 -0400,Alan,757.7,32.06,0.37,24.34,32.28,7.27
2022-08-25 10:30:00.000 -0400,Alan,752.8,40.57,0.37,24.34,27.55,7.33
2022-08-25 10:45:00.000 -0400,Alan,751.5,42.92,0.37,24.36,35.19,7.36
2022-08-25 11:00:00.000 -0400,Alan,751.3,45.63,0.37,24.36,34.7,7.38
2022-08-25 11:15:00.000 -0400,Alan,753.4,52.0,0.37,24.4,35.85,7.39
2022-08-25 11:30:00.000 -0400,Alan,753.5,57.2,0.37,24.4,36.39,7.42
2022-08-25 11:45:00.000 -0400,Alan,752.7,55.66,0.37,24.44,29.4,7.41
2022-08-25 12:00:00.000 -0400,Alan,750.5,55.64,0.37,24.47,30.17,7.38
2022-08-25 12:15:00.000 -0400,Alan,753.0,61.36,0.37,24.51,29.63,7.43
2022-08-25 12:30:00.000 -0400,Alan,755.8,68.56,0.37,24.58,40.61,7.49
2022-08-25 12:45:00.000 -0400,Alan,755.7,67.84,0.37,24.58,29.93,7.47
2022-08-25 13:00:00.000 -0400,Alan,754.3,72.48,0.37,24.59,42.89,7.53
2022-08-25 13:15:00.000 -0400,Alan,756.5,67.8,0.37,24.6,39.53,7.49
2022-08-25 13:30:00.000 -0400,Alan,756.5,78.54,0.37,24.66,39.85,7.56
2022-08-25 13:45:00.000 -0400,Alan,759.0,65.37,0.37,24.61,33.91,7.48
2022-08-25 14:00:00.000 -0400,Alan,757.6,72.16,0.37,24.69,46.25,7.52
2022-08-25 14:15:00.000 -0400,Alan,759.3,77.06,0.37,24.74,41.55,7.58
2022-08-25 14:30:00.000 -0400,Alan,759.2,87.8,0.37,24.79,33.61,7.61
2022-08-25 14:45:00.000 -0400,Alan,755.9,87.5,0.37,24.78,46.45,7.65
2022-08-25 15:00:00.000 -0400,Alan,757.5,78.91,0.37,24.77,33.5,7.55
2022-08-25 15:15:00.000 -0400,Alan,759.0,82.9,0.37,24.8,31.43,7.59
2022-08-25 15:30:00.000 -0400,Alan,758.2,81.3,0.37,24.82,51.9,7.54
2022-08-25 15:45:00.000 -0400,Alan,760.2,83.4,0.37,24.83,39.53,7.58
2022-08-25 16:00:00.000 -0400,Alan,766.1,93.5,0.37,24.89,63.97,7.66
2022-08-25 16:15:00.000 -0400,Alan,764.4,92.1,0.37,24.93,37.68,7.6
2022-08-25 16:30:00.000 -0400,Alan,769.7,93.4,0.38,24.89,49.96,7.6
2022-08-25 16:45:00.000 -0400,Alan,761.0,87.4,0.37,24.93,54.89,7.58
2022-08-25 17:00:00.000 -0400,Alan,765.4,81.5,0.37,24.86,38.44,7.53
2022-08-25 17:15:00.000 -0400,Alan,765.1,84.5,0.37,24.86,43.32,7.55
2022-08-25 17:30:00.000 -0400,Alan,766.5,90.4,0.37,24.94,53.11,7.56
2022-08-25 17:45:00.000 -0400,Alan,766.0,84.7,0.37,24.91,43.19,7.58
2022-08-25 18:00:00.000 -0400,Alan,766.6,82.4,0.37,24.9,36.71,7.52
2022-08-25 18:15:00.000 -0400,Alan,766.2,81.7,0.37,24.92,48.8,7.54
2022-08-25 18:30:00.000 -0400,Alan,766.1,91.6,0.37,24.99,48.62,7.58
2022-08-25 18:45:00.000 -0400,Alan,769.6,77.32,0.37,25.01,51.37,7.53
2022-08-25 19:00:00.000 -0400,Alan,768.5,78.94,0.37,24.98,52.23,7.52
2022-08-25 19:15:00.000 -0400,Alan,768.3,77.21,0.37,24.99,49.03,7.51
2022-08-25 19:30:00.000 -0400,Alan,765.3,85.0,0.37,25.0,38.05,7.58
2022-08-25 19:45:00.000 -0400,Alan,765.4,82.1,0.37,24.98,53.11,7.52
2022-08-25 20:00:00.000 -0400,Alan,764.7,84.0,0.37,24.99,35.61,7.55
2022-08-25 20:15:00.000 -0400,Alan,761.8,85.0,0.37,25.0,45.29,7.56
2022-08-25 20:30:00.000 -0400,Alan,761.7,77.73,0.37,25.0,37.27,7.5
2022-08-25 20:45:00.000 -0400,Alan,762.1,74.54,0.37,24.99,47.41,7.47
2022-08-25 21:00:00.000 -0400,Alan,763.4,70.85,0.37,25.0,43.71,7.43
2022-08-25 21:15:00.000 -0400,Alan,768.8,61.96,0.37,25.01,46.52,7.39
2022-08-25 21:30:00.000 -0400,Alan,770.2,40.96,0.38,25.02,43.91,7.35
2022-08-25 21:45:00.000 -0400,Alan,770.5,50.05,0.38,25.02,40.17,7.34
2022-08-25 22:00:00.000 -0400,Alan,768.6,55.98,0.37,25.03,57.42,7.38
2022-08-25 22:15:00.000 -0400,Alan,771.0,64.42,0.38,25.03,61.47,7.39
2022-08-25 22:30:00.000 -0400,Alan,770.8,68.2,0.38,25.03,59.03,7.38
2022-08-25 22:45:00.000 -0400,Alan,770.1,62.55,0.37,25.04,59.72,7.37
2022-08-25 23:00:00.000 -0400,Alan,769.0,62.22,0.37,25.03,57.38,7.36
2022-08-25 23:15:00.000 -0400,Alan,769.1,59.11,0.37,25.03,62.21,7.34
2022-08-25 23:30:00.000 -0400,Alan,770.0,48.37,0.37,25.03,54.64,7.31
2022-08-25 23:45:00.000 -0400,Alan,768.4,54.07,0.37,25.03,72.04,7.3
2022-08-26 00:00:00.000 -0400,Alan,769.7,45.01,0.37,25.03,66.41,7.3
2022-08-26 00:15:00.000 -0400,Alan,775.1,43.02,0.38,25.04,64.94,7.28
2022-08-26 00:30:00.000 -0400,Alan,773.3,48.04,0.38,25.05,63.52,7.25
2022-08-26 00:45:00.000 -0400,Alan,777.8,39.4,0.38,25.05,65.71,7.24
2022-08-26 01:00:00.000 -0400,Alan,777.9,42.75,0.38,25.07,67.87,7.24
2022-08-26 01:15:00.000 -0400,Alan,778.6,39.96,0.38,25.06,66.54,7.25
2022-08-26 01:30:00.000 -0400,Alan,782.4,37.58,0.38,25.07,65.86,7.25
2022-08-26 01:45:00.000 -0400,Alan,805.0,22.92,0.39,25.12,64.78,7.14
2022-08-26 02:00:00.000 -0400,Alan,825.0,14.29,0.4,25.16,61.34,7.07
2022-08-26 02:15:00.000 -0400,Alan,814.0,25.39,0.4,25.12,58.6,7.12
2022-08-26 02:30:00.000 -0400,Alan,798.7,24.47,0.39,25.09,70.73,7.13
2022-08-26 02:45:00.000 -0400,Alan,788.6,34.58,0.38,25.08,73.84,7.17
2022-08-26 03:00:00.000 -0400,Alan,795.2,29.61,0.39,25.08,71.4,7.15
2022-08-26 03:15:00.000 -0400,Alan,814.0,16.44,0.4,25.12,72.34,7.11
2022-08-26 03:30:00.000 -0400,Alan,822.0,9.27,0.4,25.13,66.39,7.07
2022-08-26 03:45:00.000 -0400,Alan,833.0,5.47,0.41,25.13,67.83,7.05
2022-08-26 04:00:00.000 -0400,Alan,854.0,5.97,0.42,25.18,62.99,7.01
2022-08-26 04:15:00.000 -0400,Alan,852.0,9.61,0.42,25.14,61.8,7.01
2022-08-26 04:30:00.000 -0400,Alan,835.0,8.12,0.41,25.11,62.31,7.02
2022-08-26 04:45:00.000 -0400,Alan,814.0,8.04,0.4,25.04,59.92,7.05
2022-08-26 05:00:00.000 -0400,Alan,797.6,12.85,0.39,24.98,58.8,7.1
2022-08-26 05:15:00.000 -0400,Alan,796.7,7.17,0.39,24.96,57.83,7.08
2022-08-26 05:30:00.000 -0400,Alan,805.0,3.63,0.39,24.91,20.27,7.04
2022-08-26 05:45:00.000 -0400,Alan,793.8,4.08,0.39,24.9,52.94,7.05
2022-08-26 06:00:00.000 -0400,Alan,796.7,3.6,0.39,24.87,16.03,7.04
2022-08-26 06:15:00.000 -0400,Alan,800.0,5.67,0.39,24.84,16.68,7.04
2022-08-26 06:30:00.000 -0400,Alan,796.2,4.01,0.39,24.79,16.57,7.04
2022-08-26 06:45:00.000 -0400,Alan,792.2,6.13,0.39,24.77,17.18,7.04
2022-08-26 07:00:00.000 -0400,Alan,787.8,7.65,0.39,24.74,16.76,7.05
2022-08-26 07:15:00.000 -0400,Alan,788.9,11.41,0.39,24.72,15.48,7.06
2022-08-26 07:30:00.000 -0400,Alan,788.9,13.3,0.39,24.69,16.14,7.08
2022-08-26 07:45:00.000 -0400,Alan,787.9,11.77,0.39,24.67,21.05,7.08
2022-08-26 08:00:00.000 -0400,Alan,790.1,8.1,0.39,24.68,17.63,7.09
2022-08-26 08:15:00.000 -0400,Alan,784.2,6.85,0.39,24.66,19.34,7.11
2022-08-26 08:30:00.000 -0400,Alan,776.3,14.32,0.38,24.66,19.74,7.1
2022-08-26 08:45:00.000 -0400,Alan,782.6,18.48,0.38,24.65,21.72,7.13
2022-08-26 09:00:00.000 -0400,Alan,787.6,20.61,0.39,24.65,22.1,7.17
2022-08-26 09:15:00.000 -0400,Alan,784.6,18.42,0.39,24.67,20.58,7.16
2022-08-26 09:30:00.000 -0400,Alan,782.1,21.73,0.38,24.68,23.39,7.16
2022-08-26 09:45:00.000 -0400,Alan,782.2,23.64,0.38,24.69,20.35,7.19
2022-08-26 10:00:00.000 -0400,Alan,779.7,29.84,0.38,24.72,22.41,7.21
2022-08-26 10:15:00.000 -0400,Alan,779.9,25.97,0.38,24.72,21.65,7.2
2022-08-26 10:30:00.000 -0400,Alan,776.2,29.52,0.38,24.74,26.96,7.22
2022-08-26 10:45:00.000 -0400,Alan,0.0,0.0,0.0,0.0,0.0,0.0
2022-08-26 11:00:00.000 -0400,Alan,777.9,34.05,0.38,24.74,23.48,7.27
2022-08-26 11:15:00.000 -0400,Alan,774.2,32.37,0.38,24.78,24.97,7.26
2022-08-26 11:30:00.000 -0400,Alan,775.7,32.26,0.38,24.77,25.98,7.26
2022-08-26 11:45:00.000 -0400,Alan,776.7,26.04,0.38,24.75,30.92,7.23
2022-08-26 12:00:00.000 -0400,Alan,772.5,48.28,0.38,24.84,23.46,7.31
2022-08-26 12:15:00.000 -0400,Alan,775.4,40.49,0.38,24.79,48.05,7.31
2022-08-26 12:30:00.000 -0400,Alan,774.5,32.37,0.38,24.81,38.56,7.28
2022-08-26 12:45:00.000 -0400,Alan,775.7,30.31,0.38,24.79,25.97,7.26
2022-08-26 13:00:00.000 -0400,Alan,774.4,34.89,0.38,24.82,27.66,7.25
2022-08-26 13:15:00.000 -0400,Alan,776.2,39.31,0.38,24.86,24.29,7.33
2022-08-26 13:30:00.000 -0400,Alan,770.6,45.01,0.38,24.86,26.74,7.31
2022-08-26 13:45:00.000 -0400,Alan,771.2,46.86,0.38,24.88,25.2,7.31
2022-08-26 14:00:00.000 -0400,Alan,769.5,67.92,0.37,25.0,23.71,7.39
2022-08-26 14:15:00.000 -0400,Alan,771.8,53.28,0.38,24.91,23.02,7.41
2022-08-26 14:30:00.000 -0400,Alan,772.6,69.04,0.38,24.97,21.96,7.46
2022-08-26 14:45:00.000 -0400,Alan,764.4,82.8,0.37,25.09,21.48,7.56
2022-08-26 15:00:00.000 -0400,Alan,771.0,59.6,0.38,25.02,21.35,7.4
2022-08-26 15:15:00.000 -0400,Alan,768.9,65.4,0.37,25.03,20.75,7.44
2022-08-26 15:30:00.000 -0400,Alan,769.0,71.24,0.37,25.04,22.43,7.42
2022-08-26 15:45:00.000 -0400,Alan,774.6,56.25,0.38,24.97,24.1,7.36
2022-08-26 16:00:00.000 -0400,Alan,774.0,28.44,0.38,24.98,22.71,7.37
2022-08-26 16:15:00.000 -0400,Alan,769.8,36.7,0.37,25.07,26.75,7.44
2022-08-26 16:30:00.000 -0400,Alan,770.3,32.71,0.37,25.04,31.31,7.41
2022-08-26 16:45:00.000 -0400,Alan,768.7,34.04,0.37,25.12,30.79,7.42
2022-08-26 17:00:00.000 -0400,Alan,770.1,34.26,0.37,25.14,34.51,7.37
2022-08-26 17:15:00.000 -0400,Alan,767.8,66.01,0.37,25.17,35.17,7.44
2022-08-26 17:30:00.000 -0400,Alan,754.9,66.31,0.37,25.19,39.3,7.46
2022-08-26 17:45:00.000 -0400,Alan,765.0,67.61,0.37,25.18,36.97,7.45
2022-08-26 18:00:00.000 -0400,Alan,767.7,61.81,0.37,25.2,32.81,7.4
2022-08-26 18:15:00.000 -0400,Alan,767.7,53.37,0.37,25.17,30.68,7.34
2022-08-26 18:30:00.000 -0400,Alan,768.7,49.83,0.37,25.17,35.01,7.34
2022-08-26 18:45:00.000 -0400,Alan,771.8,41.01,0.37,25.16,36.61,7.3
2022-08-26 19:00:00.000 -0400,Alan,770.9,40.17,0.37,25.16,33.21,7.26
2022-08-26 19:15:00.000 -0400,Alan,772.1,30.78,0.37,25.15,29.43,7.26
2022-08-26 19:30:00.000 -0400,Alan,772.9,14.67,0.38,25.15,32.18,7.24
2022-08-26 19:45:00.000 -0400,Alan,773.1,16.7,0.38,25.15,30.31,7.22
2022-08-26 20:00:00.000 -0400,Alan,772.0,21.27,0.37,25.16,30.53,7.23
2022-08-26 20:15:00.000 -0400,Alan,771.9,22.67,0.37,25.17,33.6,7.22
2022-08-26 20:30:00.000 -0400,Alan,771.5,23.46,0.37,25.18,30.68,7.24
2022-08-26 20:45:00.000 -0400,Alan,772.5,25.16,0.38,25.18,35.83,7.24
2022-08-26 21:00:00.000 -0400,Alan,773.0,13.92,0.38,25.17,36.16,7.22
2022-08-26 21:15:00.000 -0400,Alan,772.3,15.93,0.37,25.17,36.45,7.22
2022-08-26 21:30:00.000 -0400,Alan,773.0,16.9,0.38,25.18,41.02,7.22
2022-08-26 21:45:00.000 -0400,Alan,774.1,15.59,0.38,25.18,39.14,7.21
2022-08-26 22:00:00.000 -0400,Alan,777.1,11.0,0.38,25.19,38.89,7.19
2022-08-26 22:15:00.000 -0400,Alan,777.6,7.31,0.38,25.19,42.67,7.19
2022-08-26 22:30:00.000 -0400,Alan,779.7,12.07,0.38,25.21,45.52,7.2
2022-08-26 22:45:00.000 -0400,Alan,779.5,7.05,0.38,25.2,43.6,7.18
2022-08-26 23:00:00.000 -0400,Alan,779.7,14.84,0.38,25.21,48.68,7.19
2022-08-26 23:15:00.000 -0400,Alan,779.5,7.1,0.38,25.21,50.05,7.18
2022-08-26 23:30:00.000 -0400,Alan,778.4,11.64,0.38,25.22,49.55,7.19
2022-08-26 23:45:00.000 -0400,Alan,778.4,5.65,0.38,25.2,46.72,7.18
2022-08-27 00:00:00.000 -0400,Alan,780.0,5.86,0.38,25.2,47.22,7.19
2022-08-27 00:15:00.000 -0400,Alan,781.3,3.48,0.38,25.19,40.98,7.2
2022-08-27 00:30:00.000 -0400,Alan,781.7,3.45,0.38,25.19,88.5,7.2
2022-08-27 00:45:00.000 -0400,Alan,782.2,3.48,0.38,25.19,120.0,7.2
2022-08-27 01:00:00.000 -0400,Alan,782.4,3.46,0.38,25.18,100.1,7.21
2022-08-27 01:15:00.000 -0400,Alan,783.8,3.46,0.38,25.17,89.8,7.23
2022-08-27 01:30:00.000 -0400,Alan,785.6,3.44,0.38,25.17,93.1,7.23
2022-08-27 01:45:00.000 -0400,Alan,787.7,3.46,0.38,25.18,96.4,7.24
2022-08-27 02:00:00.000 -0400,Alan,789.9,3.45,0.38,25.18,88.7,7.25
2022-08-27 02:15:00.000 -0400,Alan,792.5,3.46,0.39,25.17,89.8,7.26
2022-08-27 02:30:00.000 -0400,Alan,795.0,3.44,0.39,25.17,84.7,7.27
2022-08-27 02:45:00.000 -0400,Alan,795.7,3.43,0.39,25.16,76.41,7.25
2022-08-27 03:00:00.000 -0400,Alan,797.1,3.43,0.39,25.15,81.5,7.25
2022-08-27 03:15:00.000 -0400,Alan,799.7,3.43,0.39,25.14,78.4,7.25
2022-08-27 03:30:00.000 -0400,Alan,802.0,3.43,0.39,25.13,79.51,7.24
2022-08-27 03:45:00.000 -0400,Alan,804.0,3.42,0.39,25.11,77.35,7.24
2022-08-27 04:00:00.000 -0400,Alan,799.7,3.44,0.39,25.08,77.29,7.23
2022-08-27 04:15:00.000 -0400,Alan,803.0,3.44,0.39,25.08,75.91,7.24
2022-08-27 04:30:00.000 -0400,Alan,801.0,3.44,0.39,25.06,76.24,7.23
2022-08-27 04:45:00.000 -0400,Alan,799.9,3.43,0.39,25.03,76.65,7.22
2022-08-27 05:00:00.000 -0400,Alan,797.7,3.42,0.39,25.01,76.97,7.21
2022-08-27 05:15:00.000 -0400,Alan,808.0,3.44,0.39,24.95,49.12,7.16
2022-08-27 05:30:00.000 -0400,Alan,812.0,3.42,0.4,24.99,48.38,7.16
2022-08-27 05:45:00.000 -0400,Alan,815.0,3.43,0.4,24.98,48.17,7.14
2022-08-27 06:00:00.000 -0400,Alan,811.0,3.42,0.4,24.94,47.24,7.11
2022-08-27 06:15:00.000 -0400,Alan,812.0,3.44,0.4,24.91,53.29,7.1
2022-08-27 06:30:00.000 -0400,Alan,806.0,3.43,0.39,24.87,53.34,7.1
2022-08-27 06:45:00.000 -0400,Alan,806.0,3.43,0.39,24.85,53.12,7.09
2022-08-27 07:00:00.000 -0400,Alan,802.0,3.43,0.39,24.8,49.18,7.08
2022-08-27 07:15:00.000 -0400,Alan,798.2,3.43,0.39,24.77,45.57,7.07
2022-08-27 07:30:00.000 -0400,Alan,801.0,3.42,0.39,24.79,51.03,7.07
2022-08-27 07:45:00.000 -0400,Alan,794.9,3.44,0.39,24.75,39.43,7.09
2022-08-27 08:00:00.000 -0400,Alan,791.8,3.43,0.39,24.74,47.4,7.09
2022-08-27 08:15:00.000 -0400,Alan,790.6,3.42,0.39,24.72,98.6,7.09
2022-08-27 08:30:00.000 -0400,Alan,793.0,3.42,0.39,24.73,67.22,7.1
2022-08-27 08:45:00.000 -0400,Alan,794.9,3.43,0.39,24.69,96.8,7.1
2022-08-27 09:00:00.000 -0400,Alan,795.1,3.42,0.39,24.67,64.59,7.07
2022-08-27 09:15:00.000 -0400,Alan,787.2,3.42,0.39,24.66,28.54,7.13
2022-08-27 09:30:00.000 -0400,Alan,779.5,3.43,0.38,24.66,36.23,7.17
2022-08-27 09:45:00.000 -0400,Alan,772.3,3.43,0.38,24.67,203.2,7.18
2022-08-27 10:00:00.000 -0400,Alan,775.3,3.42,0.38,24.67,23.33,7.17
2022-08-27 10:15:00.000 -0400,Alan,773.9,3.46,0.38,24.71,55.83,7.17
2022-08-27 10:30:00.000 -0400,Alan,776.7,3.49,0.38,24.72,188.2,7.19
2022-08-27 10:45:00.000 -0400,Alan,774.8,4.01,0.38,24.74,23.14,7.19
2022-08-27 11:00:00.000 -0400,Alan,775.2,3.49,0.38,24.73,17.05,7.18
2022-08-27 11:15:00.000 -0400,Alan,774.7,6.49,0.38,24.8,31.59,7.19
2022-08-27 11:30:00.000 -0400,Alan,774.6,8.37,0.38,24.84,66.94,7.2
2022-08-27 11:45:00.000 -0400,Alan,776.1,3.82,0.38,24.82,47.49,7.19
2022-08-27 12:00:00.000 -0400,Alan,778.4,20.05,0.38,24.89,21.9,7.24
2022-08-27 12:15:00.000 -0400,Alan,777.5,23.11,0.38,24.95,27.2,7.24
2022-08-27 12:30:00.000 -0400,Alan,775.9,21.94,0.38,24.99,32.87,7.27
2022-08-27 12:45:00.000 -0400,Alan,776.4,38.13,0.38,25.05,84.3,7.33
2022-08-27 13:00:00.000 -0400,Alan,773.7,28.52,0.38,25.0,30.21,7.28
2022-08-27 13:15:00.000 -0400,Alan,780.8,38.57,0.38,25.1,35.3,7.35
2022-08-27 13:30:00.000 -0400,Alan,780.3,47.85,0.38,25.16,8.55,7.38
2022-08-27 13:45:00.000 -0400,Alan,781.1,39.47,0.38,25.12,6.84,7.32
2022-08-27 14:00:00.000 -0400,Alan,784.2,45.69,0.38,25.17,5.97,7.37
2022-08-27 14:15:00.000 -0400,Alan,784.3,50.94,0.38,25.23,6.43,7.39
2022-08-27 14:30:00.000 -0400,Alan,782.6,61.57,0.38,25.25,7.74,7.45
2022-08-27 14:45:00.000 -0400,Alan,785.9,57.49,0.38,25.3,8.18,7.44
2022-08-27 15:00:00.000 -0400,Alan,786.1,74.62,0.38,25.35,7.85,7.5
2022-08-27 15:15:00.000 -0400,Alan,784.1,74.09,0.38,25.36,9.39,7.55
2022-08-27 15:30:00.000 -0400,Alan,791.4,62.66,0.38,25.36,7.35,7.46
2022-08-27 15:45:00.000 -0400,Alan,790.3,65.54,0.38,25.39,7.76,7.47
2022-08-27 16:00:00.000 -0400,Alan,790.3,67.92,0.38,25.41,6.88,7.47
2022-08-27 16:15:00.000 -0400,Alan,788.7,70.82,0.38,25.43,9.54,7.5
2022-08-27 16:30:00.000 -0400,Alan,788.5,66.22,0.38,25.32,7.28,7.48
2022-08-27 16:45:00.000 -0400,Alan,787.8,72.7,0.38,25.42,8.18,7.52
2022-08-27 17:00:00.000 -0400,Alan,791.6,70.14,0.38,25.47,7.49,7.49
2022-08-27 17:15:00.000 -0400,Alan,790.3,66.44,0.38,25.45,8.0,7.46
2022-08-27 17:30:00.000 -0400,Alan,794.2,67.18,0.38,25.5,7.32,7.48
2022-08-27 17:45:00.000 -0400,Alan,800.0,74.4,0.39,25.51,9.15,7.49
2022-08-27 18:00:00.000 -0400,Alan,795.3,68.0,0.38,25.48,10.34,7.45
2022-08-27 18:15:00.000 -0400,Alan,795.3,58.59,0.38,25.44,9.79,7.42
2022-08-27 18:30:00.000 -0400,Alan,798.6,59.61,0.39,25.46,8.7,7.43
2022-08-27 18:45:00.000 -0400,Alan,795.5,58.4,0.38,25.47,10.12,7.35
2022-08-27 19:00:00.000 -0400,Alan,795.7,59.53,0.38,25.48,9.94,7.32
2022-08-27 19:15:00.000 -0400,Alan,793.4,47.1,0.38,25.45,9.27,7.31
2022-08-27 19:30:00.000 -0400,Alan,793.4,36.93,0.38,25.45,9.45,7.3
2022-08-27 19:45:00.000 -0400,Alan,797.6,46.07,0.39,25.44,12.46,7.31
2022-08-27 20:00:00.000 -0400,Alan,798.7,44.1,0.39,25.48,13.86,7.32
2022-08-27 20:15:00.000 -0400,Alan,798.5,45.85,0.39,25.49,12.84,7.31
2022-08-27 20:30:00.000 -0400,Alan,799.1,48.53,0.39,25.52,11.58,7.3
2022-08-27 20:45:00.000 -0400,Alan,800.0,50.91,0.39,25.5,11.37,7.32
2022-08-27 21:00:00.000 -0400,Alan,799.7,55.9,0.39,25.52,10.58,7.32
2022-08-27 21:15:00.000 -0400,Alan,802.0,44.25,0.39,25.51,12.17,7.3
2022-08-27 21:30:00.000 -0400,Alan,800.0,49.94,0.39,25.51,12.44,7.29
2022-08-27 21:45:00.000 -0400,Alan,802.0,45.03,0.39,25.51,13.2,7.3
2022-08-27 22:00:00.000 -0400,Alan,801.0,44.04,0.39,25.52,12.03,7.27
2022-08-27 22:15:00.000 -0400,Alan,801.0,40.9,0.39,25.51,13.62,7.27
2022-08-27 22:30:00.000 -0400,Alan,800.0,43.21,0.39,25.49,12.25,7.28
2022-08-27 22:45:00.000 -0400,Alan,798.4,28.38,0.39,25.5,94.0,7.26
2022-08-27 23:00:00.000 -0400,Alan,799.2,33.14,0.39,25.49,110.1,7.26
2022-08-27 23:15:00.000 -0400,Alan,799.8,26.79,0.39,25.51,117.5,7.25
2022-08-27 23:30:00.000 -0400,Alan,802.0,30.99,0.39,25.51,107.1,7.24
2022-08-27 23:45:00.000 -0400,Alan,801.0,29.07,0.39,25.5,126.9,7.23
2022-08-28 00:00:00.000 -0400,Alan,799.9,26.91,0.39,25.5,128.7,7.25
2022-08-28 00:15:00.000 -0400,Alan,806.0,38.47,0.39,25.54,121.9,7.27
2022-08-28 00:30:00.000 -0400,Alan,803.0,33.68,0.39,25.49,115.5,7.26
2022-08-28 00:45:00.000 -0400,Alan,805.0,33.43,0.39,25.52,114.3,7.25
2022-08-28 01:00:00.000 -0400,Alan,809.0,33.65,0.39,25.53,215.8,7.25
2022-08-28 01:15:00.000 -0400,Alan,809.0,24.85,0.39,25.54,194.2,7.21
2022-08-28 01:30:00.000 -0400,Alan,819.0,23.83,0.4,25.55,187.7,7.2
2022-08-28 01:45:00.000 -0400,Alan,809.0,30.11,0.39,25.49,183.3,7.22
2022-08-28 02:00:00.000 -0400,Alan,817.0,26.98,0.39,25.5,177.2,7.2
2022-08-28 02:15:00.000 -0400,Alan,817.0,19.44,0.39,25.51,173.6,7.18
2022-08-28 02:30:00.000 -0400,Alan,817.0,17.79,0.39,25.52,161.1,7.19
2022-08-28 02:45:00.000 -0400,Alan,818.0,24.91,0.39,25.53,152.4,7.19
2022-08-28 03:00:00.000 -0400,Alan,815.0,16.89,0.39,25.53,152.1,7.16
2022-08-28 03:15:00.000 -0400,Alan,825.0,17.01,0.4,25.52,151.8,7.15
2022-08-28 03:30:00.000 -0400,Alan,823.0,9.83,0.4,25.54,155.5,7.14
2022-08-28 03:45:00.000 -0400,Alan,824.0,12.42,0.4,25.53,158.0,7.13
2022-08-28 04:00:00.000 -0400,Alan,843.0,13.08,0.41,25.5,159.0,7.11
2022-08-28 04:15:00.000 -0400,Alan,853.0,16.29,0.41,25.53,161.7,7.11
2022-08-28 04:30:00.000 -0400,Alan,845.0,15.35,0.41,25.52,155.5,7.1
2022-08-28 04:45:00.000 -0400,Alan,835.0,6.69,0.4,25.5,153.1,7.11
2022-08-28 05:00:00.000 -0400,Alan,816.0,15.59,0.39,25.5,165.7,7.13
2022-08-28 05:15:00.000 -0400,Alan,839.0,17.97,0.41,25.47,151.1,7.13
2022-08-28 05:30:00.000 -0400,Alan,828.0,9.34,0.4,25.46,129.5,7.1
2022-08-28 05:45:00.000 -0400,Alan,822.0,16.35,0.4,25.43,55.25,7.13
2022-08-28 06:00:00.000 -0400,Alan,824.0,18.03,0.4,25.42,44.61,7.15
2022-08-28 06:15:00.000 -0400,Alan,803.0,15.93,0.39,25.4,40.86,7.15
2022-08-28 06:30:00.000 -0400,Alan,813.0,15.65,0.39,25.39,7.09,7.17
2022-08-28 06:45:00.000 -0400,Alan,808.0,15.26,0.39,25.39,6.48,7.17
2022-08-28 07:00:00.000 -0400,Alan,811.0,20.0,0.39,25.35,8.02,7.18
2022-08-28 07:15:00.000 -0400,Alan,810.0,15.79,0.39,25.33,17.86,7.16
2022-08-28 07:30:00.000 -0400,Alan,811.0,22.95,0.39,25.33,17.57,7.21
2022-08-28 07:45:00.000 -0400,Alan,811.0,21.75,0.39,25.32,13.27,7.21
2022-08-28 08:00:00.000 -0400,Alan,804.0,18.71,0.39,25.3,6.66,7.2
2022-08-28 08:15:00.000 -0400,Alan,806.0,21.9,0.39,25.3,15.17,7.2
2022-08-28 08:30:00.000 -0400,Alan,802.0,19.36,0.39,25.3,6.02,7.22
2022-08-28 08:45:00.000 -0400,Alan,802.0,15.76,0.39,25.28,6.71,7.21
2022-08-28 09:00:00.000 -0400,Alan,798.6,13.61,0.39,25.28,7.74,7.2
2022-08-28 09:15:00.000 -0400,Alan,800.0,16.03,0.39,25.28,14.6,7.21
2022-08-28 09:30:00.000 -0400,Alan,802.0,18.3,0.39,25.25,5.79,7.21
2022-08-28 09:45:00.000 -0400,Alan,796.5,16.83,0.39,25.29,6.69,7.22
2022-08-28 10:00:00.000 -0400,Alan,799.2,19.81,0.39,25.26,8.25,7.24
2022-08-28 10:15:00.000 -0400,Alan,795.8,22.94,0.39,25.28,9.39,7.25
2022-08-28 10:30:00.000 -0400,Alan,793.1,21.39,0.38,25.25,7.99,7.26
2022-08-28 10:45:00.000 -0400,Alan,797.7,21.72,0.39,25.23,7.58,7.24
2022-08-28 11:00:00.000 -0400,Alan,795.3,33.01,0.39,25.35,7.01,7.31
2022-08-28 11:15:00.000 -0400,Alan,798.4,16.42,0.39,25.31,6.94,7.23
2022-08-28 11:30:00.000 -0400,Alan,799.7,18.41,0.39,25.36,9.4,7.23
2022-08-28 11:45:00.000 -0400,Alan,798.7,19.52,0.39,25.38,11.36,7.23
2022-08-28 12:00:00.000 -0400,Alan,800.0,28.23,0.39,25.44,12.71,7.26
2022-08-28 12:15:00.000 -0400,Alan,799.0,25.44,0.39,25.4,11.54,7.27
2022-08-28 12:30:00.000 -0400,Alan,800.0,24.92,0.39,25.38,9.25,7.26
2022-08-28 12:45:00.000 -0400,Alan,796.6,18.34,0.39,25.41,9.2,7.25
2022-08-28 13:00:00.000 -0400,Alan,798.3,25.17,0.39,25.37,9.67,7.25
2022-08-28 13:15:00.000 -0400,Alan,795.8,17.04,0.38,25.42,12.14,7.24
2022-08-28 13:30:00.000 -0400,Alan,795.9,27.78,0.38,25.46,9.65,7.28
2022-08-28 13:45:00.000 -0400,Alan,799.6,18.45,0.39,25.39,8.73,7.23
2022-08-28 14:00:00.000 -0400,Alan,797.3,22.71,0.39,25.46,10.96,7.25
2022-08-28 14:15:00.000 -0400,Alan,795.4,33.67,0.38,25.5,9.89,7.31
2022-08-28 14:30:00.000 -0400,Alan,796.5,35.59,0.38,25.52,9.74,7.31
2022-08-28 14:45:00.000 -0400,Alan,796.0,43.2,0.38,25.58,10.28,7.37
2022-08-28 15:00:00.000 -0400,Alan,796.6,43.39,0.38,25.6,10.07,7.35
2022-08-28 15:15:00.000 -0400,Alan,799.6,35.52,0.39,25.57,11.08,7.31
2022-08-28 15:30:00.000 -0400,Alan,799.7,40.81,0.39,25.6,9.12,7.34
2022-08-28 15:45:00.000 -0400,Alan,799.8,35.64,0.39,25.62,9.81,7.31
2022-08-28 16:00:00.000 -0400,Alan,798.2,47.83,0.38,25.61,10.75,7.38
2022-08-28 16:15:00.000 -0400,Alan,796.7,44.54,0.38,25.68,11.77,7.38
2022-08-28 16:30:00.000 -0400,Alan,795.6,60.06,0.38,25.75,13.78,7.43
2022-08-28 16:45:00.000 -0400,Alan,799.6,50.41,0.38,25.69,11.45,7.41
2022-08-28 17:00:00.000 -0400,Alan,800.0,42.43,0.39,25.65,12.9,7.36
2022-08-28 17:15:00.000 -0400,Alan,798.2,40.65,0.38,25.67,14.12,7.35
2022-08-28 17:30:00.000 -0400,Alan,796.5,47.95,0.38,25.71,15.27,7.38
2022-08-28 17:45:00.000 -0400,Alan,794.0,50.86,0.38,25.74,17.81,7.38
2022-08-28 18:00:00.000 -0400,Alan,796.9,57.94,0.38,25.75,13.12,7.41
2022-08-28 18:15:00.000 -0400,Alan,797.9,46.25,0.38,25.74,12.61,7.38
2022-08-28 18:30:00.000 -0400,Alan,796.0,49.08,0.38,25.75,16.35,7.4
2022-08-28 18:45:00.000 -0400,Alan,795.9,48.33,0.38,25.8,15.67,7.36
2022-08-28 19:00:00.000 -0400,Alan,798.2,49.52,0.38,25.79,22.51,7.38
2022-08-28 19:15:00.000 -0400,Alan,807.0,44.73,0.39,25.8,19.73,7.35
2022-08-28 19:30:00.000 -0400,Alan,805.0,39.94,0.39,25.77,16.88,7.37
2022-08-28 19:45:00.000 -0400,Alan,807.0,40.21,0.39,25.82,24.81,7.34
2022-08-28 20:00:00.000 -0400,Alan,810.0,40.14,0.39,25.83,61.65,7.32
2022-08-28 20:15:00.000 -0400,Alan,811.0,36.41,0.39,25.81,16.92,7.29
2022-08-28 20:30:00.000 -0400,Alan,807.0,28.78,0.39,25.78,14.44,7.31
2022-08-28 20:45:00.000 -0400,Alan,798.7,35.24,0.38,25.8,19.65,7.34
2022-08-28 21:00:00.000 -0400,Alan,799.7,32.8,0.38,25.78,17.82,7.31
2022-08-28 21:15:00.000 -0400,Alan,798.8,36.62,0.38,25.77,16.76,7.31
2022-08-28 21:30:00.000 -0400,Alan,804.0,28.2,0.39,25.74,15.37,7.28
2022-08-28 21:45:00.000 -0400,Alan,803.0,29.65,0.39,25.73,16.35,7.28
2022-08-28 22:00:00.000 -0400,Alan,807.0,26.41,0.39,25.76,16.45,7.29
2022-08-28 22:15:00.000 -0400,Alan,807.0,22.66,0.39,25.73,17.13,7.24
2022-08-28 22:30:00.000 -0400,Alan,811.0,21.87,0.39,25.75,15.54,7.24
2022-08-28 22:45:00.000 -0400,Alan,809.0,17.86,0.39,25.77,16.1,7.23
2022-08-28 23:00:00.000 -0400,Alan,823.0,13.36,0.4,25.76,18.17,7.17
2022-08-28 23:15:00.000 -0400,Alan,814.0,9.16,0.39,25.76,13.03,7.17
2022-08-28 23:30:00.000 -0400,Alan,811.0,7.73,0.39,25.75,14.47,7.17
2022-08-28 23:45:00.000 -0400,Alan,803.0,16.47,0.39,25.74,13.93,7.21
2022-08-29 00:00:00.000 -0400,Alan,803.0,9.53,0.39,25.73,13.74,7.2
2022-08-29 00:15:00.000 -0400,Alan,803.0,11.99,0.39,25.72,13.52,7.2
2022-08-29 00:30:00.000 -0400,Alan,802.0,11.39,0.39,25.7,14.04,7.21
2022-08-29 00:45:00.000 -0400,Alan,805.0,5.83,0.39,25.67,14.16,7.19
2022-08-29 01:00:00.000 -0400,Alan,816.0,7.24,0.39,25.7,15.59,7.2
2022-08-29 01:15:00.000 -0400,Alan,825.0,6.28,0.4,25.72,13.08,7.15
2022-08-29 01:30:00.000 -0400,Alan,841.0,3.63,0.4,25.73,15.01,7.15
2022-08-29 01:45:00.000 -0400,Alan,852.0,3.53,0.41,25.73,17.89,7.11
2022-08-29 02:00:00.000 -0400,Alan,855.0,3.62,0.41,25.74,16.75,7.09
2022-08-29 02:15:00.000 -0400,Alan,867.0,3.47,0.42,25.74,13.11,7.09
2022-08-29 02:30:00.000 -0400,Alan,866.0,3.55,0.42,25.75,11.86,7.05
2022-08-29 02:45:00.000 -0400,Alan,876.0,3.46,0.42,25.75,11.12,7.06
2022-08-29 03:00:00.000 -0400,Alan,878.0,3.57,0.42,25.74,13.73,7.05
2022-08-29 03:15:00.000 -0400,Alan,875.0,3.75,0.42,25.73,14.06,7.03
2022-08-29 03:30:00.000 -0400,Alan,855.0,3.45,0.41,25.66,14.61,7.06
2022-08-29 03:45:00.000 -0400,Alan,855.0,3.55,0.41,25.63,14.49,7.08
2022-08-29 04:00:00.000 -0400,Alan,845.0,3.44,0.41,25.59,16.11,7.08
2022-08-29 04:15:00.000 -0400,Alan,848.0,3.44,0.41,25.57,16.17,7.09
2022-08-29 04:30:00.000 -0400,Alan,839.0,3.47,0.41,25.51,14.54,7.09
2022-08-29 04:45:00.000 -0400,Alan,835.0,3.45,0.4,25.49,16.41,7.1
2022-08-29 05:00:00.000 -0400,Alan,834.0,3.43,0.4,25.47,16.99,7.1
2022-08-29 05:15:00.000 -0400,Alan,824.0,3.42,0.4,25.44,21.52,7.13
2022-08-29 05:30:00.000 -0400,Alan,817.0,3.43,0.4,25.39,16.55,7.13
2022-08-29 05:45:00.000 -0400,Alan,816.0,3.44,0.4,25.39,17.3,7.14
2022-08-29 06:00:00.000 -0400,Alan,809.0,3.46,0.39,25.33,15.85,7.15
2022-08-29 06:15:00.000 -0400,Alan,806.0,3.65,0.39,25.31,14.84,7.15
2022-08-29 06:30:00.000 -0400,Alan,806.0,3.42,0.39,25.31,16.6,7.15
2022-08-29 06:45:00.000 -0400,Alan,804.0,3.92,0.39,25.29,13.21,7.16
2022-08-29 07:00:00.000 -0400,Alan,804.0,3.49,0.39,25.27,13.99,7.15
2022-08-29 07:15:00.000 -0400,Alan,804.0,3.44,0.39,25.25,14.47,7.16
2022-08-29 07:30:00.000 -0400,Alan,803.0,3.42,0.39,25.24,12.11,7.16
2022-08-29 07:45:00.000 -0400,Alan,799.7,3.44,0.39,25.21,13.17,7.16
2022-08-29 08:00:00.000 -0400,Alan,799.1,3.49,0.39,25.21,24.82,7.16
2022-08-29 08:15:00.000 -0400,Alan,799.6,3.55,0.39,25.23,13.73,7.17
2022-08-29 08:30:00.000 -0400,Alan,797.5,4.28,0.39,25.23,13.23,7.17
2022-08-29 08:45:00.000 -0400,Alan,798.7,4.17,0.39,25.26,11.89,7.17
2022-08-29 09:00:00.000 -0400,Alan,797.7,6.42,0.39,25.24,16.6,7.18
2022-08-29 09:15:00.000 -0400,Alan,798.7,6.3,0.39,25.25,13.25,7.19
2022-08-29 09:30:00.000 -0400,Alan,801.0,8.34,0.39,25.26,13.57,7.19
2022-08-29 09:45:00.000 -0400,Alan,801.0,11.12,0.39,25.3,14.24,7.2
2022-08-29 10:00:00.000 -0400,Alan,805.0,10.19,0.39,25.27,15.35,7.19
2022-08-29 10:15:00.000 -0400,Alan,803.0,14.37,0.39,25.31,23.75,7.21
2022-08-29 10:30:00.000 -0400,Alan,802.0,11.65,0.39,25.34,19.69,7.21
2022-08-29 10:45:00.000 -0400,Alan,804.0,5.64,0.39,25.31,20.84,7.17
2022-08-29 11:00:00.000 -0400,Alan,802.0,14.74,0.39,25.33,11.65,7.21
2022-08-29 11:15:00.000 -0400,Alan,798.6,27.19,0.39,25.41,48.65,7.27
2022-08-29 11:30:00.000 -0400,Alan,803.0,23.55,0.39,25.37,33.02,7.25
2022-08-29 11:45:00.000 -0400,Alan,795.6,39.68,0.38,25.46,28.73,7.31
2022-08-29 12:00:00.000 -0400,Alan,801.0,28.43,0.39,25.43,10.94,7.26
2022-08-29 12:15:00.000 -0400,Alan,804.0,34.09,0.39,25.44,11.83,7.28
2022-08-29 12:30:00.000 -0400,Alan,804.0,32.61,0.39,25.44,11.81,7.3
2022-08-29 12:45:00.000 -0400,Alan,800.0,45.06,0.39,25.55,18.59,7.34
2022-08-29 13:00:00.000 -0400,Alan,800.0,31.86,0.39,25.5,13.53,7.31
2022-08-29 13:15:00.000 -0400,Alan,804.0,57.38,0.39,25.63,14.12,7.42
2022-08-29 13:30:00.000 -0400,Alan,798.5,53.2,0.38,25.61,16.11,7.41
2022-08-29 13:45:00.000 -0400,Alan,801.0,52.86,0.39,25.62,17.66,7.41
2022-08-29 14:00:00.000 -0400,Alan,797.9,59.35,0.38,25.7,16.92,7.45
2022-08-29 14:15:00.000 -0400,Alan,798.9,64.99,0.38,25.7,10.54,7.49
2022-08-29 14:30:00.000 -0400,Alan,799.5,75.55,0.38,25.76,11.73,7.56
2022-08-29 14:45:00.000 -0400,Alan,800.0,83.4,0.38,25.85,14.21,7.59
2022-08-29 15:00:00.000 -0400,Alan,802.0,76.9,0.38,25.84,14.69,7.59
2022-08-29 15:15:00.000 -0400,Alan,804.0,85.8,0.38,25.94,18.36,7.61
2022-08-29 15:30:00.000 -0400,Alan,803.0,89.1,0.38,25.93,13.05,7.65
2022-08-29 15:45:00.000 -0400,Alan,802.0,81.3,0.38,25.88,19.78,7.58
2022-08-29 16:00:00.000 -0400,Alan,800.0,94.5,0.38,26.02,14.0,7.73
2022-08-29 16:15:00.000 -0400,Alan,804.0,76.93,0.38,26.03,15.33,7.68
2022-08-29 16:30:00.000 -0400,Alan,802.0,95.4,0.38,26.05,13.43,7.7
2022-08-29 16:45:00.000 -0400,Alan,805.0,94.1,0.38,26.05,15.24,7.65
2022-08-29 17:00:00.000 -0400,Alan,804.0,95.1,0.38,26.09,13.29,7.67
2022-08-29 17:15:00.000 -0400,Alan,806.0,101.1,0.38,26.11,11.61,7.71
2022-08-29 17:30:00.000 -0400,Alan,807.0,80.9,0.39,25.95,9.78,7.58
2022-08-29 17:45:00.000 -0400,Alan,807.0,79.22,0.39,25.95,10.64,7.55
2022-08-29 18:00:00.000 -0400,Alan,806.0,90.5,0.38,26.08,9.56,7.63
2022-08-29 18:15:00.000 -0400,Alan,807.0,96.2,0.38,26.14,10.47,7.67
2022-08-29 18:30:00.000 -0400,Alan,805.0,91.3,0.38,26.1,14.87,7.65
2022-08-29 18:45:00.000 -0400,Alan,802.0,94.9,0.38,26.01,11.05,7.69
2022-08-29 19:00:00.000 -0400,Alan,802.0,91.0,0.38,26.05,10.87,7.72
2022-08-29 19:15:00.000 -0400,Alan,803.0,96.2,0.38,26.13,10.14,7.7
2022-08-29 19:30:00.000 -0400,Alan,805.0,84.1,0.38,26.07,9.1,7.64
2022-08-29 19:45:00.000 -0400,Alan,806.0,82.7,0.39,26.04,9.36,7.61
2022-08-29 20:00:00.000 -0400,Alan,806.0,79.59,0.38,26.11,9.27,7.57
2022-08-29 20:15:00.000 -0400,Alan,806.0,78.97,0.38,26.12,10.77,7.58
2022-08-29 20:30:00.000 -0400,Alan,805.0,69.98,0.38,26.07,9.64,7.53
2022-08-29 20:45:00.000 -0400,Alan,804.0,82.0,0.38,26.09,10.45,7.59
2022-08-29 21:00:00.000 -0400,Alan,804.0,75.18,0.38,26.07,9.97,7.56
2022-08-29 21:15:00.000 -0400,Alan,803.0,75.68,0.38,26.05,9.17,7.56
2022-08-29 21:30:00.000 -0400,Alan,806.0,76.28,0.38,26.07,10.11,7.53
2022-08-29 21:45:00.000 -0400,Alan,807.0,74.93,0.39,26.05,10.1,7.52
2022-08-29 22:00:00.000 -0400,Alan,805.0,72.45,0.38,26.08,9.78,7.48
2022-08-29 22:15:00.000 -0400,Alan,805.0,74.45,0.38,26.05,20.45,7.51
2022-08-29 22:30:00.000 -0400,Alan,804.0,73.79,0.38,26.1,10.32,7.51
2022-08-29 22:45:00.000 -0400,Alan,802.0,70.76,0.38,26.11,9.56,7.5
2022-08-29 23:00:00.000 -0400,Alan,805.0,63.46,0.38,26.08,8.73,7.45
2022-08-29 23:15:00.000 -0400,Alan,806.0,47.48,0.38,26.09,9.7,7.41
2022-08-29 23:30:00.000 -0400,Alan,805.0,63.82,0.38,26.06,9.64,7.39
2022-08-29 23:45:00.000 -0400,Alan,805.0,58.8,0.38,26.05,10.46,7.43
2022-08-30 00:00:00.000 -0400,Alan,805.0,69.51,0.38,26.06,10.02,7.47
2022-08-30 00:15:00.000 -0400,Alan,807.0,61.87,0.39,26.05,10.13,7.42
2022-08-30 00:30:00.000 -0400,Alan,808.0,55.45,0.39,26.06,10.07,7.38
2022-08-30 00:45:00.000 -0400,Alan,807.0,47.54,0.39,26.06,9.84,7.36
2022-08-30 01:00:00.000 -0400,Alan,807.0,53.2,0.38,26.07,10.57,7.36
2022-08-30 01:15:00.000 -0400,Alan,811.0,54.9,0.39,26.04,10.75,7.36
2022-08-30 01:30:00.000 -0400,Alan,811.0,49.33,0.39,26.07,9.82,7.35
2022-08-30 01:45:00.000 -0400,Alan,829.0,48.14,0.4,26.11,10.86,7.26
2022-08-30 02:00:00.000 -0400,Alan,821.0,41.46,0.39,26.07,11.19,7.25
2022-08-30 02:15:00.000 -0400,Alan,837.0,36.94,0.4,26.11,11.14,7.21
2022-08-30 02:30:00.000 -0400,Alan,855.0,32.35,0.41,26.21,11.1,7.17
2022-08-30 02:45:00.000 -0400,Alan,861.0,23.91,0.41,26.15,11.17,7.1
2022-08-30 03:00:00.000 -0400,Alan,848.0,19.88,0.4,26.13,10.46,7.1
2022-08-30 03:15:00.000 -0400,Alan,845.0,12.28,0.4,26.11,10.54,7.11
2022-08-30 03:30:00.000 -0400,Alan,843.0,18.13,0.4,26.09,11.44,7.12
2022-08-30 03:45:00.000 -0400,Alan,850.0,19.8,0.41,26.09,10.08,7.13
2022-08-30 04:00:00.000 -0400,Alan,859.0,30.5,0.41,26.08,10.22,7.12
2022-08-30 04:15:00.000 -0400,Alan,853.0,29.65,0.41,26.07,19.21,7.13
2022-08-30 04:30:00.000 -0400,Alan,848.0,30.85,0.41,26.04,10.35,7.15
2022-08-30 04:45:00.000 -0400,Alan,840.0,35.16,0.4,26.02,11.98,7.17
2022-08-30 05:00:00.000 -0400,Alan,841.0,38.33,0.4,26.02,10.16,7.18
2022-08-30 05:15:00.000 -0400,Alan,830.0,28.25,0.4,25.99,9.08,7.17
2022-08-30 05:30:00.000 -0400,Alan,823.0,47.41,0.39,25.93,9.04,7.27
2022-08-30 05:45:00.000 -0400,Alan,827.0,44.47,0.4,25.94,9.05,7.28
2022-08-30 06:00:00.000 -0400,Alan,822.0,45.03,0.39,25.92,9.1,7.27
2022-08-30 06:15:00.000 -0400,Alan,826.0,37.28,0.4,25.89,9.02,7.24
2022-08-30 06:30:00.000 -0400,Alan,821.0,33.67,0.39,25.9,9.75,7.24
2022-08-30 06:45:00.000 -0400,Alan,813.0,35.09,0.39,25.89,9.69,7.27
2022-08-30 07:00:00.000 -0400,Alan,817.0,39.24,0.39,25.84,10.49,7.27
2022-08-30 07:15:00.000 -0400,Alan,811.0,31.64,0.39,25.87,10.69,7.26
2022-08-30 07:30:00.000 -0400,Alan,817.0,40.51,0.39,25.87,8.82,7.27
2022-08-30 07:45:00.000 -0400,Alan,820.0,34.82,0.39,25.83,9.19,7.26
2022-08-30 08:00:00.000 -0400,Alan,813.0,37.43,0.39,25.85,9.03,7.27
2022-08-30 08:15:00.000 -0400,Alan,818.0,30.57,0.39,25.81,8.54,7.26
2022-08-30 08:30:00.000 -0400,Alan,810.0,31.68,0.39,25.83,8.87,7.26
2022-08-30 08:45:00.000 -0400,Alan,809.0,35.38,0.39,25.86,8.97,7.29
2022-08-30 09:00:00.000 -0400,Alan,809.0,36.47,0.39,25.84,8.77,7.32
2022-08-30 09:15:00.000 -0400,Alan,806.0,49.22,0.39,25.89,8.67,7.37
2022-08-30 09:30:00.000 -0400,Alan,811.0,42.4,0.39,25.85,10.53,7.32
2022-08-30 09:45:00.000 -0400,Alan,804.0,45.7,0.39,25.88,9.24,7.36
2022-08-30 10:00:00.000 -0400,Alan,810.0,43.14,0.39,25.9,8.43,7.34
2022-08-30 10:15:00.000 -0400,Alan,807.0,42.14,0.39,25.88,9.83,7.33
2022-08-30 10:30:00.000 -0400,Alan,805.0,48.89,0.39,25.92,13.25,7.37
2022-08-30 10:45:00.000 -0400,Alan,808.0,29.95,0.39,25.9,13.37,7.34
2022-08-30 11:00:00.000 -0400,Alan,807.0,43.28,0.39,25.94,14.16,7.37
2022-08-30 11:15:00.000 -0400,Alan,812.0,55.62,0.39,25.89,11.93,7.41
2022-08-30 11:30:00.000 -0400,Alan,810.0,59.43,0.39,25.98,12.01,7.42
2022-08-30 11:45:00.000 -0400,Alan,809.0,54.32,0.39,25.95,11.54,7.4
2022-08-30 12:00:00.000 -0400,Alan,809.0,62.84,0.39,25.99,10.98,7.42
2022-08-30 12:15:00.000 -0400,Alan,809.0,65.74,0.39,26.05,14.31,7.44
2022-08-30 12:30:00.000 -0400,Alan,813.0,64.44,0.39,26.02,10.1,7.47
2022-08-30 12:45:00.000 -0400,Alan,810.0,58.32,0.39,26.05,9.36,7.45
2022-08-30 13:00:00.000 -0400,Alan,809.0,62.98,0.39,26.05,9.63,7.45
2022-08-30 13:15:00.000 -0400,Alan,809.0,61.03,0.39,26.06,10.6,7.43
2022-08-30 13:30:00.000 -0400,Alan,807.0,71.51,0.38,26.17,9.5,7.48
2022-08-30 13:45:00.000 -0400,Alan,806.0,66.61,0.38,26.2,11.45,7.5
2022-08-30 14:00:00.000 -0400,Alan,816.0,67.54,0.39,26.16,10.15,7.45
2022-08-30 14:15:00.000 -0400,Alan,814.0,66.33,0.39,26.13,11.22,7.48
2022-08-30 14:30:00.000 -0400,Alan,810.0,74.08,0.39,26.23,11.08,7.55
2022-08-30 14:45:00.000 -0400,Alan,814.0,65.72,0.39,26.25,11.5,7.51
2022-08-30 15:00:00.000 -0400,Alan,810.0,73.18,0.38,26.37,11.78,7.47
2022-08-30 15:15:00.000 -0400,Alan,818.0,73.21,0.39,26.25,10.4,7.53
2022-08-30 15:30:00.000 -0400,Alan,815.0,80.8,0.39,26.36,10.41,7.54
2022-08-30 15:45:00.000 -0400,Alan,813.0,77.38,0.39,26.34,10.65,7.55
2022-08-30 16:00:00.000 -0400,Alan,817.0,65.87,0.39,26.25,11.21,7.48
2022-08-30 16:15:00.000 -0400,Alan,811.0,82.7,0.38,26.48,11.51,7.54
2022-08-30 16:30:00.000 -0400,Alan,815.0,89.0,0.39,26.5,10.56,7.61
2022-08-30 16:45:00.000 -0400,Alan,815.0,75.33,0.39,26.51,11.33,7.57
2022-08-30 17:00:00.000 -0400,Alan,811.0,83.1,0.38,26.5,11.82,7.58
2022-08-30 17:15:00.000 -0400,Alan,815.0,77.3,0.39,26.53,12.55,7.57
2022-08-30 17:30:00.000 -0400,Alan,818.0,79.01,0.39,26.49,11.66,7.54
2022-08-30 17:45:00.000 -0400,Alan,814.0,84.6,0.39,26.47,13.72,7.6
2022-08-30 18:00:00.000 -0400,Alan,815.0,85.5,0.39,26.55,12.12,7.6
2022-08-30 18:15:00.000 -0400,Alan,816.0,80.5,0.38,26.63,9.84,7.55
2022-08-30 18:30:00.000 -0400,Alan,815.0,80.8,0.38,26.64,11.13,7.57
2022-08-30 18:45:00.000 -0400,Alan,822.0,76.13,0.39,26.49,11.97,7.56
2022-08-30 19:00:00.000 -0400,Alan,824.0,76.74,0.39,26.59,12.25,7.52
2022-08-30 19:15:00.000 -0400,Alan,821.0,72.31,0.39,26.59,11.02,7.5
2022-08-30 19:30:00.000 -0400,Alan,823.0,66.9,0.39,26.58,10.8,7.46
2022-08-30 19:45:00.000 -0400,Alan,821.0,61.44,0.39,26.55,11.53,7.45
2022-08-30 20:00:00.000 -0400,Alan,817.0,66.84,0.39,26.55,11.75,7.48
2022-08-30 20:15:00.000 -0400,Alan,815.0,71.5,0.39,26.56,11.78,7.51
2022-08-30 20:30:00.000 -0400,Alan,814.0,74.15,0.38,26.53,11.26,7.52
2022-08-30 20:45:00.000 -0400,Alan,815.0,78.67,0.39,26.53,12.85,7.58
2022-08-30 21:00:00.000 -0400,Alan,818.0,78.49,0.39,26.52,11.49,7.57
2022-08-30 21:15:00.000 -0400,Alan,820.0,63.55,0.39,26.5,13.55,7.48
2022-08-30 21:30:00.000 -0400,Alan,822.0,53.22,0.39,26.47,15.24,7.41
2022-08-30 21:45:00.000 -0400,Alan,821.0,52.75,0.39,26.56,13.54,7.24
2022-08-30 22:00:00.000 -0400,Alan,902.0,27.18,0.43,26.39,11.7,7.07
2022-08-30 22:15:00.000 -0400,Alan,832.0,16.76,0.4,26.13,15.8,7.13
2022-08-30 22:30:00.000 -0400,Alan,828.0,8.94,0.39,26.26,13.42,7.13
2022-08-30 22:45:00.000 -0400,Alan,831.0,7.25,0.39,26.37,10.73,7.13
2022-08-30 23:00:00.000 -0400,Alan,824.0,37.17,0.39,26.43,13.56,7.14
2022-08-30 23:15:00.000 -0400,Alan,809.0,23.18,0.38,26.46,12.67,7.19
2022-08-30 23:30:00.000 -0400,Alan,820.0,21.1,0.39,26.46,10.28,7.21
2022-08-30 23:45:00.000 -0400,Alan,811.0,25.09,0.38,26.52,13.14,7.22
2022-08-31 00:00:00.000 -0400,Alan,785.9,49.48,0.37,26.42,17.44,7.35
2022-08-31 00:15:00.000 -0400,Alan,784.7,42.98,0.37,26.44,15.76,7.33
2022-08-31 00:30:00.000 -0400,Alan,788.8,40.91,0.37,26.42,17.01,7.32
2022-08-31 00:45:00.000 -0400,Alan,791.1,28.84,0.37,26.41,17.23,7.28
2022-08-31 01:00:00.000 -0400,Alan,791.8,32.64,0.37,26.43,20.67,7.3
2022-08-31 01:15:00.000 -0400,Alan,793.9,8.76,0.38,26.42,21.07,7.23
2022-08-31 01:30:00.000 -0400,Alan,798.4,19.63,0.38,26.43,24.59,7.22
2022-08-31 01:45:00.000 -0400,Alan,801.0,27.32,0.38,26.4,19.4,7.23
2022-08-31 02:00:00.000 -0400,Alan,794.8,33.54,0.38,26.38,18.96,7.27
2022-08-31 02:15:00.000 -0400,Alan,793.8,34.55,0.38,26.4,22.12,7.28
2022-08-31 02:30:00.000 -0400,Alan,784.3,6.66,0.37,26.34,19.2,7.24
2022-08-31 02:45:00.000 -0400,Alan,786.2,6.71,0.37,26.33,20.21,7.24
2022-08-31 03:00:00.000 -0400,Alan,785.4,9.43,0.37,26.32,20.45,7.25
2022-08-31 03:15:00.000 -0400,Alan,784.6,10.02,0.37,26.28,24.81,7.27
2022-08-31 03:30:00.000 -0400,Alan,786.0,9.15,0.37,26.24,24.12,7.24
2022-08-31 03:45:00.000 -0400,Alan,789.5,5.86,0.38,26.24,22.51,7.2
2022-08-31 04:00:00.000 -0400,Alan,791.7,4.49,0.38,26.21,78.77,7.2
2022-08-31 04:15:00.000 -0400,Alan,795.0,5.37,0.38,26.18,17.56,7.22
2022-08-31 04:30:00.000 -0400,Alan,794.6,4.63,0.38,26.14,16.12,7.23
2022-08-31 04:45:00.000 -0400,Alan,787.6,8.82,0.38,26.1,19.59,7.24
2022-08-31 05:00:00.000 -0400,Alan,783.1,7.66,0.37,26.06,18.16,7.23
2022-08-31 05:15:00.000 -0400,Alan,784.6,9.85,0.37,26.02,17.48,7.22
2022-08-31 05:30:00.000 -0400,Alan,776.0,8.22,0.37,25.97,16.37,7.21
2022-08-31 05:45:00.000 -0400,Alan,769.5,8.05,0.37,25.91,15.72,7.21
2022-08-31 06:00:00.000 -0400,Alan,768.4,8.03,0.37,25.86,17.04,7.22
2022-08-31 06:15:00.000 -0400,Alan,772.7,8.35,0.37,25.84,18.32,7.23
2022-08-31 06:30:00.000 -0400,Alan,773.0,8.81,0.37,25.8,18.88,7.22
2022-08-31 06:45:00.000 -0400,Alan,766.0,8.75,0.37,25.75,16.81,7.22
2022-08-31 07:00:00.000 -0400,Alan,769.3,10.19,0.37,25.7,19.44,7.22
2022-08-31 07:15:00.000 -0400,Alan,772.4,9.28,0.37,25.7,17.41,7.22
2022-08-31 07:30:00.000 -0400,Alan,775.4,12.17,0.37,25.66,16.83,7.27
2022-08-31 07:45:00.000 -0400,Alan,776.3,15.24,0.37,25.63,17.23,7.28
2022-08-31 08:00:00.000 -0400,Alan,775.4,14.18,0.37,25.61,17.62,7.26
2022-08-31 08:15:00.000 -0400,Alan,776.1,17.97,0.37,25.62,17.6,7.28
2022-08-31 08:30:00.000 -0400,Alan,778.6,21.65,0.37,25.57,50.88,7.28
2022-08-31 08:45:00.000 -0400,Alan,777.3,22.9,0.37,25.56,17.95,7.3
2022-08-31 09:00:00.000 -0400,Alan,780.0,29.52,0.38,25.53,13.72,7.33
2022-08-31 09:15:00.000 -0400,Alan,775.1,29.89,0.37,25.55,15.91,7.32
2022-08-31 09:30:00.000 -0400,Alan,783.1,26.78,0.38,25.54,13.27,7.32
2022-08-31 09:45:00.000 -0400,Alan,777.1,28.96,0.37,25.54,13.73,7.34
2022-08-31 10:00:00.000 -0400,Alan,783.0,35.28,0.38,25.62,14.07,7.37
2022-08-31 10:15:00.000 -0400,Alan,782.2,33.07,0.38,25.58,14.07,7.35
2022-08-31 10:30:00.000 -0400,Alan,779.1,38.86,0.37,25.64,14.43,7.36
2022-08-31 10:45:00.000 -0400,Alan,776.3,37.04,0.37,25.62,14.1,7.36
2022-08-31 11:00:00.000 -0400,Alan,783.8,39.56,0.38,25.72,14.68,7.36
2022-08-31 11:15:00.000 -0400,Alan,786.7,37.45,0.38,25.74,14.2,7.37
2022-08-31 11:30:00.000 -0400,Alan,789.9,50.45,0.38,25.88,15.11,7.41
2022-08-31 11:45:00.000 -0400,Alan,788.3,58.8,0.38,25.96,14.49,7.42
2022-08-31 12:00:00.000 -0400,Alan,797.8,63.45,0.38,26.05,14.26,7.47
2022-08-31 12:15:00.000 -0400,Alan,798.6,52.68,0.38,26.02,16.0,7.41
2022-08-31 12:30:00.000 -0400,Alan,793.5,69.24,0.38,26.13,15.69,7.5
2022-08-31 12:45:00.000 -0400,Alan,796.9,73.81,0.38,26.21,13.93,7.55
2022-08-31 13:00:00.000 -0400,Alan,801.0,75.06,0.38,26.25,13.0,7.53
2022-08-31 13:15:00.000 -0400,Alan,801.0,77.68,0.38,26.26,13.66,7.52
2022-08-31 13:30:00.000 -0400,Alan,802.0,82.8,0.38,26.43,13.14,7.57
2022-08-31 13:45:00.000 -0400,Alan,806.0,90.3,0.38,26.62,14.14,7.62
2022-08-31 14:00:00.000 -0400,Alan,803.0,88.3,0.38,26.42,14.87,7.64
2022-08-31 14:15:00.000 -0400,Alan,801.0,93.7,0.38,26.31,14.57,7.65
2022-08-31 14:30:00.000 -0400,Alan,801.0,94.7,0.38,26.31,14.17,7.67
2022-08-31 14:45:00.000 -0400,Alan,804.0,98.3,0.38,26.55,14.55,7.68
2022-08-31 15:00:00.000 -0400,Alan,809.0,101.0,0.38,26.78,14.52,7.7
2022-08-31 15:15:00.000 -0400,Alan,807.0,104.1,0.38,26.9,14.28,7.74
2022-08-31 15:30:00.000 -0400,Alan,810.0,96.6,0.38,26.64,14.28,7.68
2022-08-31 15:45:00.000 -0400,Alan,807.0,101.4,0.38,26.53,14.11,7.71
2022-08-31 16:00:00.000 -0400,Alan,805.0,96.3,0.38,26.29,14.6,7.64
2022-08-31 16:15:00.000 -0400,Alan,807.0,93.0,0.38,26.45,13.54,7.65
2022-08-31 16:30:00.000 -0400,Alan,807.0,98.4,0.38,26.49,13.35,7.68
2022-08-31 16:45:00.000 -0400,Alan,808.0,100.7,0.38,26.71,14.19,7.71
2022-08-31 17:00:00.000 -0400,Alan,809.0,108.9,0.38,26.77,14.32,7.73
2022-08-31 17:15:00.000 -0400,Alan,813.0,95.8,0.38,26.63,14.02,7.65
2022-08-31 17:30:00.000 -0400,Alan,811.0,95.4,0.38,26.6,12.62,7.6
2022-08-31 17:45:00.000 -0400,Alan,812.0,98.7,0.38,26.67,12.61,7.62
2022-08-31 18:00:00.000 -0400,Alan,813.0,93.3,0.38,26.62,12.7,7.6
2022-08-31 18:15:00.000 -0400,Alan,808.0,95.8,0.38,26.67,12.33,7.59
2022-08-31 18:30:00.000 -0400,Alan,809.0,81.2,0.38,26.74,11.1,7.51
2022-08-31 18:45:00.000 -0400,Alan,816.0,81.2,0.38,26.84,11.29,7.44
2022-08-31 19:00:00.000 -0400,Alan,825.0,81.4,0.39,26.88,10.65,7.47
2022-08-31 19:15:00.000 -0400,Alan,821.0,69.85,0.39,26.84,10.49,7.43
2022-08-31 19:30:00.000 -0400,Alan,827.0,71.22,0.39,26.79,11.35,7.41
2022-08-31 19:45:00.000 -0400,Alan,829.0,62.49,0.39,26.76,10.8,7.38
2022-08-31 20:00:00.000 -0400,Alan,826.0,57.65,0.39,26.7,10.92,7.34
2022-08-31 20:15:00.000 -0400,Alan,824.0,56.76,0.39,26.66,12.09,7.36
2022-08-31 20:30:00.000 -0400,Alan,816.0,56.79,0.38,26.63,10.54,7.39
2022-08-31 20:45:00.000 -0400,Alan,817.0,50.72,0.39,26.55,9.75,7.33
2022-08-31 21:00:00.000 -0400,Alan,816.0,54.89,0.39,26.52,10.77,7.32
2022-08-31 21:15:00.000 -0400,Alan,816.0,50.36,0.39,26.47,11.31,7.3
2022-08-31 21:30:00.000 -0400,Alan,824.0,53.46,0.39,26.41,10.82,7.33
2022-08-31 21:45:00.000 -0400,Alan,814.0,57.36,0.39,26.33,11.03,7.34
2022-08-31 22:00:00.000 -0400,Alan,816.0,50.56,0.39,26.28,11.23,7.31
2022-08-31 22:15:00.000 -0400,Alan,813.0,50.61,0.39,26.18,10.06,7.33
2022-08-31 22:30:00.000 -0400,Alan,811.0,66.03,0.39,26.14,10.16,7.38
2022-08-31 22:45:00.000 -0400,Alan,811.0,55.83,0.39,26.09,10.24,7.36
2022-08-31 23:00:00.000 -0400,Alan,806.0,49.22,0.39,26.01,10.31,7.41
2022-08-31 23:15:00.000 -0400,Alan,807.0,42.33,0.39,25.95,9.94,7.35
2022-08-31 23:30:00.000 -0400,Alan,805.0,48.71,0.39,25.88,10.37,7.36
2022-08-31 23:45:00.000 -0400,Alan,806.0,50.49,0.39,25.83,9.83,7.38
2022-09-01 00:00:00.000 -0400,Alan,803.0,71.04,0.39,25.76,10.71,7.46
2022-09-01 00:15:00.000 -0400,Alan,804.0,50.99,0.39,25.71,29.42,7.42
2022-09-01 00:30:00.000 -0400,Alan,803.0,50.05,0.39,25.62,45.89,7.41
2022-09-01 00:45:00.000 -0400,Alan,803.0,45.6,0.39,25.59,45.45,7.4
2022-09-01 01:00:00.000 -0400,Alan,801.0,37.8,0.39,25.54,69.01,7.35
2022-09-01 01:15:00.000 -0400,Alan,801.0,35.52,0.39,25.46,72.66,7.32
2022-09-01 01:30:00.000 -0400,Alan,797.9,41.68,0.39,25.41,49.07,7.36
2022-09-01 01:45:00.000 -0400,Alan,795.9,33.04,0.39,25.35,50.26,7.34
2022-09-01 02:00:00.000 -0400,Alan,794.9,46.01,0.39,25.3,46.36,7.35
2022-09-01 02:15:00.000 -0400,Alan,796.1,43.5,0.39,25.24,44.2,7.38
2022-09-01 02:30:00.000 -0400,Alan,794.2,34.66,0.39,25.19,43.18,7.35
2022-09-01 02:45:00.000 -0400,Alan,793.6,40.37,0.39,25.13,41.78,7.36
2022-09-01 03:00:00.000 -0400,Alan,792.1,35.96,0.39,25.09,41.23,7.37
2022-09-01 03:15:00.000 -0400,Alan,792.3,35.01,0.39,25.02,40.03,7.34
2022-09-01 03:30:00.000 -0400,Alan,790.3,33.45,0.39,24.97,38.88,7.35
2022-09-01 03:45:00.000 -0400,Alan,789.6,31.71,0.39,24.9,37.25,7.34
2022-09-01 04:00:00.000 -0400,Alan,788.5,44.82,0.39,24.84,40.14,7.39
2022-09-01 04:15:00.000 -0400,Alan,787.2,38.95,0.39,24.8,41.71,7.4
2022-09-01 04:30:00.000 -0400,Alan,787.0,32.62,0.39,24.76,41.57,7.39
2022-09-01 04:45:00.000 -0400,Alan,786.7,29.81,0.39,24.73,36.43,7.38
2022-09-01 05:00:00.000 -0400,Alan,787.6,27.55,0.39,24.68,10.48,7.35
2022-09-01 05:15:00.000 -0400,Alan,786.4,25.66,0.39,24.65,10.84,7.35
2022-09-01 05:30:00.000 -0400,Alan,786.2,39.05,0.39,24.58,10.77,7.37
2022-09-01 05:45:00.000 -0400,Alan,785.2,20.52,0.39,24.57,9.76,7.34
2022-09-01 06:00:00.000 -0400,Alan,786.3,28.04,0.39,24.53,9.75,7.34
2022-09-01 06:15:00.000 -0400,Alan,784.4,21.38,0.39,24.48,9.63,7.32
2022-09-01 06:30:00.000 -0400,Alan,784.0,12.16,0.39,24.46,9.07,7.3
2022-09-01 06:45:00.000 -0400,Alan,783.0,16.58,0.39,24.43,8.06,7.28
2022-09-01 07:00:00.000 -0400,Alan,783.9,20.52,0.39,24.39,8.55,7.29
2022-09-01 07:15:00.000 -0400,Alan,784.5,16.58,0.39,24.35,8.77,7.29
2022-09-01 07:30:00.000 -0400,Alan,783.3,40.61,0.39,24.32,8.72,7.34
2022-09-01 07:45:00.000 -0400,Alan,781.8,35.5,0.39,24.31,8.57,7.34
2022-09-01 08:00:00.000 -0400,Alan,782.7,36.48,0.39,24.27,8.62,7.34
2022-09-01 08:15:00.000 -0400,Alan,783.1,34.01,0.39,24.3,10.66,7.33
2022-09-01 08:30:00.000 -0400,Alan,783.9,40.98,0.39,24.3,9.06,7.35
2022-09-01 08:45:00.000 -0400,Alan,784.7,32.79,0.39,24.26,9.73,7.32
2022-09-01 09:00:00.000 -0400,Alan,785.3,31.54,0.39,24.28,9.28,7.31
2022-09-01 09:15:00.000 -0400,Alan,787.6,34.92,0.39,24.33,9.69,7.32
2022-09-01 09:30:00.000 -0400,Alan,788.3,36.56,0.39,24.37,8.57,7.32
2022-09-01 09:45:00.000 -0400,Alan,787.7,34.25,0.39,24.41,8.2,7.31
2022-09-01 10:00:00.000 -0400,Alan,788.2,36.96,0.39,24.46,7.93,7.32
2022-09-01 10:15:00.000 -0400,Alan,788.1,30.75,0.39,24.42,8.44,7.3
2022-09-01 10:30:00.000 -0400,Alan,790.1,37.02,0.39,24.55,9.06,7.31
2022-09-01 10:45:00.000 -0400,Alan,791.7,35.99,0.39,24.66,14.23,7.31
2022-09-01 11:00:00.000 -0400,Alan,794.1,38.72,0.39,24.77,9.02,7.33
2022-09-01 11:15:00.000 -0400,Alan,796.6,44.64,0.39,24.99,8.85,7.35
2022-09-01 11:30:00.000 -0400,Alan,798.6,41.88,0.39,25.07,10.48,7.35
2022-09-01 11:45:00.000 -0400,Alan,797.2,44.11,0.39,24.98,9.62,7.35
2022-09-01 12:00:00.000 -0400,Alan,799.8,51.41,0.39,25.01,10.64,7.37
2022-09-01 12:15:00.000 -0400,Alan,799.0,47.48,0.39,25.15,9.69,7.38
2022-09-01 12:30:00.000 -0400,Alan,803.0,62.89,0.39,25.24,9.52,7.43
2022-09-01 12:45:00.000 -0400,Alan,802.0,54.44,0.39,25.25,10.45,7.41
2022-09-01 13:00:00.000 -0400,Alan,801.0,64.12,0.39,25.34,9.91,7.45
2022-09-01 13:15:00.000 -0400,Alan,799.0,68.47,0.39,25.31,10.52,7.47
2022-09-01 13:30:00.000 -0400,Alan,801.0,72.0,0.39,25.29,10.56,7.49
2022-09-01 13:45:00.000 -0400,Alan,807.0,74.27,0.39,25.43,11.35,7.49
2022-09-01 14:00:00.000 -0400,Alan,806.0,75.57,0.39,25.32,10.65,7.49
2022-09-01 14:15:00.000 -0400,Alan,806.0,71.77,0.39,25.58,10.54,7.5
2022-09-01 14:30:00.000 -0400,Alan,810.0,82.7,0.39,25.69,10.51,7.53
2022-09-01 14:45:00.000 -0400,Alan,808.0,84.5,0.39,25.49,11.35,7.53
2022-09-01 15:00:00.000 -0400,Alan,811.0,83.4,0.39,25.53,12.72,7.53
2022-09-01 15:15:00.000 -0400,Alan,811.0,80.4,0.39,25.65,12.68,7.52
2022-09-01 15:30:00.000 -0400,Alan,810.0,79.65,0.39,25.72,10.98,7.51
2022-09-01 15:45:00.000 -0400,Alan,812.0,77.99,0.39,25.54,10.67,7.49
2022-09-01 16:00:00.000 -0400,Alan,811.0,86.2,0.39,25.67,12.04,7.54
2022-09-01 16:15:00.000 -0400,Alan,811.0,81.7,0.39,25.49,10.71,7.53
2022-09-01 16:30:00.000 -0400,Alan,814.0,83.4,0.39,25.54,12.18,7.52
2022-09-01 16:45:00.000 -0400,Alan,814.0,82.4,0.39,25.71,10.71,7.5
2022-09-01 17:00:00.000 -0400,Alan,816.0,81.3,0.39,25.64,14.16,7.5
2022-09-01 17:15:00.000 -0400,Alan,814.0,79.7,0.39,25.78,11.06,7.5
2022-09-01 17:30:00.000 -0400,Alan,814.0,76.45,0.39,25.72,9.03,7.48
2022-09-01 17:45:00.000 -0400,Alan,814.0,81.1,0.39,25.73,11.56,7.47
2022-09-01 18:00:00.000 -0400,Alan,815.0,80.3,0.39,25.82,12.46,7.48
2022-09-01 18:15:00.000 -0400,Alan,814.0,80.3,0.39,25.74,10.35,7.46
2022-09-01 18:30:00.000 -0400,Alan,832.0,75.06,0.4,25.83,11.55,7.36
2022-09-01 18:45:00.000 -0400,Alan,848.0,67.14,0.41,26.0,12.41,7.34
2022-09-01 19:00:00.000 -0400,Alan,848.0,40.06,0.41,25.96,11.61,7.25
2022-09-01 19:15:00.000 -0400,Alan,834.0,42.82,0.4,25.9,9.39,7.22
2022-09-01 19:30:00.000 -0400,Alan,831.0,50.54,0.4,25.93,11.69,7.25
2022-09-01 19:45:00.000 -0400,Alan,815.0,39.87,0.39,25.87,10.11,7.22
2022-09-01 20:00:00.000 -0400,Alan,816.0,41.31,0.39,25.82,10.32,7.22
2022-09-01 20:15:00.000 -0400,Alan,818.0,34.78,0.39,25.86,11.73,7.21
2022-09-01 20:30:00.000 -0400,Alan,819.0,43.51,0.39,25.82,10.93,7.24
2022-09-01 20:45:00.000 -0400,Alan,820.0,30.78,0.39,25.79,10.58,7.22
2022-09-01 21:00:00.000 -0400,Alan,824.0,38.43,0.4,25.73,12.2,7.22
2022-09-01 21:15:00.000 -0400,Alan,824.0,16.95,0.4,25.65,9.64,7.2
2022-09-01 21:30:00.000 -0400,Alan,818.0,22.04,0.39,25.62,10.04,7.22
2022-09-01 21:45:00.000 -0400,Alan,816.0,28.95,0.39,25.55,11.25,7.24
2022-09-01 22:00:00.000 -0400,Alan,816.0,39.52,0.39,25.49,12.71,7.27
2022-09-01 22:15:00.000 -0400,Alan,811.0,34.2,0.39,25.44,24.98,7.26
2022-09-01 22:30:00.000 -0400,Alan,812.0,24.52,0.39,25.39,12.44,7.34
2022-09-01 22:45:00.000 -0400,Alan,809.0,11.5,0.39,25.3,10.38,7.27
2022-09-01 23:00:00.000 -0400,Alan,809.0,21.43,0.39,25.27,10.46,7.28
2022-09-01 23:15:00.000 -0400,Alan,809.0,17.54,0.39,25.19,10.98,7.3
2022-09-01 23:30:00.000 -0400,Alan,807.0,15.98,0.39,25.12,10.59,7.25
2022-09-01 23:45:00.000 -0400,Alan,804.0,14.32,0.39,25.07,10.71,7.23
2022-09-02 00:00:00.000 -0400,Alan,805.0,11.49,0.39,25.01,10.53,7.23
2022-09-02 00:15:00.000 -0400,Alan,804.0,9.66,0.39,24.94,10.55,7.23
2022-09-02 00:30:00.000 -0400,Alan,803.0,6.85,0.39,24.86,11.53,7.22
2022-09-02 00:45:00.000 -0400,Alan,802.0,11.13,0.39,24.84,10.05,7.23
2022-09-02 01:00:00.000 -0400,Alan,801.0,9.3,0.39,24.7,10.27,7.23
2022-09-02 01:15:00.000 -0400,Alan,799.9,8.39,0.39,24.7,10.32,7.22
2022-09-02 01:30:00.000 -0400,Alan,799.4,8.31,0.39,24.66,11.3,7.22
2022-09-02 01:45:00.000 -0400,Alan,797.8,9.25,0.39,24.55,11.15,7.23
2022-09-02 02:00:00.000 -0400,Alan,798.0,8.57,0.39,24.5,10.95,7.22
2022-09-02 02:15:00.000 -0400,Alan,797.9,7.98,0.39,24.43,16.95,7.22
2022-09-02 02:30:00.000 -0400,Alan,795.7,10.53,0.39,24.37,9.94,7.22
2022-09-02 02:45:00.000 -0400,Alan,794.7,9.7,0.39,24.3,7.91,7.22
2022-09-02 03:00:00.000 -0400,Alan,793.6,7.43,0.39,24.23,8.7,7.21
2022-09-02 03:15:00.000 -0400,Alan,793.0,8.25,0.39,24.15,8.77,7.21
2022-09-02 03:30:00.000 -0400,Alan,794.5,8.66,0.4,24.07,10.3,7.21
2022-09-02 03:45:00.000 -0400,Alan,792.4,14.56,0.39,24.03,6.07,7.2
2022-09-02 04:00:00.000 -0400,Alan,791.9,14.66,0.39,23.97,6.38,7.2
2022-09-02 04:15:00.000 -0400,Alan,790.1,12.7,0.39,23.89,5.48,7.2
2022-09-02 04:30:00.000 -0400,Alan,789.6,12.35,0.39,23.83,4.74,7.21
2022-09-02 04:45:00.000 -0400,Alan,789.6,11.0,0.4,23.77,5.08,7.21
2022-09-02 05:00:00.000 -0400,Alan,787.6,8.73,0.39,23.71,4.94,7.2
2022-09-02 05:15:00.000 -0400,Alan,789.1,5.99,0.4,23.64,5.72,7.2
2022-09-02 05:30:00.000 -0400,Alan,788.7,5.51,0.4,23.58,5.61,7.21
2022-09-02 05:45:00.000 -0400,Alan,788.2,5.58,0.4,23.51,5.61,7.22
2022-09-02 06:00:00.000 -0400,Alan,787.4,4.92,0.4,23.46,5.35,7.23
2022-09-02 06:15:00.000 -0400,Alan,786.8,5.3,0.4,23.4,5.21,7.23
2022-09-02 06:30:00.000 -0400,Alan,785.9,4.78,0.4,23.37,5.39,7.24
2022-09-02 06:45:00.000 -0400,Alan,783.7,4.92,0.4,23.37,5.58,7.25
2022-09-02 07:00:00.000 -0400,Alan,782.2,4.48,0.4,23.32,5.57,7.25
2022-09-02 07:15:00.000 -0400,Alan,779.6,9.64,0.39,23.26,6.13,7.21
2022-09-02 07:30:00.000 -0400,Alan,779.0,16.11,0.39,23.26,5.95,7.2
2022-09-02 07:45:00.000 -0400,Alan,777.1,13.78,0.39,23.18,5.86,7.2
2022-09-02 08:00:00.000 -0400,Alan,777.0,13.17,0.39,23.16,6.57,7.2
2022-09-02 08:15:00.000 -0400,Alan,775.7,12.55,0.39,23.16,6.98,7.22
2022-09-02 08:30:00.000 -0400,Alan,774.1,9.67,0.39,23.15,6.21,7.2
2022-09-02 08:45:00.000 -0400,Alan,777.9,6.66,0.39,23.18,6.33,7.2
2022-09-02 09:00:00.000 -0400,Alan,777.1,19.57,0.39,23.21,6.79,7.24
2022-09-02 09:15:00.000 -0400,Alan,776.0,17.59,0.39,23.31,7.44,7.24
2022-09-02 09:30:00.000 -0400,Alan,776.3,12.92,0.39,23.38,6.81,7.22
2022-09-02 09:45:00.000 -0400,Alan,777.4,12.06,0.39,23.5,8.1,7.22
2022-09-02 10:00:00.000 -0400,Alan,779.0,18.78,0.39,23.7,7.04,7.24
2022-09-02 10:15:00.000 -0400,Alan,778.9,14.7,0.39,23.71,8.43,7.23
2022-09-02 10:30:00.000 -0400,Alan,779.6,10.83,0.39,23.66,7.27,7.21
2022-09-02 10:45:00.000 -0400,Alan,778.9,17.87,0.39,23.71,7.74,7.23
2022-09-02 11:00:00.000 -0400,Alan,783.4,20.47,0.39,23.76,7.89,7.24
2022-09-02 11:15:00.000 -0400,Alan,783.3,18.62,0.39,23.88,7.72,7.23
2022-09-02 11:30:00.000 -0400,Alan,785.1,13.0,0.39,23.91,7.59,7.21
2022-09-02 11:45:00.000 -0400,Alan,783.1,18.6,0.39,23.89,6.76,7.23
2022-09-02 12:00:00.000 -0400,Alan,781.7,14.6,0.39,23.93,7.38,7.22
2022-09-02 12:15:00.000 -0400,Alan,781.4,18.56,0.39,23.93,7.37,7.23
2022-09-02 12:30:00.000 -0400,Alan,781.7,25.2,0.39,23.96,8.5,7.24
2022-09-02 12:45:00.000 -0400,Alan,783.3,17.67,0.39,23.95,7.78,7.22
2022-09-02 13:00:00.000 -0400,Alan,785.7,25.62,0.39,24.05,7.23,7.24
2022-09-02 13:15:00.000 -0400,Alan,785.2,21.27,0.39,24.05,7.63,7.23
2022-09-02 13:30:00.000 -0400,Alan,787.0,20.86,0.39,24.15,7.11,7.22
2022-09-02 13:45:00.000 -0400,Alan,786.6,21.7,0.39,24.18,7.14,7.24
2022-09-02 14:00:00.000 -0400,Alan,787.3,27.52,0.39,24.18,7.87,7.25
2022-09-02 14:15:00.000 -0400,Alan,790.4,23.43,0.39,24.3,6.91,7.24
2022-09-02 14:30:00.000 -0400,Alan,790.4,30.43,0.39,24.25,7.71,7.26
2022-09-02 14:45:00.000 -0400,Alan,789.3,23.7,0.39,24.26,7.52,7.25
2022-09-02 15:00:00.000 -0400,Alan,789.6,31.02,0.39,24.31,7.24,7.26
2022-09-02 15:15:00.000 -0400,Alan,790.5,31.0,0.39,24.33,9.14,7.25
2022-09-02 15:30:00.000 -0400,Alan,792.2,28.88,0.39,24.41,7.91,7.24
2022-09-02 15:45:00.000 -0400,Alan,792.4,30.65,0.39,24.43,7.83,7.26
2022-09-02 16:00:00.000 -0400,Alan,793.4,24.04,0.39,24.36,7.53,7.23
2022-09-02 16:15:00.000 -0400,Alan,792.0,22.5,0.39,24.36,8.1,7.22
2022-09-02 16:30:00.000 -0400,Alan,792.1,20.45,0.39,24.37,8.78,7.22
2022-09-02 16:45:00.000 -0400,Alan,793.0,22.31,0.39,24.46,9.55,7.22
2022-09-02 17:00:00.000 -0400,Alan,793.3,28.28,0.39,24.39,7.58,7.25
2022-09-02 17:15:00.000 -0400,Alan,793.2,19.42,0.39,24.4,10.26,7.21
2022-09-02 17:30:00.000 -0400,Alan,793.1,28.02,0.39,24.4,9.3,7.23
2022-09-02 17:45:00.000 -0400,Alan,791.9,29.42,0.39,24.45,9.5,7.23
2022-09-02 18:00:00.000 -0400,Alan,790.3,31.29,0.39,24.42,11.29,7.25
2022-09-02 18:15:00.000 -0400,Alan,791.5,20.0,0.39,24.42,10.18,7.21
2022-09-02 18:30:00.000 -0400,Alan,793.8,19.87,0.39,24.43,10.7,7.21
2022-09-02 18:45:00.000 -0400,Alan,794.6,11.24,0.39,24.46,10.39,7.22
2022-09-02 19:00:00.000 -0400,Alan,794.7,10.43,0.39,24.46,10.52,7.24
2022-09-02 19:15:00.000 -0400,Alan,794.3,7.74,0.39,24.46,10.12,7.26
2022-09-02 19:30:00.000 -0400,Alan,793.8,11.13,0.39,24.48,11.37,7.26
2022-09-02 19:45:00.000 -0400,Alan,795.2,8.66,0.39,24.5,10.41,7.26
2022-09-02 20:00:00.000 -0400,Alan,795.2,6.47,0.39,24.5,10.31,7.26
2022-09-02 20:15:00.000 -0400,Alan,793.8,12.68,0.39,24.45,10.28,7.24
2022-09-02 20:30:00.000 -0400,Alan,793.7,8.68,0.39,24.44,12.03,7.24
2022-09-02 20:45:00.000 -0400,Alan,793.4,7.03,0.39,24.43,10.62,7.26
2022-09-02 21:00:00.000 -0400,Alan,794.5,8.51,0.39,24.44,11.37,7.28
2022-09-02 21:15:00.000 -0400,Alan,794.7,10.68,0.39,24.42,13.48,7.29
2022-09-02 21:30:00.000 -0400,Alan,797.0,8.08,0.39,24.44,10.83,7.31
2022-09-02 21:45:00.000 -0400,Alan,801.0,5.85,0.4,24.47,12.05,7.31
2022-09-02 22:00:00.000 -0400,Alan,807.0,6.7,0.4,24.48,13.76,7.31
2022-09-02 22:15:00.000 -0400,Alan,808.0,5.09,0.4,24.49,34.17,7.31
2022-09-02 22:30:00.000 -0400,Alan,831.0,5.79,0.41,24.54,33.88,7.31
2022-09-02 22:45:00.000 -0400,Alan,840.0,5.12,0.41,24.56,48.11,7.28
2022-09-02 23:00:00.000 -0400,Alan,852.0,4.49,0.42,24.57,11.36,7.2
2022-09-02 23:15:00.000 -0400,Alan,849.0,4.79,0.42,24.55,10.36,7.2
2022-09-02 23:30:00.000 -0400,Alan,833.0,5.26,0.41,24.5,11.43,7.21
2022-09-02 23:45:00.000 -0400,Alan,824.0,4.88,0.41,24.46,10.72,7.23
2022-09-03 00:00:00.000 -0400,Alan,821.0,4.41,0.41,24.43,11.37,7.25
2022-09-03 00:15:00.000 -0400,Alan,808.0,3.97,0.4,24.38,11.56,7.26
2022-09-03 00:30:00.000 -0400,Alan,809.0,4.2,0.4,24.35,12.06,7.28
2022-09-03 00:45:00.000 -0400,Alan,809.0,3.67,0.4,24.3,11.11,7.3
2022-09-03 01:00:00.000 -0400,Alan,816.0,3.77,0.4,24.29,11.1,7.3
2022-09-03 01:15:00.000 -0400,Alan,811.0,3.69,0.4,24.22,12.4,7.27
2022-09-03 01:30:00.000 -0400,Alan,810.0,3.83,0.4,24.18,11.54,7.27
2022-09-03 01:45:00.000 -0400,Alan,811.0,4.55,0.4,24.13,11.42,7.28
2022-09-03 02:00:00.000 -0400,Alan,807.0,3.84,0.4,24.08,10.72,7.28
2022-09-03 02:15:00.000 -0400,Alan,803.0,4.6,0.4,24.01,22.32,7.22
2022-09-03 02:30:00.000 -0400,Alan,802.0,4.85,0.4,23.96,17.98,7.25
2022-09-03 02:45:00.000 -0400,Alan,800.0,5.36,0.4,23.9,16.66,7.27
2022-09-03 03:00:00.000 -0400,Alan,794.0,5.56,0.4,23.82,15.58,7.26
2022-09-03 03:15:00.000 -0400,Alan,791.5,5.44,0.4,23.76,14.49,7.26
2022-09-03 03:30:00.000 -0400,Alan,790.7,4.81,0.4,23.71,13.7,7.27
2022-09-03 03:45:00.000 -0400,Alan,792.6,3.67,0.4,23.66,15.33,7.27
2022-09-03 04:00:00.000 -0400,Alan,795.7,3.47,0.4,23.63,15.5,7.28
2022-09-03 04:15:00.000 -0400,Alan,794.7,3.49,0.4,23.58,16.4,7.29
2022-09-03 04:30:00.000 -0400,Alan,795.2,3.45,0.4,23.52,18.15,7.3
2022-09-03 04:45:00.000 -0400,Alan,793.1,3.47,0.4,23.47,13.86,7.29
2022-09-03 05:00:00.000 -0400,Alan,792.6,3.44,0.4,23.4,15.06,7.28
2022-09-03 05:15:00.000 -0400,Alan,791.0,3.45,0.4,23.35,13.35,7.28
2022-09-03 05:30:00.000 -0400,Alan,789.5,3.45,0.4,23.31,12.72,7.28
2022-09-03 05:45:00.000 -0400,Alan,788.7,3.45,0.4,23.26,13.34,7.28
2022-09-03 06:00:00.000 -0400,Alan,787.1,3.45,0.4,23.19,14.68,7.29
2022-09-03 06:15:00.000 -0400,Alan,785.8,3.46,0.4,23.14,13.34,7.29
2022-09-03 06:30:00.000 -0400,Alan,786.1,3.45,0.4,23.11,15.51,7.29
2022-09-03 06:45:00.000 -0400,Alan,786.1,3.46,0.4,23.07,16.27,7.27
2022-09-03 07:00:00.000 -0400,Alan,786.2,3.45,0.4,23.01,15.11,7.27
2022-09-03 07:15:00.000 -0400,Alan,785.6,3.45,0.4,22.99,15.08,7.24
2022-09-03 07:30:00.000 -0400,Alan,784.2,3.46,0.4,22.95,21.97,7.23
2022-09-03 07:45:00.000 -0400,Alan,782.6,3.44,0.4,22.92,22.18,7.23
2022-09-03 08:00:00.000 -0400,Alan,781.8,3.44,0.4,22.88,67.77,7.22
2022-09-03 08:15:00.000 -0400,Alan,781.5,3.45,0.4,22.87,74.88,7.22
2022-09-03 08:30:00.000 -0400,Alan,781.0,3.46,0.4,22.87,75.65,7.21
2022-09-03 08:45:00.000 -0400,Alan,780.7,3.44,0.4,22.88,78.8,7.21
2022-09-03 09:00:00.000 -0400,Alan,779.2,3.68,0.4,22.92,9.74,7.2
2022-09-03 09:15:00.000 -0400,Alan,777.8,4.6,0.4,22.94,15.03,7.2
2022-09-03 09:30:00.000 -0400,Alan,777.7,5.69,0.4,22.98,14.54,7.19
2022-09-03 09:45:00.000 -0400,Alan,777.8,7.41,0.4,23.05,15.99,7.19
2022-09-03 10:00:00.000 -0400,Alan,778.9,10.6,0.4,23.08,13.32,7.19
2022-09-03 10:15:00.000 -0400,Alan,780.2,8.03,0.4,23.1,13.3,7.19
2022-09-03 10:30:00.000 -0400,Alan,779.5,11.59,0.4,23.13,18.47,7.2
2022-09-03 10:45:00.000 -0400,Alan,780.3,8.96,0.4,23.24,22.94,7.2
2022-09-03 11:00:00.000 -0400,Alan,780.8,10.79,0.39,23.31,11.31,7.21
2022-09-03 11:15:00.000 -0400,Alan,778.8,21.03,0.39,23.36,13.03,7.24
2022-09-03 11:30:00.000 -0400,Alan,779.9,21.63,0.39,23.44,13.59,7.25
2022-09-03 11:45:00.000 -0400,Alan,773.8,24.8,0.39,23.44,10.92,7.25
2022-09-03 12:00:00.000 -0400,Alan,772.9,22.85,0.39,23.5,10.34,7.25
2022-09-03 12:15:00.000 -0400,Alan,773.9,17.62,0.39,23.43,10.7,7.23
2022-09-03 12:30:00.000 -0400,Alan,775.8,26.71,0.39,23.5,12.2,7.26
2022-09-03 12:45:00.000 -0400,Alan,780.5,24.87,0.39,23.51,11.56,7.25
2022-09-03 13:00:00.000 -0400,Alan,784.2,30.72,0.39,23.5,12.67,7.27
2022-09-03 13:15:00.000 -0400,Alan,786.2,29.08,0.4,23.56,11.54,7.27
2022-09-03 13:30:00.000 -0400,Alan,785.2,25.98,0.39,23.58,11.84,7.26
2022-09-03 13:45:00.000 -0400,Alan,786.5,22.48,0.4,23.58,12.66,7.25
2022-09-03 14:00:00.000 -0400,Alan,789.6,21.09,0.4,23.61,12.17,7.23
2022-09-03 14:15:00.000 -0400,Alan,790.7,30.36,0.4,23.67,15.5,7.27
2022-09-03 14:30:00.000 -0400,Alan,790.1,26.4,0.4,23.62,14.88,7.25
2022-09-03 14:45:00.000 -0400,Alan,790.3,33.47,0.4,23.69,14.02,7.28
2022-09-03 15:00:00.000 -0400,Alan,791.0,26.4,0.4,23.73,12.49,7.26
2022-09-03 15:15:00.000 -0400,Alan,788.9,28.63,0.4,23.69,14.16,7.25
2022-09-03 15:30:00.000 -0400,Alan,788.5,33.08,0.39,23.78,13.87,7.27
2022-09-03 15:45:00.000 -0400,Alan,790.5,28.22,0.4,23.74,13.4,7.26
2022-09-03 16:00:00.000 -0400,Alan,792.7,32.29,0.4,23.76,13.09,7.27
2022-09-03 16:15:00.000 -0400,Alan,789.3,30.07,0.4,23.72,13.12,7.26
2022-09-03 16:30:00.000 -0400,Alan,789.3,26.54,0.4,23.68,12.9,7.23
2022-09-03 16:45:00.000 -0400,Alan,789.0,32.89,0.4,23.73,12.98,7.26
2022-09-03 17:00:00.000 -0400,Alan,789.8,35.4,0.4,23.73,13.08,7.27
2022-09-03 17:15:00.000 -0400,Alan,789.0,28.33,0.4,23.77,13.2,7.24
2022-09-03 17:30:00.000 -0400,Alan,788.4,28.69,0.4,23.74,13.53,7.23
2022-09-03 17:45:00.000 -0400,Alan,789.2,30.92,0.4,23.79,12.76,7.25
2022-09-03 18:00:00.000 -0400,Alan,788.9,27.42,0.39,23.81,13.45,7.24
2022-09-03 18:15:00.000 -0400,Alan,788.8,23.58,0.39,23.8,13.8,7.22
2022-09-03 18:30:00.000 -0400,Alan,788.5,24.42,0.39,23.85,14.07,7.23
2022-09-03 18:45:00.000 -0400,Alan,789.1,24.69,0.39,23.85,13.63,7.23
2022-09-03 19:00:00.000 -0400,Alan,790.2,22.69,0.39,23.86,14.1,7.21
2022-09-03 19:15:00.000 -0400,Alan,789.2,29.41,0.39,23.87,13.89,7.25
2022-09-03 19:30:00.000 -0400,Alan,788.7,28.53,0.39,23.85,14.05,7.24
2022-09-03 19:45:00.000 -0400,Alan,788.6,19.59,0.39,23.86,13.91,7.22
2022-09-03 20:00:00.000 -0400,Alan,785.6,26.04,0.39,23.86,13.33,7.23
2022-09-03 20:15:00.000 -0400,Alan,789.2,19.18,0.39,23.86,13.4,7.21
2022-09-03 20:30:00.000 -0400,Alan,789.3,26.47,0.39,23.85,15.21,7.22
2022-09-03 20:45:00.000 -0400,Alan,788.2,16.69,0.39,23.84,15.9,7.21
2022-09-03 21:00:00.000 -0400,Alan,789.5,15.53,0.39,23.82,15.38,7.22
2022-09-03 21:15:00.000 -0400,Alan,790.2,9.18,0.4,23.81,14.85,7.24
2022-09-03 21:30:00.000 -0400,Alan,792.3,9.75,0.4,23.82,15.07,7.25
2022-09-03 21:45:00.000 -0400,Alan,794.2,9.79,0.4,23.82,15.7,7.26
2022-09-03 22:00:00.000 -0400,Alan,794.4,7.32,0.4,23.81,14.86,7.27
2022-09-03 22:15:00.000 -0400,Alan,793.2,7.5,0.4,23.83,13.05,7.28
2022-09-03 22:30:00.000 -0400,Alan,794.3,5.51,0.4,23.83,12.12,7.28
2022-09-03 22:45:00.000 -0400,Alan,796.0,4.82,0.4,23.83,12.2,7.28
2022-09-03 23:00:00.000 -0400,Alan,796.4,4.06,0.4,23.84,13.61,7.29
2022-09-03 23:15:00.000 -0400,Alan,797.7,4.66,0.4,23.83,10.95,7.29
2022-09-03 23:30:00.000 -0400,Alan,796.7,4.04,0.4,23.84,10.92,7.29
2022-09-03 23:45:00.000 -0400,Alan,797.9,4.86,0.4,23.86,11.99,7.29
2022-09-04 00:00:00.000 -0400,Alan,798.2,5.19,0.4,23.86,10.92,7.3
2022-09-04 00:15:00.000 -0400,Alan,800.0,4.37,0.4,23.87,10.68,7.3
2022-09-04 00:30:00.000 -0400,Alan,806.0,3.88,0.4,23.88,10.88,7.29
2022-09-04 00:45:00.000 -0400,Alan,815.0,3.49,0.41,23.92,11.16,7.29
2022-09-04 01:00:00.000 -0400,Alan,827.0,3.83,0.41,23.92,11.36,7.25
2022-09-04 01:15:00.000 -0400,Alan,830.0,3.49,0.41,23.98,11.3,7.24
2022-09-04 01:30:00.000 -0400,Alan,830.0,3.5,0.41,23.95,11.86,7.24
2022-09-04 01:45:00.000 -0400,Alan,834.0,3.48,0.42,23.95,9.65,7.25
2022-09-04 02:00:00.000 -0400,Alan,838.0,3.51,0.42,23.95,10.14,7.25
2022-09-04 02:15:00.000 -0400,Alan,836.0,3.48,0.42,23.94,10.26,7.25
2022-09-04 02:30:00.000 -0400,Alan,826.0,3.58,0.41,23.91,10.12,7.24
2022-09-04 02:45:00.000 -0400,Alan,819.0,3.73,0.41,23.89,9.19,7.24
2022-09-04 03:00:00.000 -0400,Alan,818.0,3.49,0.41,23.87,15.88,7.25
2022-09-04 03:15:00.000 -0400,Alan,813.0,3.56,0.41,23.86,11.65,7.25
2022-09-04 03:30:00.000 -0400,Alan,813.0,3.48,0.41,23.85,12.04,7.25
2022-09-04 03:45:00.000 -0400,Alan,810.0,3.63,0.41,23.83,10.85,7.25
2022-09-04 04:00:00.000 -0400,Alan,813.0,3.44,0.41,23.81,11.22,7.25
2022-09-04 04:15:00.000 -0400,Alan,815.0,3.44,0.41,23.79,11.47,7.25
2022-09-04 04:30:00.000 -0400,Alan,817.0,3.45,0.41,23.76,11.26,7.26
2022-09-04 04:45:00.000 -0400,Alan,816.0,3.45,0.41,23.74,11.19,7.26
2022-09-04 05:00:00.000 -0400,Alan,815.0,3.46,0.41,23.7,11.69,7.26
2022-09-04 05:15:00.000 -0400,Alan,796.5,3.69,0.4,23.68,17.89,7.23
2022-09-04 05:30:00.000 -0400,Alan,801.0,3.47,0.4,23.66,22.97,7.24
2022-09-04 05:45:00.000 -0400,Alan,791.7,3.47,0.4,23.63,45.15,7.24
2022-09-04 06:00:00.000 -0400,Alan,801.0,3.44,0.4,23.61,41.26,7.25
2022-09-04 06:15:00.000 -0400,Alan,802.0,3.45,0.4,23.59,37.52,7.25
2022-09-04 06:30:00.000 -0400,Alan,804.0,3.46,0.4,23.57,36.82,7.26
2022-09-04 06:45:00.000 -0400,Alan,797.0,3.45,0.4,23.55,35.91,7.23
2022-09-04 07:00:00.000 -0400,Alan,794.3,3.54,0.4,23.51,20.01,7.21
2022-09-04 07:15:00.000 -0400,Alan,786.6,3.46,0.4,23.51,50.78,7.2
2022-09-04 07:30:00.000 -0400,Alan,786.0,3.47,0.4,23.52,39.97,7.2
2022-09-04 07:45:00.000 -0400,Alan,783.8,3.52,0.39,23.49,40.46,7.18
2022-09-04 08:00:00.000 -0400,Alan,783.2,3.72,0.39,23.5,9.23,7.18
2022-09-04 08:15:00.000 -0400,Alan,782.4,3.67,0.39,23.52,9.18,7.19
2022-09-04 08:30:00.000 -0400,Alan,788.8,4.49,0.4,23.53,9.57,7.19
2022-09-04 08:45:00.000 -0400,Alan,782.5,5.05,0.39,23.52,9.56,7.19
2022-09-04 09:00:00.000 -0400,Alan,781.6,4.02,0.39,23.53,10.19,7.19
2022-09-04 09:15:00.000 -0400,Alan,780.3,5.01,0.39,23.55,10.08,7.2
2022-09-04 09:30:00.000 -0400,Alan,782.6,5.54,0.39,23.56,11.71,7.2
2022-09-04 09:45:00.000 -0400,Alan,791.2,5.2,0.4,23.57,10.45,7.2
2022-09-04 10:00:00.000 -0400,Alan,790.9,4.37,0.4,23.55,10.7,7.2
2022-09-04 10:15:00.000 -0400,Alan,782.8,5.29,0.39,23.58,10.91,7.2
2022-09-04 10:30:00.000 -0400,Alan,778.9,9.07,0.39,23.62,10.73,7.2
2022-09-04 10:45:00.000 -0400,Alan,780.0,7.93,0.39,23.62,12.0,7.2
2022-09-04 11:00:00.000 -0400,Alan,779.0,9.16,0.39,23.65,12.46,7.21
2022-09-04 11:15:00.000 -0400,Alan,786.0,13.62,0.39,23.7,12.09,7.23
2022-09-04 11:30:00.000 -0400,Alan,787.9,10.4,0.39,23.72,12.58,7.23
2022-09-04 11:45:00.000 -0400,Alan,796.4,9.02,0.4,23.69,12.91,7.22
2022-09-04 12:00:00.000 -0400,Alan,793.4,15.28,0.4,23.8,13.39,7.24
2022-09-04 12:15:00.000 -0400,Alan,794.4,17.09,0.4,23.82,13.78,7.24
2022-09-04 12:30:00.000 -0400,Alan,794.6,19.18,0.4,23.77,15.04,7.25
2022-09-04 12:45:00.000 -0400,Alan,794.8,21.07,0.4,23.83,14.75,7.26
2022-09-04 13:00:00.000 -0400,Alan,796.3,23.68,0.4,23.9,15.77,7.27
2022-09-04 13:15:00.000 -0400,Alan,797.1,28.74,0.4,23.94,16.57,7.27
2022-09-04 13:30:00.000 -0400,Alan,798.1,16.09,0.4,23.96,15.98,7.25
2022-09-04 13:45:00.000 -0400,Alan,796.3,15.96,0.4,23.95,11.64,7.25
2022-09-04 14:00:00.000 -0400,Alan,796.9,11.06,0.4,23.97,12.58,7.24
2022-09-04 14:15:00.000 -0400,Alan,797.7,19.29,0.4,23.96,13.12,7.26
2022-09-04 14:30:00.000 -0400,Alan,796.4,18.32,0.4,24.0,12.06,7.24
2022-09-04 14:45:00.000 -0400,Alan,796.2,19.97,0.4,24.01,15.21,7.26
2022-09-04 15:00:00.000 -0400,Alan,794.3,22.77,0.4,24.06,14.92,7.25
2022-09-04 15:15:00.000 -0400,Alan,796.7,24.48,0.4,24.06,14.4,7.29
2022-09-04 15:30:00.000 -0400,Alan,795.5,24.08,0.4,23.97,12.16,7.28
2022-09-04 15:45:00.000 -0400,Alan,794.3,20.57,0.4,23.97,10.0,7.27
2022-09-04 16:00:00.000 -0400,Alan,795.3,18.28,0.4,24.0,13.44,7.25
2022-09-04 16:15:00.000 -0400,Alan,794.8,20.51,0.4,24.01,14.61,7.25
2022-09-04 16:30:00.000 -0400,Alan,795.8,10.45,0.4,24.04,70.95,7.23
2022-09-04 16:45:00.000 -0400,Alan,795.6,23.23,0.4,24.05,13.76,7.24
2022-09-04 17:00:00.000 -0400,Alan,795.7,23.09,0.4,24.04,12.54,7.26
2022-09-04 17:15:00.000 -0400,Alan,796.9,18.23,0.4,24.05,13.5,7.23
2022-09-04 17:30:00.000 -0400,Alan,798.2,12.23,0.4,24.06,12.33,7.22
2022-09-04 17:45:00.000 -0400,Alan,798.9,9.29,0.4,24.07,11.15,7.21
2022-09-04 18:00:00.000 -0400,Alan,797.0,8.93,0.4,24.1,12.19,7.23
2022-09-04 18:15:00.000 -0400,Alan,798.6,8.37,0.4,24.09,12.01,7.24
2022-09-04 18:30:00.000 -0400,Alan,796.7,10.73,0.4,24.09,11.11,7.24
2022-09-04 18:45:00.000 -0400,Alan,797.5,7.6,0.4,24.06,11.34,7.22
2022-09-04 19:00:00.000 -0400,Alan,797.4,6.16,0.4,24.07,10.76,7.21
2022-09-04 19:15:00.000 -0400,Alan,797.1,4.74,0.4,24.08,14.85,7.23
2022-09-04 19:30:00.000 -0400,Alan,798.6,3.49,0.4,24.07,15.07,7.25
2022-09-04 19:45:00.000 -0400,Alan,799.1,9.92,0.4,24.08,8.89,7.2
2022-09-04 20:00:00.000 -0400,Alan,799.2,7.04,0.4,24.1,8.56,7.22
2022-09-04 20:15:00.000 -0400,Alan,798.5,5.85,0.4,24.09,8.95,7.24
2022-09-04 20:30:00.000 -0400,Alan,800.0,4.82,0.4,24.09,8.6,7.25
2022-09-04 20:45:00.000 -0400,Alan,805.0,4.06,0.4,24.11,9.63,7.25
2022-09-04 21:00:00.000 -0400,Alan,810.0,4.65,0.4,24.12,8.63,7.25
2022-09-04 21:15:00.000 -0400,Alan,813.0,3.86,0.4,24.12,8.33,7.25
2022-09-04 21:30:00.000 -0400,Alan,814.0,3.78,0.41,24.11,25.82,7.25
2022-09-04 21:45:00.000 -0400,Alan,813.0,4.2,0.4,24.11,13.01,7.26
2022-09-04 22:00:00.000 -0400,Alan,814.0,3.68,0.41,24.1,8.83,7.26
2022-09-04 22:15:00.000 -0400,Alan,814.0,3.47,0.41,24.11,8.28,7.26
2022-09-04 22:30:00.000 -0400,Alan,814.0,3.49,0.4,24.1,8.52,7.26
2022-09-04 22:45:00.000 -0400,Alan,804.0,7.52,0.4,24.08,8.55,7.24
2022-09-04 23:00:00.000 -0400,Alan,806.0,3.68,0.4,24.1,9.37,7.25
2022-09-04 23:15:00.000 -0400,Alan,807.0,3.65,0.4,24.1,8.88,7.25
2022-09-04 23:30:00.000 -0400,Alan,803.0,6.57,0.4,24.09,8.98,7.21
2022-09-04 23:45:00.000 -0400,Alan,803.0,3.47,0.4,24.09,7.69,7.23
2022-09-05 00:00:00.000 -0400,Alan,802.0,4.11,0.4,24.09,8.28,7.25
2022-09-05 00:15:00.000 -0400,Alan,804.0,4.44,0.4,24.1,8.54,7.25
2022-09-05 00:30:00.000 -0400,Alan,805.0,9.13,0.4,24.13,8.45,7.22
2022-09-05 00:45:00.000 -0400,Alan,807.0,5.53,0.4,24.12,8.8,7.2
2022-09-05 01:00:00.000 -0400,Alan,808.0,3.68,0.4,24.11,9.24,7.23
2022-09-05 01:15:00.000 -0400,Alan,814.0,5.62,0.41,24.11,9.58,7.23
2022-09-05 01:30:00.000 -0400,Alan,816.0,4.9,0.41,24.14,10.35,7.22
2022-09-05 01:45:00.000 -0400,Alan,820.0,3.91,0.41,24.16,9.25,7.22
2022-09-05 02:00:00.000 -0400,Alan,819.0,5.35,0.41,24.14,13.64,7.17
2022-09-05 02:15:00.000 -0400,Alan,824.0,3.46,0.41,24.18,21.89,7.19
2022-09-05 02:30:00.000 -0400,Alan,835.0,3.59,0.42,24.19,13.98,7.18
2022-09-05 02:45:00.000 -0400,Alan,831.0,4.54,0.41,24.19,13.31,7.13
2022-09-05 03:00:00.000 -0400,Alan,835.0,3.53,0.42,24.19,14.24,7.15
2022-09-05 03:15:00.000 -0400,Alan,836.0,3.48,0.42,24.19,14.77,7.17
2022-09-05 03:30:00.000 -0400,Alan,837.0,3.51,0.42,24.2,14.27,7.17
2022-09-05 03:45:00.000 -0400,Alan,841.0,3.44,0.42,24.21,12.7,7.19
2022-09-05 04:00:00.000 -0400,Alan,846.0,3.51,0.42,24.21,12.6,7.21
2022-09-05 04:15:00.000 -0400,Alan,845.0,3.47,0.42,24.2,10.63,7.18
2022-09-05 04:30:00.000 -0400,Alan,846.0,3.59,0.42,24.2,12.02,7.2
2022-09-05 04:45:00.000 -0400,Alan,846.0,3.51,0.42,24.2,11.1,7.2
2022-09-05 05:00:00.000 -0400,Alan,840.0,3.45,0.42,24.19,11.43,7.2
2022-09-05 05:15:00.000 -0400,Alan,834.0,4.19,0.41,24.2,11.29,7.18
2022-09-05 05:30:00.000 -0400,Alan,834.0,3.58,0.41,24.19,10.72,7.16
2022-09-05 05:45:00.000 -0400,Alan,835.0,3.47,0.42,24.19,10.21,7.18
2022-09-05 06:00:00.000 -0400,Alan,820.0,3.72,0.41,24.17,9.32,7.16
2022-09-05 06:15:00.000 -0400,Alan,811.0,3.92,0.4,24.15,9.46,7.17
2022-09-05 06:30:00.000 -0400,Alan,819.0,3.56,0.41,24.19,10.9,7.18
2022-09-05 06:45:00.000 -0400,Alan,814.0,3.44,0.4,24.18,9.78,7.19
2022-09-05 07:00:00.000 -0400,Alan,808.0,3.69,0.4,24.15,8.55,7.16
2022-09-05 07:15:00.000 -0400,Alan,810.0,3.46,0.4,24.17,9.09,7.18
2022-09-05 07:30:00.000 -0400,Alan,798.9,3.49,0.4,24.14,10.82,7.18
2022-09-05 07:45:00.000 -0400,Alan,797.7,3.65,0.4,24.16,8.35,7.17
2022-09-05 08:00:00.000 -0400,Alan,802.0,4.12,0.4,24.16,9.07,7.17
2022-09-05 08:15:00.000 -0400,Alan,795.3,3.82,0.4,24.15,8.74,7.17
2022-09-05 08:30:00.000 -0400,Alan,793.7,4.37,0.39,24.17,10.36,7.19
2022-09-05 08:45:00.000 -0400,Alan,792.2,3.57,0.39,24.15,12.41,7.19
2022-09-05 09:00:00.000 -0400,Alan,797.6,3.79,0.4,24.17,12.19,7.19
2022-09-05 09:15:00.000 -0400,Alan,794.8,3.73,0.39,24.18,11.41,7.19
2022-09-05 09:30:00.000 -0400,Alan,794.1,3.44,0.39,24.21,11.95,7.19
2022-09-05 09:45:00.000 -0400,Alan,795.3,3.6,0.39,24.22,11.94,7.19
2022-09-05 10:00:00.000 -0400,Alan,798.4,3.5,0.4,24.23,12.29,7.2
2022-09-05 10:15:00.000 -0400,Alan,800.0,3.47,0.4,24.24,12.15,7.19
2022-09-05 10:30:00.000 -0400,Alan,795.9,3.56,0.39,24.27,11.48,7.19
2022-09-05 10:45:00.000 -0400,Alan,797.0,4.13,0.39,24.28,41.18,7.19
2022-09-05 11:00:00.000 -0400,Alan,797.6,3.75,0.4,24.25,12.5,7.2
2022-09-05 11:15:00.000 -0400,Alan,796.1,3.79,0.39,24.27,11.97,7.2
2022-09-05 11:30:00.000 -0400,Alan,798.7,5.15,0.4,24.28,11.43,7.2
2022-09-05 11:45:00.000 -0400,Alan,798.4,3.81,0.4,24.28,12.09,7.2
2022-09-05 12:00:00.000 -0400,Alan,806.0,3.73,0.4,24.28,11.94,7.2
2022-09-05 12:15:00.000 -0400,Alan,805.0,3.84,0.4,24.3,10.5,7.21
2022-09-05 12:30:00.000 -0400,Alan,804.0,4.24,0.4,24.37,9.66,7.22
2022-09-05 12:45:00.000 -0400,Alan,808.0,3.62,0.4,24.33,9.7,7.22
2022-09-05 13:00:00.000 -0400,Alan,805.0,4.98,0.4,24.35,14.52,7.22
2022-09-05 13:15:00.000 -0400,Alan,806.0,4.39,0.4,24.34,14.59,7.21
2022-09-05 13:30:00.000 -0400,Alan,805.0,3.49,0.4,24.34,13.54,7.21
2022-09-05 13:45:00.000 -0400,Alan,799.4,4.55,0.4,24.34,9.55,7.21
2022-09-05 14:00:00.000 -0400,Alan,794.5,3.59,0.39,24.31,10.98,7.2
2022-09-05 14:15:00.000 -0400,Alan,809.0,4.02,0.4,24.3,10.61,7.2
2022-09-05 14:30:00.000 -0400,Alan,808.0,6.54,0.4,24.34,11.11,7.2
2022-09-05 14:45:00.000 -0400,Alan,808.0,5.99,0.4,24.36,11.48,7.21
2022-09-05 15:00:00.000 -0400,Alan,808.0,4.29,0.4,24.36,11.21,7.21
2022-09-05 15:15:00.000 -0400,Alan,815.0,3.48,0.4,24.35,173.0,7.19
2022-09-05 15:30:00.000 -0400,Alan,808.0,7.52,0.4,24.42,19.98,7.21
2022-09-05 15:45:00.000 -0400,Alan,807.0,3.7,0.4,24.4,18.91,7.22
2022-09-05 16:00:00.000 -0400,Alan,807.0,5.74,0.4,24.43,15.63,7.22
2022-09-05 16:15:00.000 -0400,Alan,835.0,4.02,0.41,24.57,59.99,7.18
2022-09-05 16:30:00.000 -0400,Alan,734.6,4.73,0.36,24.5,20.29,7.04
2022-09-05 16:45:00.000 -0400,Alan,698.0,5.76,0.34,24.58,17.27,7.07
2022-09-05 17:00:00.000 -0400,Alan,712.8,6.97,0.35,24.52,19.6,7.07
2022-09-05 17:15:00.000 -0400,Alan,737.6,3.56,0.36,24.45,18.87,7.07
2022-09-05 17:30:00.000 -0400,Alan,775.3,3.44,0.38,24.33,75.02,7.09
2022-09-05 17:45:00.000 -0400,Alan,787.1,3.44,0.39,24.38,250.7,7.14
2022-09-05 18:00:00.000 -0400,Alan,791.8,3.53,0.39,24.42,13.96,7.16
2022-09-05 18:15:00.000 -0400,Alan,760.6,3.45,0.37,24.42,12.82,7.15
2022-09-05 18:30:00.000 -0400,Alan,756.4,3.7,0.37,24.45,31.71,7.15
2022-09-05 18:45:00.000 -0400,Alan,759.0,3.43,0.37,24.43,13.97,7.15
2022-09-05 19:00:00.000 -0400,Alan,773.6,3.44,0.38,24.39,17.74,7.15
2022-09-05 19:15:00.000 -0400,Alan,764.3,3.55,0.38,24.39,11.83,7.15
2022-09-05 19:30:00.000 -0400,Alan,705.4,4.71,0.35,24.31,11.62,7.13
2022-09-05 19:45:00.000 -0400,Alan,600.0,3.67,0.29,24.23,12.87,7.05
2022-09-05 20:00:00.000 -0400,Alan,546.2,8.27,0.27,23.95,18.31,7.04
2022-09-05 20:15:00.000 -0400,Alan,609.5,8.03,0.3,24.09,21.56,7.0
2022-09-05 20:30:00.000 -0400,Alan,593.4,4.46,0.29,24.07,16.53,7.04
2022-09-05 20:45:00.000 -0400,Alan,600.8,5.59,0.3,24.1,15.01,7.05
2022-09-05 21:00:00.000 -0400,Alan,627.7,3.65,0.31,24.19,16.44,7.05
2022-09-05 21:15:00.000 -0400,Alan,674.3,3.98,0.33,24.17,14.81,7.05
2022-09-05 21:30:00.000 -0400,Alan,673.3,3.84,0.33,24.19,13.7,7.05
2022-09-05 21:45:00.000 -0400,Alan,504.8,22.14,0.25,23.8,15.13,7.1
2022-09-05 22:00:00.000 -0400,Alan,646.1,3.72,0.32,24.05,15.73,7.04
2022-09-05 22:15:00.000 -0400,Alan,564.3,3.93,0.28,23.9,130.1,7.04
2022-09-05 22:30:00.000 -0400,Alan,582.0,3.65,0.29,23.96,105.2,7.03
2022-09-05 22:45:00.000 -0400,Alan,571.1,5.09,0.28,23.96,104.2,7.04
2022-09-05 23:00:00.000 -0400,Alan,545.6,5.61,0.27,23.95,106.7,7.06
2022-09-05 23:15:00.000 -0400,Alan,530.1,5.37,0.26,23.95,94.8,7.06
2022-09-05 23:30:00.000 -0400,Alan,543.6,8.27,0.27,23.95,46.08,7.05
2022-09-05 23:45:00.000 -0400,Alan,564.1,5.74,0.28,24.01,54.47,7.05
2022-09-06 00:00:00.000 -0400,Alan,569.0,4.5,0.28,24.04,100.8,7.06
2022-09-06 00:15:00.000 -0400,Alan,563.7,4.9,0.28,23.96,59.54,7.06
2022-09-06 00:30:00.000 -0400,Alan,576.8,3.74,0.28,23.98,53.68,7.06
2022-09-06 00:45:00.000 -0400,Alan,585.5,4.01,0.29,23.95,52.46,7.05
2022-09-06 01:00:00.000 -0400,Alan,628.7,5.88,0.31,24.09,46.03,7.09
2022-09-06 01:15:00.000 -0400,Alan,584.2,5.17,0.29,23.94,49.82,7.09
2022-09-06 01:30:00.000 -0400,Alan,574.2,4.04,0.28,23.91,468.5,7.08
2022-09-06 01:45:00.000 -0400,Alan,601.1,4.58,0.3,23.97,42.95,7.08
2022-09-06 02:00:00.000 -0400,Alan,596.6,4.62,0.29,23.97,41.81,7.08
2022-09-06 02:15:00.000 -0400,Alan,600.3,5.45,0.3,23.99,42.62,7.08
2022-09-06 02:30:00.000 -0400,Alan,602.7,4.63,0.3,23.96,42.13,7.09
2022-09-06 02:45:00.000 -0400,Alan,609.5,4.16,0.3,23.97,40.55,7.09
2022-09-06 03:00:00.000 -0400,Alan,611.0,8.41,0.3,23.98,48.83,7.08
2022-09-06 03:15:00.000 -0400,Alan,647.3,5.65,0.32,24.04,35.59,7.09
2022-09-06 03:30:00.000 -0400,Alan,646.2,4.94,0.32,24.01,35.55,7.1
2022-09-06 03:45:00.000 -0400,Alan,646.3,7.57,0.32,24.01,29.85,7.11
2022-09-06 04:00:00.000 -0400,Alan,645.4,5.78,0.32,23.99,30.73,7.11
2022-09-06 04:15:00.000 -0400,Alan,653.9,10.67,0.32,24.0,36.04,7.11
2022-09-06 04:30:00.000 -0400,Alan,646.6,7.37,0.32,23.91,35.07,7.11
2022-09-06 04:45:00.000 -0400,Alan,650.4,4.11,0.32,23.75,32.62,7.07
2022-09-06 05:00:00.000 -0400,Alan,634.2,9.48,0.32,23.69,29.19,7.08
2022-09-06 05:15:00.000 -0400,Alan,634.9,9.87,0.32,23.75,30.23,7.1
2022-09-06 05:30:00.000 -0400,Alan,605.7,12.89,0.3,23.72,24.65,7.11
2022-09-06 05:45:00.000 -0400,Alan,589.5,19.89,0.29,23.66,25.94,7.13
2022-09-06 06:00:00.000 -0400,Alan,577.5,14.22,0.29,23.52,26.76,7.1
2022-09-06 06:15:00.000 -0400,Alan,543.1,10.75,0.27,23.3,30.39,7.1
2022-09-06 06:30:00.000 -0400,Alan,528.6,19.78,0.26,23.26,29.97,7.1
2022-09-06 06:45:00.000 -0400,Alan,525.2,13.92,0.26,23.3,46.27,7.1
2022-09-06 07:00:00.000 -0400,Alan,541.7,24.48,0.27,23.3,78.2,7.11
2022-09-06 07:15:00.000 -0400,Alan,550.0,18.13,0.27,23.27,76.83,7.08
2022-09-06 07:30:00.000 -0400,Alan,571.8,20.47,0.29,23.34,46.8,7.09
2022-09-06 07:45:00.000 -0400,Alan,558.9,22.66,0.28,23.31,45.25,7.1
2022-09-06 08:00:00.000 -0400,Alan,606.4,19.48,0.3,23.44,44.94,7.11
2022-09-06 08:15:00.000 -0400,Alan,619.5,18.21,0.31,23.47,42.62,7.12
2022-09-06 08:30:00.000 -0400,Alan,609.7,15.18,0.3,23.48,44.53,7.12
2022-09-06 08:45:00.000 -0400,Alan,617.0,19.54,0.31,23.41,51.54,7.13
2022-09-06 09:00:00.000 -0400,Alan,610.8,23.79,0.31,23.35,51.79,7.13
2022-09-06 09:15:00.000 -0400,Alan,590.1,20.63,0.3,23.26,54.41,7.13
2022-09-06 09:30:00.000 -0400,Alan,589.8,20.74,0.3,23.31,54.35,7.12
2022-09-06 09:45:00.000 -0400,Alan,580.4,21.18,0.29,23.34,51.65,7.12
2022-09-06 10:00:00.000 -0400,Alan,578.8,27.38,0.29,23.32,22.88,7.14
2022-09-06 10:15:00.000 -0400,Alan,608.6,21.71,0.3,23.45,21.4,7.16
2022-09-06 10:30:00.000 -0400,Alan,616.1,32.62,0.31,23.35,15.91,7.19
2022-09-06 10:45:00.000 -0400,Alan,597.6,29.36,0.3,23.35,18.51,7.19
2022-09-06 11:00:00.000 -0400,Alan,633.8,24.95,0.32,23.47,18.05,7.18
2022-09-06 11:15:00.000 -0400,Alan,630.4,24.76,0.31,23.5,18.4,7.16
2022-09-06 11:30:00.000 -0400,Alan,657.6,22.14,0.33,23.58,16.27,7.18
2022-09-06 11:45:00.000 -0400,Alan,660.7,25.63,0.33,23.67,16.18,7.21
2022-09-06 12:00:00.000 -0400,Alan,653.3,28.76,0.33,23.59,15.7,7.21
2022-09-06 12:15:00.000 -0400,Alan,670.1,26.94,0.33,23.7,16.38,7.23
2022-09-06 12:30:00.000 -0400,Alan,676.4,29.65,0.34,23.73,15.99,7.24
2022-09-06 12:45:00.000 -0400,Alan,667.9,23.55,0.33,23.66,19.94,7.22
2022-09-06 13:00:00.000 -0400,Alan,670.6,20.81,0.33,23.68,20.17,7.21
2022-09-06 13:15:00.000 -0400,Alan,677.2,23.75,0.34,23.69,17.07,7.22
2022-09-06 13:30:00.000 -0400,Alan,688.7,27.15,0.34,23.71,51.57,7.23
2022-09-06 13:45:00.000 -0400,Alan,689.0,22.83,0.34,23.78,23.5,7.23
2022-09-06 14:00:00.000 -0400,Alan,684.5,22.73,0.34,23.7,17.2,7.24
2022-09-06 14:15:00.000 -0400,Alan,685.1,18.27,0.34,23.73,18.17,7.23
2022-09-06 14:30:00.000 -0400,Alan,686.3,23.37,0.34,23.71,17.55,7.23
2022-09-06 14:45:00.000 -0400,Alan,689.9,24.87,0.34,23.7,16.74,7.24
2022-09-06 15:00:00.000 -0400,Alan,685.4,24.27,0.34,23.74,56.99,7.23
2022-09-06 15:15:00.000 -0400,Alan,685.6,19.56,0.34,23.72,56.69,7.22
2022-09-06 15:30:00.000 -0400,Alan,687.8,23.65,0.34,23.74,18.07,7.23
2022-09-06 15:45:00.000 -0400,Alan,690.2,26.0,0.34,23.75,66.61,7.23
2022-09-06 16:00:00.000 -0400,Alan,689.6,24.63,0.34,23.75,132.8,7.24
2022-09-06 16:15:00.000 -0400,Alan,686.6,25.8,0.34,23.75,22.44,7.24
2022-09-06 16:30:00.000 -0400,Alan,677.1,29.56,0.34,23.7,20.33,7.25
2022-09-06 16:45:00.000 -0400,Alan,688.8,20.19,0.34,23.69,20.42,7.24
2022-09-06 17:00:00.000 -0400,Alan,689.3,24.65,0.34,23.72,20.81,7.25
2022-09-06 17:15:00.000 -0400,Alan,690.1,24.68,0.34,23.67,20.87,7.24
2022-09-06 17:30:00.000 -0400,Alan,688.6,26.22,0.34,23.66,21.08,7.24
2022-09-06 17:45:00.000 -0400,Alan,687.3,25.23,0.34,23.67,70.07,7.23
2022-09-06 18:00:00.000 -0400,Alan,682.3,20.99,0.34,23.64,19.43,7.23
2022-09-06 18:15:00.000 -0400,Alan,687.5,23.68,0.34,23.6,18.84,7.22
2022-09-06 18:30:00.000 -0400,Alan,686.8,25.76,0.34,23.58,19.45,7.22
2022-09-06 18:45:00.000 -0400,Alan,687.3,26.69,0.34,23.58,18.32,7.23
2022-09-06 19:00:00.000 -0400,Alan,689.1,23.67,0.35,23.53,18.08,7.21
2022-09-06 19:15:00.000 -0400,Alan,687.6,26.24,0.34,23.52,20.27,7.22
2022-09-06 19:30:00.000 -0400,Alan,690.2,22.94,0.35,23.49,17.24,7.21
2022-09-06 19:45:00.000 -0400,Alan,689.5,25.17,0.35,23.44,17.5,7.21
2022-09-06 20:00:00.000 -0400,Alan,690.7,20.66,0.35,23.44,17.58,7.2
2022-09-06 20:15:00.000 -0400,Alan,689.1,22.92,0.35,23.42,17.48,7.21
2022-09-06 20:30:00.000 -0400,Alan,688.0,17.23,0.35,23.39,16.73,7.19
2022-09-06 20:45:00.000 -0400,Alan,685.1,16.36,0.34,23.35,17.65,7.18
2022-09-06 21:00:00.000 -0400,Alan,687.4,12.45,0.35,23.33,17.48,7.16
2022-09-06 21:15:00.000 -0400,Alan,686.8,7.11,0.35,23.3,19.0,7.16
2022-09-06 21:30:00.000 -0400,Alan,685.2,10.64,0.35,23.27,17.04,7.15
2022-09-06 21:45:00.000 -0400,Alan,685.3,7.78,0.35,23.24,16.42,7.14
2022-09-06 22:00:00.000 -0400,Alan,682.8,10.84,0.34,23.22,18.36,7.15
2022-09-06 22:15:00.000 -0400,Alan,685.8,11.4,0.35,23.21,17.39,7.16
2022-09-06 22:30:00.000 -0400,Alan,684.7,9.58,0.35,23.17,16.44,7.15
2022-09-06 22:45:00.000 -0400,Alan,682.1,3.71,0.34,23.15,66.56,7.15
2022-09-06 23:00:00.000 -0400,Alan,685.8,4.12,0.35,23.13,70.08,7.15
2022-09-06 23:15:00.000 -0400,Alan,682.4,8.82,0.34,23.1,120.2,7.15
2022-09-06 23:30:00.000 -0400,Alan,679.5,10.6,0.34,23.07,193.6,7.15
2022-09-06 23:45:00.000 -0400,Alan,680.3,7.11,0.34,23.06,198.8,7.15
2022-09-07 00:00:00.000 -0400,Alan,677.0,5.15,0.34,23.02,196.8,7.14
2022-09-07 00:15:00.000 -0400,Alan,673.3,6.92,0.34,22.98,199.9,7.14
2022-09-07 00:30:00.000 -0400,Alan,671.5,6.62,0.34,22.98,186.7,7.15
2022-09-07 00:45:00.000 -0400,Alan,674.3,4.02,0.34,22.96,197.6,7.15
2022-09-07 01:00:00.000 -0400,Alan,673.0,3.6,0.34,22.89,181.3,7.14
2022-09-07 01:15:00.000 -0400,Alan,672.7,3.78,0.34,22.92,131.0,7.14
2022-09-07 01:30:00.000 -0400,Alan,675.1,3.51,0.34,22.91,120.0,7.14
2022-09-07 01:45:00.000 -0400,Alan,675.1,3.71,0.34,22.88,120.8,7.14
2022-09-07 02:00:00.000 -0400,Alan,672.4,4.09,0.34,22.86,133.1,7.14
2022-09-07 02:15:00.000 -0400,Alan,671.6,3.76,0.34,22.84,168.4,7.14
2022-09-07 02:30:00.000 -0400,Alan,674.0,3.84,0.34,22.81,165.4,7.14
2022-09-07 02:45:00.000 -0400,Alan,674.5,3.96,0.34,22.78,173.5,7.14
2022-09-07 03:00:00.000 -0400,Alan,666.6,4.32,0.34,22.76,162.7,7.14
2022-09-07 03:15:00.000 -0400,Alan,665.1,3.65,0.34,22.74,170.3,7.14
2022-09-07 03:30:00.000 -0400,Alan,667.5,3.43,0.34,22.73,160.1,7.15
2022-09-07 03:45:00.000 -0400,Alan,673.6,3.52,0.34,22.73,114.3,7.14
2022-09-07 04:00:00.000 -0400,Alan,670.6,3.46,0.34,22.68,73.57,7.14
2022-09-07 04:15:00.000 -0400,Alan,669.9,3.56,0.34,22.66,79.04,7.14
2022-09-07 04:30:00.000 -0400,Alan,669.1,3.92,0.34,22.65,53.88,7.14
2022-09-07 04:45:00.000 -0400,Alan,666.8,5.17,0.34,22.61,39.18,7.14
2022-09-07 05:00:00.000 -0400,Alan,667.9,4.11,0.34,22.58,29.25,7.14
2022-09-07 05:15:00.000 -0400,Alan,663.1,3.97,0.34,22.56,30.72,7.14
2022-09-07 05:30:00.000 -0400,Alan,663.4,3.47,0.34,22.55,35.64,7.14
2022-09-07 05:45:00.000 -0400,Alan,666.2,3.49,0.34,22.53,37.58,7.15
2022-09-07 06:00:00.000 -0400,Alan,665.5,3.6,0.34,22.53,41.67,7.14
2022-09-07 06:15:00.000 -0400,Alan,664.6,3.46,0.34,22.5,42.75,7.15
2022-09-07 06:30:00.000 -0400,Alan,663.9,4.13,0.34,22.49,43.97,7.15
2022-09-07 06:45:00.000 -0400,Alan,667.3,3.67,0.34,22.49,35.62,7.14
2022-09-07 07:00:00.000 -0400,Alan,667.8,3.54,0.34,22.48,38.46,7.14
2022-09-07 07:15:00.000 -0400,Alan,665.7,4.74,0.34,22.48,39.18,7.14
2022-09-07 07:30:00.000 -0400,Alan,664.9,4.27,0.34,22.46,35.72,7.15
2022-09-07 07:45:00.000 -0400,Alan,657.8,3.49,0.34,22.45,27.88,7.14
2022-09-07 08:00:00.000 -0400,Alan,658.5,4.44,0.34,22.45,25.26,7.14
2022-09-07 08:15:00.000 -0400,Alan,659.2,3.93,0.34,22.45,27.34,7.14
2022-09-07 08:30:00.000 -0400,Alan,659.2,6.26,0.34,22.45,26.94,7.14
2022-09-07 08:45:00.000 -0400,Alan,660.2,5.27,0.34,22.47,34.53,7.14
2022-09-07 09:00:00.000 -0400,Alan,660.3,7.3,0.34,22.47,86.4,7.14
2022-09-07 09:15:00.000 -0400,Alan,660.0,5.83,0.34,22.51,193.9,7.14
2022-09-07 09:30:00.000 -0400,Alan,663.0,6.97,0.34,22.53,28.57,7.14
2022-09-07 09:45:00.000 -0400,Alan,660.0,7.61,0.34,22.6,23.22,7.14
2022-09-07 10:00:00.000 -0400,Alan,661.5,6.58,0.34,22.61,22.99,7.14
2022-09-07 10:15:00.000 -0400,Alan,663.3,9.81,0.34,22.66,12.42,7.14
2022-09-07 10:30:00.000 -0400,Alan,666.5,7.25,0.34,22.67,11.55,7.14
2022-09-07 10:45:00.000 -0400,Alan,671.0,6.39,0.34,22.72,11.72,7.14
2022-09-07 11:00:00.000 -0400,Alan,670.6,7.0,0.34,22.71,12.42,7.14
2022-09-07 11:15:00.000 -0400,Alan,670.3,4.6,0.34,22.74,12.21,7.13
2022-09-07 11:30:00.000 -0400,Alan,672.4,4.71,0.34,22.8,11.02,7.13
2022-09-07 11:45:00.000 -0400,Alan,672.4,4.77,0.34,22.78,11.2,7.14
2022-09-07 12:00:00.000 -0400,Alan,669.5,5.18,0.34,22.82,10.92,7.14
2022-09-07 12:15:00.000 -0400,Alan,668.9,6.99,0.34,22.83,13.02,7.14
2022-09-07 12:30:00.000 -0400,Alan,669.2,7.6,0.34,22.89,11.51,7.14
2022-09-07 12:45:00.000 -0400,Alan,675.2,11.63,0.34,22.93,11.1,7.15
2022-09-07 13:00:00.000 -0400,Alan,684.7,9.77,0.35,22.94,10.81,7.14
2022-09-07 13:15:00.000 -0400,Alan,677.8,7.23,0.34,22.87,10.77,7.13
2022-09-07 13:30:00.000 -0400,Alan,680.8,6.03,0.35,22.88,10.72,7.14
2022-09-07 13:45:00.000 -0400,Alan,686.7,5.3,0.35,22.94,11.08,7.13
2022-09-07 14:00:00.000 -0400,Alan,672.2,4.94,0.34,22.94,10.38,7.13
2022-09-07 14:15:00.000 -0400,Alan,675.7,5.14,0.34,22.94,10.63,7.14
2022-09-07 14:30:00.000 -0400,Alan,684.4,4.85,0.35,22.94,12.14,7.14
2022-09-07 14:45:00.000 -0400,Alan,684.3,8.89,0.35,22.97,12.1,7.14
2022-09-07 15:00:00.000 -0400,Alan,673.5,6.35,0.34,22.96,10.85,7.14
2022-09-07 15:15:00.000 -0400,Alan,678.3,3.57,0.34,22.94,9.58,7.14
2022-09-07 15:30:00.000 -0400,Alan,678.9,5.12,0.34,22.87,13.06,7.14
2022-09-07 15:45:00.000 -0400,Alan,684.9,3.62,0.35,22.87,9.78,7.14
2022-09-07 16:00:00.000 -0400,Alan,682.2,6.01,0.35,22.87,55.18,7.14
2022-09-07 16:15:00.000 -0400,Alan,682.3,6.23,0.35,22.89,11.97,7.13
2022-09-07 16:30:00.000 -0400,Alan,681.2,3.97,0.35,22.89,10.35,7.13
2022-09-07 16:45:00.000 -0400,Alan,681.7,4.77,0.35,22.88,13.2,7.14
2022-09-07 17:00:00.000 -0400,Alan,680.8,5.61,0.35,22.86,11.99,7.13
2022-09-07 17:15:00.000 -0400,Alan,680.3,5.95,0.35,22.86,11.71,7.13
2022-09-07 17:30:00.000 -0400,Alan,680.8,3.53,0.35,22.88,15.67,7.13
2022-09-07 17:45:00.000 -0400,Alan,682.2,4.73,0.35,22.92,11.36,7.13
2022-09-07 18:00:00.000 -0400,Alan,687.4,4.57,0.35,22.98,10.91,7.13
2022-09-07 18:15:00.000 -0400,Alan,691.5,3.61,0.35,23.0,11.09,7.13
2022-09-07 18:30:00.000 -0400,Alan,700.1,5.94,0.35,23.05,12.44,7.13
2022-09-07 18:45:00.000 -0400,Alan,699.0,13.47,0.35,23.06,13.51,7.12
2022-09-07 19:00:00.000 -0400,Alan,698.7,15.63,0.35,23.04,11.4,7.12
2022-09-07 19:15:00.000 -0400,Alan,695.0,6.38,0.35,23.0,81.1,7.1
2022-09-07 19:30:00.000 -0400,Alan,701.1,6.08,0.36,22.96,54.5,7.09
2022-09-07 19:45:00.000 -0400,Alan,702.6,5.6,0.36,22.93,58.1,7.1
2022-09-07 20:00:00.000 -0400,Alan,702.8,10.05,0.36,22.91,50.5,7.12
2022-09-07 20:15:00.000 -0400,Alan,701.2,13.04,0.36,22.9,47.29,7.12
2022-09-07 20:30:00.000 -0400,Alan,697.0,11.69,0.35,22.88,48.6,7.12
2022-09-07 20:45:00.000 -0400,Alan,695.5,4.66,0.35,22.87,163.6,7.13
2022-09-07 21:00:00.000 -0400,Alan,693.7,8.66,0.35,22.83,182.7,7.13
2022-09-07 21:15:00.000 -0400,Alan,692.3,10.12,0.35,22.81,173.1,7.14
2022-09-07 21:30:00.000 -0400,Alan,689.7,11.6,0.35,22.79,172.2,7.13
2022-09-07 21:45:00.000 -0400,Alan,693.3,9.43,0.35,22.75,171.9,7.13
2022-09-07 22:00:00.000 -0400,Alan,691.0,7.78,0.35,22.74,164.2,7.14
2022-09-07 22:15:00.000 -0400,Alan,690.9,8.31,0.35,22.72,53.9,7.14
2022-09-07 22:30:00.000 -0400,Alan,691.4,14.2,0.35,22.7,10.73,7.14
2022-09-07 22:45:00.000 -0400,Alan,690.2,12.32,0.35,22.67,11.27,7.15
2022-09-07 23:00:00.000 -0400,Alan,689.6,14.69,0.35,22.64,10.95,7.14
2022-09-07 23:15:00.000 -0400,Alan,690.1,7.72,0.35,22.63,11.53,7.15
2022-09-07 23:30:00.000 -0400,Alan,689.4,9.06,0.35,22.6,11.81,7.14
2022-09-07 23:45:00.000 -0400,Alan,689.0,7.89,0.35,22.58,53.05,7.15
2022-09-08 00:00:00.000 -0400,Alan,689.5,7.2,0.35,22.56,47.98,7.14
2022-09-08 00:15:00.000 -0400,Alan,687.5,6.84,0.35,22.53,43.29,7.14
2022-09-08 00:30:00.000 -0400,Alan,686.9,6.0,0.35,22.52,45.64,7.14
2022-09-08 00:45:00.000 -0400,Alan,688.1,6.57,0.35,22.51,44.62,7.14
2022-09-08 01:00:00.000 -0400,Alan,688.0,7.59,0.35,22.48,45.15,7.13
2022-09-08 01:15:00.000 -0400,Alan,685.3,5.54,0.35,22.44,44.92,7.14
2022-09-08 01:30:00.000 -0400,Alan,685.8,4.92,0.35,22.42,46.99,7.14
2022-09-08 01:45:00.000 -0400,Alan,687.3,5.5,0.35,22.37,45.33,7.13
2022-09-08 02:00:00.000 -0400,Alan,688.2,4.72,0.35,22.35,49.66,7.13
2022-09-08 02:15:00.000 -0400,Alan,686.8,4.69,0.35,22.34,44.06,7.13
2022-09-08 02:30:00.000 -0400,Alan,685.6,4.57,0.35,22.31,41.6,7.13
2022-09-08 02:45:00.000 -0400,Alan,682.8,4.41,0.35,22.27,36.19,7.13
2022-09-08 03:00:00.000 -0400,Alan,685.0,4.1,0.35,22.26,34.63,7.13
2022-09-08 03:15:00.000 -0400,Alan,685.3,4.09,0.35,22.21,32.02,7.13
2022-09-08 03:30:00.000 -0400,Alan,683.8,3.91,0.35,22.2,33.79,7.13
2022-09-08 03:45:00.000 -0400,Alan,683.1,3.62,0.35,22.14,32.22,7.13
2022-09-08 04:00:00.000 -0400,Alan,684.7,4.4,0.35,22.12,31.57,7.14
2022-09-08 04:15:00.000 -0400,Alan,684.6,3.72,0.35,22.12,29.61,7.14
2022-09-08 04:30:00.000 -0400,Alan,684.8,3.71,0.35,22.08,29.58,7.14
2022-09-08 04:45:00.000 -0400,Alan,683.3,3.59,0.35,22.07,64.75,7.14
2022-09-08 05:00:00.000 -0400,Alan,681.4,3.5,0.35,22.03,67.5,7.14
2022-09-08 05:15:00.000 -0400,Alan,682.2,3.83,0.35,22.0,62.54,7.14
2022-09-08 05:30:00.000 -0400,Alan,681.6,3.6,0.35,21.96,60.79,7.15
2022-09-08 05:45:00.000 -0400,Alan,679.4,3.56,0.35,21.91,57.93,7.14
2022-09-08 06:00:00.000 -0400,Alan,673.5,3.52,0.35,21.9,56.46,7.14
2022-09-08 06:15:00.000 -0400,Alan,673.1,3.47,0.35,21.85,84.3,7.14
2022-09-08 06:30:00.000 -0400,Alan,679.1,3.52,0.35,21.82,74.64,7.14
2022-09-08 06:45:00.000 -0400,Alan,680.5,3.53,0.35,21.81,48.48,7.14
2022-09-08 07:00:00.000 -0400,Alan,679.4,3.5,0.35,21.77,38.72,7.15
2022-09-08 07:15:00.000 -0400,Alan,679.3,3.51,0.35,21.76,28.2,7.15
2022-09-08 07:30:00.000 -0400,Alan,675.8,3.7,0.35,21.73,22.56,7.14
2022-09-08 07:45:00.000 -0400,Alan,675.2,4.2,0.35,21.74,32.29,7.14
2022-09-08 08:00:00.000 -0400,Alan,677.2,4.41,0.35,21.74,29.51,7.14
2022-09-08 08:15:00.000 -0400,Alan,674.9,4.18,0.35,21.73,27.88,7.14
2022-09-08 08:30:00.000 -0400,Alan,676.8,3.64,0.35,21.74,27.69,7.13
2022-09-08 08:45:00.000 -0400,Alan,678.8,4.1,0.35,21.77,18.37,7.13
2022-09-08 09:00:00.000 -0400,Alan,678.3,4.8,0.35,21.85,14.72,7.13
2022-09-08 09:15:00.000 -0400,Alan,679.5,4.04,0.35,21.88,9.23,7.13
2022-09-08 09:30:00.000 -0400,Alan,682.2,5.21,0.35,21.93,11.22,7.12
2022-09-08 09:45:00.000 -0400,Alan,681.8,3.94,0.35,22.0,10.28,7.13
2022-09-08 10:00:00.000 -0400,Alan,683.5,6.03,0.35,22.11,10.46,7.13
2022-09-08 10:15:00.000 -0400,Alan,684.3,5.22,0.35,22.19,11.13,7.13
2022-09-08 10:30:00.000 -0400,Alan,680.9,4.94,0.35,22.25,10.45,7.13
2022-09-08 10:45:00.000 -0400,Alan,684.2,6.6,0.35,22.21,10.45,7.13
2022-09-08 11:00:00.000 -0400,Alan,686.6,3.92,0.35,22.21,855.0,7.13
2022-09-08 11:15:00.000 -0400,Alan,685.0,5.24,0.35,22.21,1073.0,7.13
2022-09-08 11:30:00.000 -0400,Alan,685.1,6.68,0.35,22.35,7.41,7.13
2022-09-08 11:45:00.000 -0400,Alan,685.5,4.31,0.35,22.36,7.52,7.12
2022-09-08 12:00:00.000 -0400,Alan,687.1,8.41,0.35,22.39,8.08,7.12
2022-09-08 12:15:00.000 -0400,Alan,687.8,8.7,0.35,22.46,8.32,7.12
2022-09-08 12:30:00.000 -0400,Alan,684.4,7.07,0.35,22.33,7.63,7.12
2022-09-08 12:45:00.000 -0400,Alan,680.8,9.06,0.35,22.29,8.09,7.13
2022-09-08 13:00:00.000 -0400,Alan,684.0,8.57,0.35,22.26,8.91,7.13
2022-09-08 13:15:00.000 -0400,Alan,685.5,7.82,0.35,22.38,8.72,7.13
2022-09-08 13:30:00.000 -0400,Alan,685.8,8.41,0.35,22.4,8.75,7.13
2022-09-08 13:45:00.000 -0400,Alan,684.4,6.93,0.35,22.5,8.43,7.13
2022-09-08 14:00:00.000 -0400,Alan,681.7,7.19,0.35,22.45,8.33,7.12
2022-09-08 14:15:00.000 -0400,Alan,687.1,6.03,0.35,22.42,8.4,7.12
2022-09-08 14:30:00.000 -0400,Alan,684.8,8.2,0.35,22.35,9.14,7.12
2022-09-08 14:45:00.000 -0400,Alan,684.4,9.98,0.35,22.34,9.72,7.13
2022-09-08 15:00:00.000 -0400,Alan,686.1,5.15,0.35,22.36,9.9,7.12
2022-09-08 15:15:00.000 -0400,Alan,685.6,7.67,0.35,22.38,10.65,7.13
2022-09-08 15:30:00.000 -0400,Alan,682.8,6.98,0.35,22.41,9.0,7.13
2022-09-08 15:45:00.000 -0400,Alan,680.5,8.42,0.35,22.37,11.11,7.13
2022-09-08 16:00:00.000 -0400,Alan,685.1,8.07,0.35,22.36,10.47,7.13
2022-09-08 16:15:00.000 -0400,Alan,684.7,6.19,0.35,22.38,7.88,7.13
2022-09-08 16:30:00.000 -0400,Alan,681.6,7.21,0.35,22.36,16.23,7.13
2022-09-08 16:45:00.000 -0400,Alan,690.2,5.86,0.35,22.44,12.01,7.14
2022-09-08 17:00:00.000 -0400,Alan,690.9,5.49,0.35,22.49,13.02,7.14
2022-09-08 17:15:00.000 -0400,Alan,688.7,5.56,0.35,22.53,10.8,7.14
2022-09-08 17:30:00.000 -0400,Alan,691.6,8.89,0.35,22.57,9.78,7.14
2022-09-08 17:45:00.000 -0400,Alan,689.6,5.67,0.35,22.55,9.77,7.14
2022-09-08 18:00:00.000 -0400,Alan,697.2,5.16,0.36,22.58,10.01,7.14
2022-09-08 18:15:00.000 -0400,Alan,698.7,6.74,0.36,22.55,14.6,7.14
2022-09-08 18:30:00.000 -0400,Alan,699.6,4.75,0.36,22.5,10.23,7.13
2022-09-08 18:45:00.000 -0400,Alan,695.5,4.34,0.36,22.43,9.91,7.14
2022-09-08 19:00:00.000 -0400,Alan,697.3,4.36,0.36,22.42,10.4,7.15
2022-09-08 19:15:00.000 -0400,Alan,700.1,3.5,0.36,22.44,12.87,7.17
2022-09-08 19:30:00.000 -0400,Alan,700.9,3.62,0.36,22.45,16.36,7.17
2022-09-08 19:45:00.000 -0400,Alan,702.0,3.69,0.36,22.46,13.72,7.17
2022-09-08 20:00:00.000 -0400,Alan,702.4,4.6,0.36,22.46,19.93,7.16
2022-09-08 20:15:00.000 -0400,Alan,703.0,3.72,0.36,22.48,41.89,7.16
2022-09-08 20:30:00.000 -0400,Alan,700.3,3.56,0.36,22.48,33.08,7.16
2022-09-08 20:45:00.000 -0400,Alan,701.4,3.49,0.36,22.48,18.6,7.16
2022-09-08 21:00:00.000 -0400,Alan,702.6,3.45,0.36,22.5,18.32,7.17
2022-09-08 21:15:00.000 -0400,Alan,704.1,3.54,0.36,22.54,17.85,7.16
2022-09-08 21:30:00.000 -0400,Alan,707.7,3.53,0.36,22.56,19.71,7.16
2022-09-08 21:45:00.000 -0400,Alan,709.8,3.46,0.36,22.57,18.64,7.15
2022-09-08 22:00:00.000 -0400,Alan,707.4,3.42,0.36,22.56,21.63,7.16
2022-09-08 22:15:00.000 -0400,Alan,701.4,3.66,0.36,22.53,29.5,7.16
2022-09-08 22:30:00.000 -0400,Alan,707.4,3.47,0.36,22.57,26.54,7.15
2022-09-08 22:45:00.000 -0400,Alan,721.5,3.51,0.37,22.62,21.79,7.13
2022-09-08 23:00:00.000 -0400,Alan,732.9,4.02,0.38,22.64,23.87,7.1
2022-09-08 23:15:00.000 -0400,Alan,737.5,3.51,0.38,22.62,25.84,7.08
2022-09-08 23:30:00.000 -0400,Alan,739.1,3.5,0.38,22.61,17.49,7.05
2022-09-08 23:45:00.000 -0400,Alan,740.9,3.63,0.38,22.6,14.78,7.05
2022-09-09 00:00:00.000 -0400,Alan,718.6,3.85,0.37,22.52,19.65,7.07
2022-09-09 00:15:00.000 -0400,Alan,716.1,4.85,0.37,22.49,25.48,7.09
2022-09-09 00:30:00.000 -0400,Alan,716.3,4.58,0.37,22.49,20.7,7.09
2022-09-09 00:45:00.000 -0400,Alan,720.2,3.75,0.37,22.48,18.44,7.09
2022-09-09 01:00:00.000 -0400,Alan,718.6,4.97,0.37,22.45,14.78,7.08
2022-09-09 01:15:00.000 -0400,Alan,710.5,4.45,0.36,22.42,16.45,7.09
2022-09-09 01:30:00.000 -0400,Alan,710.8,5.23,0.37,22.38,23.83,7.08
2022-09-09 01:45:00.000 -0400,Alan,708.0,5.48,0.36,22.33,10.15,7.09
2022-09-09 02:00:00.000 -0400,Alan,702.7,6.97,0.36,22.28,11.09,7.1
2022-09-09 02:15:00.000 -0400,Alan,695.0,8.06,0.36,22.25,12.72,7.1
2022-09-09 02:30:00.000 -0400,Alan,695.1,7.81,0.36,22.2,14.06,7.11
2022-09-09 02:45:00.000 -0400,Alan,695.4,6.72,0.36,22.15,18.31,7.11
2022-09-09 03:00:00.000 -0400,Alan,698.9,9.06,0.36,22.1,11.27,7.11
2022-09-09 03:15:00.000 -0400,Alan,694.6,7.88,0.36,22.07,17.38,7.12
2022-09-09 03:30:00.000 -0400,Alan,693.4,7.29,0.36,22.01,15.05,7.12
2022-09-09 03:45:00.000 -0400,Alan,693.9,6.47,0.36,21.97,16.28,7.11
2022-09-09 04:00:00.000 -0400,Alan,689.1,7.67,0.36,21.93,11.0,7.1
2022-09-09 04:15:00.000 -0400,Alan,696.0,6.94,0.36,21.88,12.27,7.11
2022-09-09 04:30:00.000 -0400,Alan,691.5,7.8,0.36,21.8,13.48,7.12
2022-09-09 04:45:00.000 -0400,Alan,688.8,6.75,0.36,21.8,31.99,7.12
2022-09-09 05:00:00.000 -0400,Alan,690.4,7.49,0.36,21.74,18.84,7.12
2022-09-09 05:15:00.000 -0400,Alan,687.6,5.93,0.36,21.69,25.74,7.12
2022-09-09 05:30:00.000 -0400,Alan,693.0,4.01,0.36,21.63,16.72,7.12
2022-09-09 05:45:00.000 -0400,Alan,689.3,3.87,0.36,21.61,12.23,7.12
2022-09-09 06:00:00.000 -0400,Alan,686.9,5.16,0.36,21.57,26.71,7.13
2022-09-09 06:15:00.000 -0400,Alan,688.2,4.36,0.36,21.52,13.23,7.13
2022-09-09 06:30:00.000 -0400,Alan,685.3,4.82,0.36,21.47,14.93,7.13
2022-09-09 06:45:00.000 -0400,Alan,686.0,5.65,0.36,21.43,16.96,7.13
2022-09-09 07:00:00.000 -0400,Alan,685.4,4.77,0.36,21.4,15.39,7.13
2022-09-09 07:15:00.000 -0400,Alan,682.9,4.77,0.36,21.36,14.21,7.13
2022-09-09 07:30:00.000 -0400,Alan,681.6,5.26,0.36,21.33,12.14,7.13
2022-09-09 07:45:00.000 -0400,Alan,682.3,4.28,0.36,21.3,10.37,7.12
2022-09-09 08:00:00.000 -0400,Alan,682.1,3.77,0.36,21.29,9.61,7.1
2022-09-09 08:15:00.000 -0400,Alan,679.8,4.34,0.36,21.3,8.99,7.09
2022-09-09 08:30:00.000 -0400,Alan,679.6,4.12,0.36,21.3,10.05,7.1
2022-09-09 08:45:00.000 -0400,Alan,676.1,3.97,0.36,21.33,8.89,7.1
2022-09-09 09:00:00.000 -0400,Alan,678.8,4.45,0.36,21.36,9.16,7.11
2022-09-09 09:15:00.000 -0400,Alan,677.2,5.35,0.36,21.44,9.25,7.11
2022-09-09 09:30:00.000 -0400,Alan,677.5,8.61,0.35,21.56,9.67,7.11
2022-09-09 09:45:00.000 -0400,Alan,674.6,6.76,0.35,21.58,14.28,7.12
2022-09-09 10:00:00.000 -0400,Alan,673.9,9.96,0.35,21.66,9.03,7.12
2022-09-09 10:15:00.000 -0400,Alan,676.0,7.47,0.35,21.72,10.81,7.12
2022-09-09 10:30:00.000 -0400,Alan,676.9,8.83,0.35,21.75,14.8,7.12
2022-09-09 10:45:00.000 -0400,Alan,676.0,8.74,0.35,21.75,11.01,7.12
2022-09-09 11:00:00.000 -0400,Alan,667.2,10.27,0.35,21.77,13.94,7.12
2022-09-09 11:15:00.000 -0400,Alan,677.9,9.99,0.35,21.84,12.82,7.13
2022-09-09 11:30:00.000 -0400,Alan,683.2,9.51,0.35,21.87,9.8,7.12
2022-09-09 11:45:00.000 -0400,Alan,684.0,11.59,0.36,21.87,8.67,7.13
2022-09-09 12:00:00.000 -0400,Alan,682.3,11.57,0.35,21.89,9.29,7.13
2022-09-09 12:15:00.000 -0400,Alan,679.7,10.65,0.35,21.8,8.67,7.13
2022-09-09 12:30:00.000 -0400,Alan,682.7,11.58,0.35,21.9,8.26,7.13
2022-09-09 12:45:00.000 -0400,Alan,682.0,12.05,0.35,21.91,8.94,7.13
2022-09-09 13:00:00.000 -0400,Alan,682.4,13.97,0.35,21.92,9.09,7.14
2022-09-09 13:15:00.000 -0400,Alan,681.6,15.23,0.35,21.87,8.72,7.14
2022-09-09 13:30:00.000 -0400,Alan,675.8,13.26,0.35,21.93,9.43,7.13
2022-09-09 13:45:00.000 -0400,Alan,682.9,16.42,0.35,21.94,8.8,7.14
2022-09-09 14:00:00.000 -0400,Alan,681.7,13.64,0.35,21.98,9.5,7.13
2022-09-09 14:15:00.000 -0400,Alan,682.6,15.05,0.35,22.03,20.04,7.13
2022-09-09 14:30:00.000 -0400,Alan,684.6,17.45,0.35,22.05,9.16,7.15
2022-09-09 14:45:00.000 -0400,Alan,684.3,7.0,0.35,22.09,13.98,7.14
2022-09-09 15:00:00.000 -0400,Alan,685.7,9.86,0.35,22.14,14.14,7.14
2022-09-09 15:15:00.000 -0400,Alan,683.6,11.32,0.35,22.08,17.02,7.14
2022-09-09 15:30:00.000 -0400,Alan,682.5,12.46,0.35,22.0,16.13,7.13
2022-09-09 15:45:00.000 -0400,Alan,683.1,13.83,0.35,22.01,11.64,7.14
2022-09-09 16:00:00.000 -0400,Alan,687.2,15.73,0.36,22.05,9.15,7.14
2022-09-09 16:15:00.000 -0400,Alan,685.5,16.81,0.35,22.06,15.25,7.14
2022-09-09 16:30:00.000 -0400,Alan,679.8,17.1,0.35,22.1,1240.0,7.14
2022-09-09 16:45:00.000 -0400,Alan,679.5,15.98,0.35,22.08,1232.0,7.14
2022-09-09 17:00:00.000 -0400,Alan,685.5,13.79,0.35,22.09,1205.0,7.13
2022-09-09 17:15:00.000 -0400,Alan,683.7,14.57,0.35,22.13,1184.0,7.13
2022-09-09 17:30:00.000 -0400,Alan,688.0,15.0,0.36,22.14,1127.0,7.14
2022-09-09 17:45:00.000 -0400,Alan,687.8,15.23,0.35,22.19,964.0,7.14
2022-09-09 18:00:00.000 -0400,Alan,689.6,15.03,0.36,22.19,949.0,7.14
2022-09-09 18:15:00.000 -0400,Alan,689.3,13.85,0.36,22.18,940.0,7.14
2022-09-09 18:30:00.000 -0400,Alan,690.1,10.7,0.36,22.21,939.0,7.14
2022-09-09 18:45:00.000 -0400,Alan,687.2,13.71,0.35,22.19,8.16,7.13
2022-09-09 19:00:00.000 -0400,Alan,689.3,11.99,0.36,22.15,7.13,7.13
2022-09-09 19:15:00.000 -0400,Alan,686.1,10.27,0.35,22.11,7.0,7.14
2022-09-09 19:30:00.000 -0400,Alan,690.0,8.68,0.36,22.09,7.84,7.14
2022-09-09 19:45:00.000 -0400,Alan,687.5,11.05,0.36,22.11,8.03,7.14
2022-09-09 20:00:00.000 -0400,Alan,689.8,9.18,0.36,22.12,10.41,7.13
2022-09-09 20:15:00.000 -0400,Alan,686.5,5.62,0.35,22.15,8.54,7.13
2022-09-09 20:30:00.000 -0400,Alan,681.4,7.78,0.35,22.14,10.5,7.13
2022-09-09 20:45:00.000 -0400,Alan,681.6,7.21,0.35,22.15,9.77,7.14
2022-09-09 21:00:00.000 -0400,Alan,678.8,10.08,0.35,22.15,8.34,7.13
2022-09-09 21:15:00.000 -0400,Alan,684.8,8.89,0.35,22.18,8.44,7.13
2022-09-09 21:30:00.000 -0400,Alan,688.8,9.31,0.36,22.19,12.6,7.12
2022-09-09 21:45:00.000 -0400,Alan,696.0,6.71,0.36,22.23,12.04,7.12
2022-09-09 22:00:00.000 -0400,Alan,697.6,4.25,0.36,22.24,17.53,7.11
2022-09-09 22:15:00.000 -0400,Alan,698.9,4.73,0.36,22.24,16.32,7.11
2022-09-09 22:30:00.000 -0400,Alan,698.3,7.24,0.36,22.24,14.93,7.11
2022-09-09 22:45:00.000 -0400,Alan,745.8,3.72,0.38,22.35,21.93,7.08
2022-09-09 23:00:00.000 -0400,Alan,742.3,3.53,0.38,22.34,21.17,7.01
2022-09-09 23:15:00.000 -0400,Alan,748.8,4.39,0.39,22.38,151.7,6.99
2022-09-09 23:30:00.000 -0400,Alan,750.3,4.13,0.39,22.37,136.0,6.99
2022-09-09 23:45:00.000 -0400,Alan,705.5,5.96,0.36,22.26,126.3,7.03
2022-09-10 00:00:00.000 -0400,Alan,734.6,4.22,0.38,22.36,114.6,7.04
2022-09-10 00:15:00.000 -0400,Alan,718.8,5.44,0.37,22.29,81.1,7.02
2022-09-10 00:30:00.000 -0400,Alan,710.4,4.68,0.37,22.24,71.93,7.07
2022-09-10 00:45:00.000 -0400,Alan,710.9,5.98,0.37,22.22,65.83,7.08
2022-09-10 01:00:00.000 -0400,Alan,719.0,5.34,0.37,22.26,73.82,7.07
2022-09-10 01:15:00.000 -0400,Alan,713.3,5.6,0.37,22.21,62.96,7.07
2022-09-10 01:30:00.000 -0400,Alan,720.6,4.83,0.37,22.2,63.2,7.07
2022-09-10 01:45:00.000 -0400,Alan,717.7,5.26,0.37,22.18,460.6,7.06
2022-09-10 02:00:00.000 -0400,Alan,718.9,5.21,0.37,22.19,407.6,7.06
2022-09-10 02:15:00.000 -0400,Alan,703.8,4.97,0.36,22.12,56.88,7.06
2022-09-10 02:30:00.000 -0400,Alan,705.5,8.21,0.37,22.07,7.57,7.05
2022-09-10 02:45:00.000 -0400,Alan,709.1,4.83,0.37,22.05,8.18,7.06
2022-09-10 03:00:00.000 -0400,Alan,709.1,6.67,0.37,22.02,8.3,7.06
2022-09-10 03:15:00.000 -0400,Alan,706.1,7.74,0.37,21.96,8.2,7.07
2022-09-10 03:30:00.000 -0400,Alan,703.3,9.52,0.37,21.93,7.98,7.08
2022-09-10 03:45:00.000 -0400,Alan,700.2,10.73,0.36,21.88,8.77,7.08
2022-09-10 04:00:00.000 -0400,Alan,698.9,10.89,0.36,21.83,8.35,7.07
2022-09-10 04:15:00.000 -0400,Alan,696.4,10.56,0.36,21.8,8.66,7.08
2022-09-10 04:30:00.000 -0400,Alan,696.5,11.49,0.36,21.75,8.9,7.08
2022-09-10 04:45:00.000 -0400,Alan,696.8,11.6,0.36,21.71,8.33,7.08
2022-09-10 05:00:00.000 -0400,Alan,695.1,9.97,0.36,21.65,9.15,7.07
2022-09-10 05:15:00.000 -0400,Alan,696.3,9.13,0.36,21.61,8.74,7.06
2022-09-10 05:30:00.000 -0400,Alan,693.6,9.02,0.36,21.55,8.63,7.07
2022-09-10 05:45:00.000 -0400,Alan,688.4,9.41,0.36,21.53,8.55,7.07
2022-09-10 06:00:00.000 -0400,Alan,678.5,9.17,0.36,21.51,9.73,7.07
2022-09-10 06:15:00.000 -0400,Alan,678.9,9.78,0.36,21.46,9.46,7.07
2022-09-10 06:30:00.000 -0400,Alan,674.9,9.21,0.35,21.41,9.7,7.07
2022-09-10 06:45:00.000 -0400,Alan,676.4,8.72,0.36,21.37,19.28,7.07
2022-09-10 07:00:00.000 -0400,Alan,679.0,7.44,0.36,21.32,17.96,7.07
2022-09-10 07:15:00.000 -0400,Alan,677.6,10.88,0.36,21.3,17.38,7.07
2022-09-10 07:30:00.000 -0400,Alan,690.4,7.42,0.36,21.27,14.7,7.08
2022-09-10 07:45:00.000 -0400,Alan,687.9,8.23,0.36,21.25,13.23,7.08
2022-09-10 08:00:00.000 -0400,Alan,689.3,8.4,0.36,21.24,11.56,7.08
2022-09-10 08:15:00.000 -0400,Alan,692.0,9.97,0.36,21.24,11.14,7.08
2022-09-10 08:30:00.000 -0400,Alan,694.5,7.18,0.37,21.22,11.37,7.08
2022-09-10 08:45:00.000 -0400,Alan,690.7,10.88,0.36,21.23,10.99,7.08
2022-09-10 09:00:00.000 -0400,Alan,688.9,10.57,0.36,21.25,12.44,7.08
2022-09-10 09:15:00.000 -0400,Alan,683.6,8.42,0.36,21.27,89.9,7.09
2022-09-10 09:30:00.000 -0400,Alan,685.9,11.69,0.36,21.36,14.28,7.1
2022-09-10 09:45:00.000 -0400,Alan,685.0,17.49,0.36,21.34,22.82,7.12
2022-09-10 10:00:00.000 -0400,Alan,687.9,16.52,0.36,21.46,21.45,7.12
2022-09-10 10:15:00.000 -0400,Alan,686.8,18.51,0.36,21.49,38.07,7.13
2022-09-10 10:30:00.000 -0400,Alan,687.7,18.48,0.36,21.57,8.91,7.13
2022-09-10 10:45:00.000 -0400,Alan,691.2,21.42,0.36,21.59,8.76,7.14
2022-09-10 11:00:00.000 -0400,Alan,691.7,23.46,0.36,21.61,9.06,7.15
2022-09-10 11:15:00.000 -0400,Alan,687.4,25.03,0.36,21.66,9.17,7.16
2022-09-10 11:30:00.000 -0400,Alan,687.3,26.54,0.36,21.69,8.74,7.17
2022-09-10 11:45:00.000 -0400,Alan,691.7,30.93,0.36,21.7,9.63,7.18
2022-09-10 12:00:00.000 -0400,Alan,690.8,27.12,0.36,21.75,9.22,7.18
2022-09-10 12:15:00.000 -0400,Alan,692.0,30.37,0.36,21.73,9.51,7.18
2022-09-10 12:30:00.000 -0400,Alan,694.3,29.38,0.36,21.85,9.82,7.18
2022-09-10 12:45:00.000 -0400,Alan,694.1,31.77,0.36,21.86,9.89,7.18
2022-09-10 13:00:00.000 -0400,Alan,694.7,31.9,0.36,21.85,9.48,7.18
2022-09-10 13:15:00.000 -0400,Alan,695.1,32.87,0.36,21.79,9.43,7.17
2022-09-10 13:30:00.000 -0400,Alan,696.9,32.95,0.36,21.83,10.1,7.18
2022-09-10 13:45:00.000 -0400,Alan,691.9,32.43,0.36,21.88,9.96,7.19
2022-09-10 14:00:00.000 -0400,Alan,695.4,29.89,0.36,21.91,10.43,7.18
2022-09-10 14:15:00.000 -0400,Alan,697.1,30.03,0.36,21.96,10.14,7.16
2022-09-10 14:30:00.000 -0400,Alan,700.7,26.33,0.36,22.01,10.23,7.13
2022-09-10 14:45:00.000 -0400,Alan,692.6,33.24,0.36,22.05,9.66,7.16
2022-09-10 15:00:00.000 -0400,Alan,693.9,32.6,0.36,21.96,10.06,7.15
2022-09-10 15:15:00.000 -0400,Alan,699.6,33.02,0.36,21.93,10.63,7.17
2022-09-10 15:30:00.000 -0400,Alan,697.6,30.99,0.36,21.97,11.13,7.15
2022-09-10 15:45:00.000 -0400,Alan,700.6,32.01,0.36,22.04,10.89,7.16
2022-09-10 16:00:00.000 -0400,Alan,698.2,31.32,0.36,22.09,10.51,7.17
2022-09-10 16:15:00.000 -0400,Alan,695.3,27.85,0.36,22.03,10.33,7.14
2022-09-10 16:30:00.000 -0400,Alan,711.7,20.01,0.37,22.09,10.62,7.1
2022-09-10 16:45:00.000 -0400,Alan,704.3,31.77,0.36,22.16,10.31,7.14
2022-09-10 17:00:00.000 -0400,Alan,700.9,24.48,0.36,22.12,12.25,7.11
2022-09-10 17:15:00.000 -0400,Alan,704.7,22.07,0.36,22.08,12.82,7.11
2022-09-10 17:30:00.000 -0400,Alan,700.3,28.1,0.36,22.03,9.42,7.12
2022-09-10 17:45:00.000 -0400,Alan,698.5,27.01,0.36,22.11,8.73,7.12
2022-09-10 18:00:00.000 -0400,Alan,699.6,30.07,0.36,22.12,9.43,7.13
2022-09-10 18:15:00.000 -0400,Alan,699.4,32.52,0.36,22.07,10.49,7.14
2022-09-10 18:30:00.000 -0400,Alan,700.7,31.5,0.36,22.09,9.98,7.13
2022-09-10 18:45:00.000 -0400,Alan,716.0,19.54,0.37,22.13,9.21,7.09
2022-09-10 19:00:00.000 -0400,Alan,716.4,18.07,0.37,22.13,11.18,7.07
2022-09-10 19:15:00.000 -0400,Alan,716.1,15.54,0.37,22.16,10.53,7.06
2022-09-10 19:30:00.000 -0400,Alan,717.1,17.29,0.37,22.18,15.31,7.05
2022-09-10 19:45:00.000 -0400,Alan,722.6,12.81,0.37,22.18,15.89,7.04
2022-09-10 20:00:00.000 -0400,Alan,727.0,15.81,0.38,22.18,31.41,7.04
2022-09-10 20:15:00.000 -0400,Alan,730.6,13.16,0.38,22.19,16.14,7.03
2022-09-10 20:30:00.000 -0400,Alan,731.4,13.42,0.38,22.2,11.04,7.02
2022-09-10 20:45:00.000 -0400,Alan,733.3,11.67,0.38,22.21,9.4,7.02
2022-09-10 21:00:00.000 -0400,Alan,729.5,15.58,0.38,22.2,9.28,7.02
2022-09-10 21:15:00.000 -0400,Alan,714.7,18.49,0.37,22.18,9.62,7.05
2022-09-10 21:30:00.000 -0400,Alan,706.2,17.76,0.36,22.17,14.01,7.05
2022-09-10 21:45:00.000 -0400,Alan,714.3,15.08,0.37,22.16,19.98,7.06
2022-09-10 22:00:00.000 -0400,Alan,707.8,21.61,0.37,22.13,24.31,7.09
2022-09-10 22:15:00.000 -0400,Alan,701.6,16.44,0.36,22.15,17.9,7.08
2022-09-10 22:30:00.000 -0400,Alan,731.2,14.55,0.38,22.22,13.35,7.05
2022-09-10 22:45:00.000 -0400,Alan,727.3,13.53,0.38,22.25,12.64,7.02
2022-09-10 23:00:00.000 -0400,Alan,750.5,8.88,0.39,22.3,12.74,6.98
2022-09-10 23:15:00.000 -0400,Alan,759.0,3.81,0.39,22.31,13.39,6.96
2022-09-10 23:30:00.000 -0400,Alan,760.2,7.11,0.39,22.3,13.04,6.95
2022-09-10 23:45:00.000 -0400,Alan,755.8,5.29,0.39,22.29,13.8,6.96
2022-09-11 00:00:00.000 -0400,Alan,749.2,14.85,0.39,22.21,5.82,6.97
2022-09-11 00:15:00.000 -0400,Alan,752.7,10.94,0.39,22.3,5.83,6.97
2022-09-11 00:30:00.000 -0400,Alan,741.2,13.11,0.38,22.25,6.1,6.99
2022-09-11 00:45:00.000 -0400,Alan,742.2,19.84,0.38,22.27,6.46,7.01
2022-09-11 01:00:00.000 -0400,Alan,736.9,14.41,0.38,22.26,6.98,7.01
2022-09-11 01:15:00.000 -0400,Alan,737.6,13.0,0.38,22.27,6.28,7.01
2022-09-11 01:30:00.000 -0400,Alan,742.3,15.17,0.38,22.3,6.41,6.99
2022-09-11 01:45:00.000 -0400,Alan,736.1,15.15,0.38,22.26,6.16,7.01
2022-09-11 02:00:00.000 -0400,Alan,747.3,12.95,0.39,22.3,37.0,7.0
2022-09-11 02:15:00.000 -0400,Alan,743.0,15.37,0.38,22.29,78.93,7.0
2022-09-11 02:30:00.000 -0400,Alan,739.8,14.97,0.38,22.27,133.7,7.0
2022-09-11 02:45:00.000 -0400,Alan,731.2,14.67,0.38,22.26,129.9,7.02
2022-09-11 03:00:00.000 -0400,Alan,736.3,9.8,0.38,22.27,130.3,7.01
2022-09-11 03:15:00.000 -0400,Alan,720.5,10.75,0.37,22.26,98.8,7.02
2022-09-11 03:30:00.000 -0400,Alan,728.3,12.51,0.38,22.25,91.8,7.03
2022-09-11 03:45:00.000 -0400,Alan,724.1,10.25,0.37,22.23,91.8,7.03
2022-09-11 04:00:00.000 -0400,Alan,719.2,11.43,0.37,22.22,11.47,7.03
2022-09-11 04:15:00.000 -0400,Alan,719.7,9.7,0.37,22.2,11.28,7.04
2022-09-11 04:30:00.000 -0400,Alan,716.4,8.35,0.37,22.18,24.86,7.05
2022-09-11 04:45:00.000 -0400,Alan,722.1,9.01,0.37,22.19,25.67,7.05
2022-09-11 05:00:00.000 -0400,Alan,719.9,8.01,0.37,22.18,23.58,7.05
2022-09-11 05:15:00.000 -0400,Alan,714.5,14.5,0.37,22.15,8.76,7.06
2022-09-11 05:30:00.000 -0400,Alan,717.1,7.32,0.37,22.16,20.73,7.04
2022-09-11 05:45:00.000 -0400,Alan,715.8,6.67,0.37,22.17,7.27,7.05
2022-09-11 06:00:00.000 -0400,Alan,717.9,6.58,0.37,22.15,10.62,7.05
2022-09-11 06:15:00.000 -0400,Alan,716.9,6.91,0.37,22.15,11.34,7.06
2022-09-11 06:30:00.000 -0400,Alan,717.7,11.2,0.37,22.13,12.67,7.06
2022-09-11 06:45:00.000 -0400,Alan,700.8,11.23,0.36,22.12,8.63,7.07
2022-09-11 07:00:00.000 -0400,Alan,715.1,11.37,0.37,22.12,8.81,7.07
2022-09-11 07:15:00.000 -0400,Alan,713.4,12.75,0.37,22.1,9.41,7.09
2022-09-11 07:30:00.000 -0400,Alan,715.2,12.95,0.37,22.1,9.39,7.08
2022-09-11 07:45:00.000 -0400,Alan,715.2,15.25,0.37,22.1,9.24,7.09
2022-09-11 08:00:00.000 -0400,Alan,713.4,17.13,0.37,22.09,8.55,7.1
2022-09-11 08:15:00.000 -0400,Alan,714.6,15.23,0.37,22.11,8.0,7.12
2022-09-11 08:30:00.000 -0400,Alan,714.8,14.21,0.37,22.12,8.15,7.1
2022-09-11 08:45:00.000 -0400,Alan,710.3,16.22,0.37,22.12,8.43,7.12
2022-09-11 09:00:00.000 -0400,Alan,700.7,19.95,0.36,22.12,8.89,7.12
2022-09-11 09:15:00.000 -0400,Alan,700.8,27.38,0.36,22.12,6.15,7.16
2022-09-11 09:30:00.000 -0400,Alan,702.6,32.81,0.36,22.14,6.12,7.15
2022-09-11 09:45:00.000 -0400,Alan,705.9,29.32,0.36,22.12,6.12,7.15
2022-09-11 10:00:00.000 -0400,Alan,700.3,30.41,0.36,22.15,5.97,7.15
2022-09-11 10:15:00.000 -0400,Alan,703.2,26.18,0.36,22.15,6.13,7.13
2022-09-11 10:30:00.000 -0400,Alan,694.8,27.93,0.36,22.17,7.06,7.13
2022-09-11 10:45:00.000 -0400,Alan,707.4,26.6,0.37,22.17,6.39,7.14
2022-09-11 11:00:00.000 -0400,Alan,705.9,27.21,0.36,22.16,6.68,7.13
2022-09-11 11:15:00.000 -0400,Alan,705.8,24.22,0.36,22.17,6.7,7.13
2022-09-11 11:30:00.000 -0400,Alan,712.1,25.95,0.37,22.17,6.55,7.13
2022-09-11 11:45:00.000 -0400,Alan,707.9,23.38,0.37,22.18,7.31,7.12
2022-09-11 12:00:00.000 -0400,Alan,703.2,22.97,0.36,22.15,7.1,7.11
2022-09-11 12:15:00.000 -0400,Alan,703.4,21.78,0.36,22.17,6.6,7.1
2022-09-11 12:30:00.000 -0400,Alan,707.6,25.51,0.37,22.17,7.04,7.12
2022-09-11 12:45:00.000 -0400,Alan,707.2,27.81,0.37,22.18,7.57,7.11
2022-09-11 13:00:00.000 -0400,Alan,702.9,26.46,0.36,22.17,6.95,7.12
2022-09-11 13:15:00.000 -0400,Alan,703.7,26.91,0.36,22.17,8.54,7.12
2022-09-11 13:30:00.000 -0400,Alan,703.1,24.37,0.36,22.15,9.47,7.11
2022-09-11 13:45:00.000 -0400,Alan,701.3,23.41,0.36,22.14,7.77,7.11
2022-09-11 14:00:00.000 -0400,Alan,703.9,23.94,0.36,22.15,7.25,7.09
2022-09-11 14:15:00.000 -0400,Alan,702.5,22.54,0.36,22.17,7.22,7.1
2022-09-11 14:30:00.000 -0400,Alan,700.3,24.88,0.36,22.17,8.06,7.12
2022-09-11 14:45:00.000 -0400,Alan,703.6,28.66,0.36,22.19,7.11,7.14
2022-09-11 15:00:00.000 -0400,Alan,701.4,30.72,0.36,22.23,7.9,7.12
2022-09-11 15:15:00.000 -0400,Alan,699.2,27.91,0.36,22.22,8.59,7.12
2022-09-11 15:30:00.000 -0400,Alan,701.8,25.87,0.36,22.21,7.64,7.12
2022-09-11 15:45:00.000 -0400,Alan,703.6,28.71,0.36,22.21,7.36,7.13
2022-09-11 16:00:00.000 -0400,Alan,703.5,27.27,0.36,22.22,6.99,7.13
2022-09-11 16:15:00.000 -0400,Alan,704.5,28.35,0.36,22.21,6.53,7.13
2022-09-11 16:30:00.000 -0400,Alan,702.5,30.34,0.36,22.22,7.43,7.12
2022-09-11 16:45:00.000 -0400,Alan,697.9,28.66,0.36,22.25,7.66,7.13
2022-09-11 17:00:00.000 -0400,Alan,701.6,31.9,0.36,22.23,7.7,7.15
2022-09-11 17:15:00.000 -0400,Alan,701.3,31.68,0.36,22.23,7.39,7.12
2022-09-11 17:30:00.000 -0400,Alan,703.9,28.32,0.36,22.22,7.22,7.12
2022-09-11 17:45:00.000 -0400,Alan,712.0,29.7,0.37,22.25,8.56,7.1
2022-09-11 18:00:00.000 -0400,Alan,707.8,28.86,0.36,22.25,7.91,7.11
2022-09-11 18:15:00.000 -0400,Alan,712.7,25.0,0.37,22.22,8.95,7.09
2022-09-11 18:30:00.000 -0400,Alan,717.4,23.6,0.37,22.21,7.81,7.09
2022-09-11 18:45:00.000 -0400,Alan,711.3,20.78,0.37,22.22,8.17,7.09
2022-09-11 19:00:00.000 -0400,Alan,716.0,26.59,0.37,22.25,8.02,7.12
2022-09-11 19:15:00.000 -0400,Alan,714.9,30.06,0.37,22.27,7.66,7.13
2022-09-11 19:30:00.000 -0400,Alan,715.0,35.47,0.37,22.28,7.31,7.15
2022-09-11 19:45:00.000 -0400,Alan,709.5,33.6,0.37,22.26,7.16,7.13
2022-09-11 20:00:00.000 -0400,Alan,706.4,28.62,0.36,22.28,7.85,7.12
2022-09-11 20:15:00.000 -0400,Alan,715.0,27.74,0.37,22.24,7.44,7.11
2022-09-11 20:30:00.000 -0400,Alan,718.7,28.4,0.37,22.24,7.56,7.1
2022-09-11 20:45:00.000 -0400,Alan,713.8,30.38,0.37,22.2,7.47,7.12
2022-09-11 21:00:00.000 -0400,Alan,715.4,27.67,0.37,22.2,10.14,7.09
2022-09-11 21:15:00.000 -0400,Alan,702.0,28.9,0.36,22.19,6.82,7.13
2022-09-11 21:30:00.000 -0400,Alan,697.6,27.15,0.36,22.15,7.1,7.13
2022-09-11 21:45:00.000 -0400,Alan,695.6,35.14,0.36,22.14,6.58,7.18
2022-09-11 22:00:00.000 -0400,Alan,698.4,33.55,0.36,22.13,6.94,7.16
2022-09-11 22:15:00.000 -0400,Alan,698.6,33.15,0.36,22.12,6.9,7.17
2022-09-11 22:30:00.000 -0400,Alan,703.3,35.13,0.36,22.12,7.1,7.18
2022-09-11 22:45:00.000 -0400,Alan,701.2,34.79,0.36,22.11,8.53,7.18
2022-09-11 23:00:00.000 -0400,Alan,704.5,33.96,0.36,22.08,7.97,7.18
2022-09-11 23:15:00.000 -0400,Alan,700.0,28.41,0.36,22.09,7.64,7.17
2022-09-11 23:30:00.000 -0400,Alan,701.4,31.56,0.36,22.08,6.73,7.17
2022-09-11 23:45:00.000 -0400,Alan,701.8,21.25,0.36,22.07,7.16,7.16
2022-09-12 00:00:00.000 -0400,Alan,699.5,27.5,0.36,22.04,475.4,7.16
2022-09-12 00:15:00.000 -0400,Alan,697.8,29.5,0.36,22.03,385.8,7.17
2022-09-12 00:30:00.000 -0400,Alan,698.9,26.6,0.36,22.01,328.7,7.15
2022-09-12 00:45:00.000 -0400,Alan,703.4,30.74,0.36,22.0,293.6,7.16
2022-09-12 01:00:00.000 -0400,Alan,700.3,29.76,0.36,21.97,279.4,7.14
2022-09-12 01:15:00.000 -0400,Alan,702.4,27.36,0.36,21.95,261.8,7.14
2022-09-12 01:30:00.000 -0400,Alan,695.9,30.69,0.36,21.94,251.8,7.14
2022-09-12 01:45:00.000 -0400,Alan,697.7,29.03,0.36,21.93,231.7,7.14
2022-09-12 02:00:00.000 -0400,Alan,698.1,25.0,0.36,21.94,229.6,7.14
2022-09-12 02:15:00.000 -0400,Alan,694.5,32.19,0.36,21.9,239.4,7.15
2022-09-12 02:30:00.000 -0400,Alan,690.3,30.68,0.36,21.89,250.8,7.15
2022-09-12 02:45:00.000 -0400,Alan,691.2,27.47,0.36,21.86,269.3,7.14
2022-09-12 03:00:00.000 -0400,Alan,694.1,22.45,0.36,21.84,271.2,7.11
2022-09-12 03:15:00.000 -0400,Alan,702.7,21.02,0.37,21.84,296.1,7.11
2022-09-12 03:30:00.000 -0400,Alan,700.2,15.23,0.36,21.84,312.0,7.1
2022-09-12 03:45:00.000 -0400,Alan,694.3,17.51,0.36,21.82,297.9,7.12
2022-09-12 04:00:00.000 -0400,Alan,685.5,24.24,0.36,21.8,321.3,7.13
2022-09-12 04:15:00.000 -0400,Alan,685.8,25.32,0.36,21.79,319.7,7.13
2022-09-12 04:30:00.000 -0400,Alan,682.6,27.6,0.36,21.77,323.8,7.14
2022-09-12 04:45:00.000 -0400,Alan,682.6,27.17,0.36,21.78,325.7,7.15
2022-09-12 05:00:00.000 -0400,Alan,672.7,22.97,0.35,21.77,373.8,7.15
2022-09-12 05:15:00.000 -0400,Alan,679.9,25.2,0.35,21.76,353.5,7.15
2022-09-12 05:30:00.000 -0400,Alan,682.3,21.02,0.36,21.74,348.7,7.14
2022-09-12 05:45:00.000 -0400,Alan,661.5,23.39,0.34,21.75,353.1,7.14
2022-09-12 06:00:00.000 -0400,Alan,679.9,23.05,0.35,21.74,360.0,7.14
2022-09-12 06:15:00.000 -0400,Alan,677.1,19.29,0.35,21.71,343.6,7.12
2022-09-12 06:30:00.000 -0400,Alan,682.7,21.47,0.36,21.71,6.69,7.13
2022-09-12 06:45:00.000 -0400,Alan,678.2,19.11,0.35,21.68,8.03,7.13
2022-09-12 07:00:00.000 -0400,Alan,679.8,16.37,0.35,21.67,42.18,7.13
2022-09-12 07:15:00.000 -0400,Alan,681.4,20.97,0.36,21.69,17.42,7.13
2022-09-12 07:30:00.000 -0400,Alan,681.3,23.28,0.36,21.67,7.04,7.14
2022-09-12 07:45:00.000 -0400,Alan,683.2,23.13,0.36,21.67,7.87,7.13
2022-09-12 08:00:00.000 -0400,Alan,682.3,18.93,0.36,21.66,8.11,7.13
2022-09-12 08:15:00.000 -0400,Alan,686.3,13.7,0.36,21.67,9.01,7.13
2022-09-12 08:30:00.000 -0400,Alan,685.9,17.45,0.36,21.66,8.71,7.12
2022-09-12 08:45:00.000 -0400,Alan,687.7,16.96,0.36,21.67,7.55,7.13
2022-09-12 09:00:00.000 -0400,Alan,691.0,17.22,0.36,21.69,8.51,7.14
2022-09-12 09:15:00.000 -0400,Alan,690.4,16.72,0.36,21.7,7.81,7.14
2022-09-12 09:30:00.000 -0400,Alan,687.6,18.25,0.36,21.71,9.3,7.15
2022-09-12 09:45:00.000 -0400,Alan,691.6,21.38,0.36,21.72,11.23,7.15
2022-09-12 10:00:00.000 -0400,Alan,686.1,22.78,0.36,21.72,7.56,7.16
2022-09-12 10:15:00.000 -0400,Alan,687.4,22.32,0.36,21.72,8.9,7.15
2022-09-12 10:30:00.000 -0400,Alan,686.4,23.72,0.36,21.74,14.64,7.15
2022-09-12 10:45:00.000 -0400,Alan,685.6,21.26,0.36,21.76,13.86,7.15
2022-09-12 11:00:00.000 -0400,Alan,688.5,26.26,0.36,21.81,9.59,7.17
2022-09-12 11:15:00.000 -0400,Alan,686.9,23.27,0.36,21.82,8.47,7.15
2022-09-12 11:30:00.000 -0400,Alan,686.0,25.78,0.36,21.84,10.83,7.17
2022-09-12 11:45:00.000 -0400,Alan,687.5,24.45,0.36,21.83,15.79,7.16
2022-09-12 12:00:00.000 -0400,Alan,690.1,29.51,0.36,21.86,19.8,7.19
2022-09-12 12:15:00.000 -0400,Alan,689.0,27.72,0.36,21.83,10.69,7.18
2022-09-12 12:30:00.000 -0400,Alan,692.1,30.79,0.36,21.84,8.53,7.19
2022-09-12 12:45:00.000 -0400,Alan,693.5,30.62,0.36,21.86,9.22,7.2
2022-09-12 13:00:00.000 -0400,Alan,694.5,33.0,0.36,21.87,7.64,7.21
2022-09-12 13:15:00.000 -0400,Alan,691.2,32.25,0.36,21.87,9.15,7.21
2022-09-12 13:30:00.000 -0400,Alan,693.6,35.04,0.36,21.91,9.03,7.23
2022-09-12 13:45:00.000 -0400,Alan,695.0,36.79,0.36,21.94,10.2,7.24
2022-09-12 14:00:00.000 -0400,Alan,692.8,35.54,0.36,21.96,11.4,7.24
2022-09-12 14:15:00.000 -0400,Alan,695.5,40.01,0.36,22.0,22.03,7.25
2022-09-12 14:30:00.000 -0400,Alan,695.6,40.8,0.36,22.01,20.2,7.26
2022-09-12 14:45:00.000 -0400,Alan,695.6,41.66,0.36,22.01,16.39,7.27
2022-09-12 15:00:00.000 -0400,Alan,695.2,43.19,0.36,22.01,26.88,7.27
2022-09-12 15:15:00.000 -0400,Alan,695.0,42.99,0.36,22.03,18.48,7.27
2022-09-12 15:30:00.000 -0400,Alan,694.2,46.74,0.36,22.05,17.54,7.28
2022-09-12 15:45:00.000 -0400,Alan,695.7,36.95,0.36,22.1,18.09,7.23
2022-09-12 16:00:00.000 -0400,Alan,692.8,38.19,0.36,22.11,19.62,7.22
2022-09-12 16:15:00.000 -0400,Alan,697.0,47.26,0.36,22.12,23.6,7.29
2022-09-12 16:30:00.000 -0400,Alan,695.8,44.66,0.36,22.07,10.76,7.28
2022-09-12 16:45:00.000 -0400,Alan,698.2,40.87,0.36,22.07,15.35,7.25
2022-09-12 17:00:00.000 -0400,Alan,696.4,40.24,0.36,22.1,11.79,7.22
2022-09-12 17:15:00.000 -0400,Alan,694.3,40.57,0.36,22.13,14.93,7.25
2022-09-12 17:30:00.000 -0400,Alan,697.7,39.64,0.36,22.14,14.69,7.26
2022-09-12 17:45:00.000 -0400,Alan,699.6,37.3,0.36,22.15,27.71,7.26
2022-09-12 18:00:00.000 -0400,Alan,699.6,35.07,0.36,22.1,12.45,7.24
2022-09-12 18:15:00.000 -0400,Alan,695.6,34.53,0.36,22.07,16.4,7.24
2022-09-12 18:30:00.000 -0400,Alan,697.3,33.9,0.36,22.07,18.0,7.25
2022-09-12 18:45:00.000 -0400,Alan,698.6,39.46,0.36,22.07,12.81,7.27
2022-09-12 19:00:00.000 -0400,Alan,696.9,38.08,0.36,22.12,13.72,7.24
2022-09-12 19:15:00.000 -0400,Alan,698.4,35.94,0.36,22.13,28.66,7.23
2022-09-12 19:30:00.000 -0400,Alan,697.9,36.16,0.36,22.14,24.97,7.22
2022-09-12 19:45:00.000 -0400,Alan,695.7,38.41,0.36,22.15,13.96,7.2
2022-09-12 20:00:00.000 -0400,Alan,696.1,41.88,0.36,22.15,21.19,7.22
2022-09-12 20:15:00.000 -0400,Alan,696.4,38.58,0.36,22.14,16.95,7.23
2022-09-12 20:30:00.000 -0400,Alan,697.6,40.09,0.36,22.14,28.85,7.22
2022-09-12 20:45:00.000 -0400,Alan,698.8,39.94,0.36,22.14,19.5,7.23
2022-09-12 21:00:00.000 -0400,Alan,695.7,36.05,0.36,22.12,21.98,7.22
2022-09-12 21:15:00.000 -0400,Alan,697.0,36.51,0.36,22.13,35.95,7.23
2022-09-12 21:30:00.000 -0400,Alan,696.1,35.45,0.36,22.11,47.62,7.2
2022-09-12 21:45:00.000 -0400,Alan,697.3,34.32,0.36,22.1,31.28,7.22
2022-09-12 22:00:00.000 -0400,Alan,697.4,34.18,0.36,22.08,30.72,7.24
2022-09-12 22:15:00.000 -0400,Alan,700.2,25.06,0.36,22.09,32.39,7.19
2022-09-12 22:30:00.000 -0400,Alan,698.7,9.29,0.36,22.12,36.1,7.15
2022-09-12 22:45:00.000 -0400,Alan,705.9,9.16,0.36,22.17,54.15,7.15
2022-09-12 23:00:00.000 -0400,Alan,704.6,21.58,0.36,22.16,49.56,7.16
2022-09-12 23:15:00.000 -0400,Alan,701.5,18.13,0.36,22.18,50.76,7.14
2022-09-12 23:30:00.000 -0400,Alan,698.5,9.27,0.36,22.18,61.83,7.12
2022-09-12 23:45:00.000 -0400,Alan,697.2,11.03,0.36,22.14,27.43,7.17
2022-09-13 00:00:00.000 -0400,Alan,728.9,14.85,0.38,22.24,16.27,7.04
2022-09-13 00:15:00.000 -0400,Alan,721.9,9.17,0.37,22.3,21.67,7.03
2022-09-13 00:30:00.000 -0400,Alan,701.5,17.04,0.36,22.34,49.17,6.9
2022-09-13 00:45:00.000 -0400,Alan,646.1,17.05,0.33,22.22,54.19,6.89
2022-09-13 01:00:00.000 -0400,Alan,465.1,37.87,0.24,21.83,57.43,7.03
2022-09-13 01:15:00.000 -0400,Alan,644.8,18.12,0.33,22.03,55.65,6.91
2022-09-13 01:30:00.000 -0400,Alan,602.4,18.29,0.31,21.95,51.49,6.91
2022-09-13 01:45:00.000 -0400,Alan,643.9,18.07,0.33,22.03,53.4,6.9
2022-09-13 02:00:00.000 -0400,Alan,664.4,11.47,0.34,22.07,56.52,6.92
2022-09-13 02:15:00.000 -0400,Alan,669.9,12.68,0.35,22.08,54.07,6.92
2022-09-13 02:30:00.000 -0400,Alan,634.9,16.45,0.33,22.01,50.4,6.95
2022-09-13 02:45:00.000 -0400,Alan,634.2,18.76,0.33,22.0,58.39,6.94
2022-09-13 03:00:00.000 -0400,Alan,602.2,21.21,0.31,21.93,14.12,6.96
2022-09-13 03:15:00.000 -0400,Alan,378.3,25.4,0.19,21.9,17.71,6.97
2022-09-13 03:30:00.000 -0400,Alan,625.3,32.64,0.32,21.97,20.7,6.98
2022-09-13 03:45:00.000 -0400,Alan,606.3,22.89,0.31,21.97,18.12,6.94
2022-09-13 04:00:00.000 -0400,Alan,675.6,19.12,0.35,22.08,15.29,6.98
2022-09-13 04:15:00.000 -0400,Alan,675.0,22.61,0.35,22.1,11.99,7.11
2022-09-13 04:30:00.000 -0400,Alan,693.3,24.74,0.36,22.11,14.94,7.12
2022-09-13 04:45:00.000 -0400,Alan,669.0,22.22,0.35,22.08,16.6,7.12
2022-09-13 05:00:00.000 -0400,Alan,683.0,24.54,0.35,22.09,25.85,7.13
2022-09-13 05:15:00.000 -0400,Alan,663.6,22.63,0.34,22.04,28.27,7.11
2022-09-13 05:30:00.000 -0400,Alan,581.9,34.08,0.3,21.88,16.24,7.08
2022-09-13 05:45:00.000 -0400,Alan,511.5,36.25,0.26,21.78,22.71,7.04
2022-09-13 06:00:00.000 -0400,Alan,526.1,38.5,0.27,21.78,16.47,7.04
2022-09-13 06:15:00.000 -0400,Alan,528.8,38.96,0.27,21.81,16.6,7.04
2022-09-13 06:30:00.000 -0400,Alan,542.7,37.75,0.28,21.84,18.09,7.03
2022-09-13 06:45:00.000 -0400,Alan,534.5,36.47,0.28,21.83,14.07,7.04
2022-09-13 07:00:00.000 -0400,Alan,530.0,45.62,0.27,21.79,16.29,7.05
2022-09-13 07:15:00.000 -0400,Alan,514.3,45.59,0.26,21.8,14.69,7.07
2022-09-13 07:30:00.000 -0400,Alan,517.2,41.73,0.27,21.81,22.15,7.02
2022-09-13 07:45:00.000 -0400,Alan,518.0,45.63,0.27,21.8,26.85,7.07
2022-09-13 08:00:00.000 -0400,Alan,525.7,50.36,0.27,21.8,58.82,7.09
2022-09-13 08:15:00.000 -0400,Alan,528.0,45.01,0.27,21.79,50.71,7.08
2022-09-13 08:30:00.000 -0400,Alan,515.3,42.07,0.27,21.83,48.91,7.1
2022-09-13 08:45:00.000 -0400,Alan,523.6,38.1,0.27,21.82,17.41,7.06
2022-09-13 09:00:00.000 -0400,Alan,521.0,41.06,0.27,21.85,16.3,7.08
2022-09-13 09:15:00.000 -0400,Alan,512.3,42.36,0.26,21.89,11.63,7.09
2022-09-13 09:30:00.000 -0400,Alan,528.2,39.94,0.27,21.82,11.02,7.08
2022-09-13 09:45:00.000 -0400,Alan,543.2,36.46,0.28,21.82,16.26,7.05
2022-09-13 10:00:00.000 -0400,Alan,533.5,46.44,0.27,21.84,13.6,7.07
2022-09-13 10:15:00.000 -0400,Alan,538.5,45.59,0.28,21.87,10.32,7.06
2022-09-13 10:30:00.000 -0400,Alan,531.7,45.75,0.27,21.87,13.49,7.05
2022-09-13 10:45:00.000 -0400,Alan,551.0,46.59,0.28,21.89,14.03,7.06
2022-09-13 11:00:00.000 -0400,Alan,543.4,46.7,0.28,21.94,14.15,7.06
2022-09-13 11:15:00.000 -0400,Alan,538.5,47.67,0.28,21.97,18.09,7.06
2022-09-13 11:30:00.000 -0400,Alan,532.1,45.82,0.27,21.99,17.14,7.06
2022-09-13 11:45:00.000 -0400,Alan,524.7,50.85,0.27,22.07,20.32,7.09
2022-09-13 12:00:00.000 -0400,Alan,521.4,50.91,0.27,22.05,28.85,7.08
2022-09-13 12:15:00.000 -0400,Alan,555.8,46.25,0.29,22.04,12.49,7.04
2022-09-13 12:30:00.000 -0400,Alan,551.7,42.98,0.28,22.04,19.02,7.07
2022-09-13 12:45:00.000 -0400,Alan,530.2,44.3,0.27,22.03,21.92,7.07
2022-09-13 13:00:00.000 -0400,Alan,539.8,52.16,0.28,22.11,20.82,7.09
2022-09-13 13:15:00.000 -0400,Alan,540.2,51.03,0.28,22.14,18.69,7.08
2022-09-13 13:30:00.000 -0400,Alan,552.6,51.41,0.28,22.29,27.02,7.08
2022-09-13 13:45:00.000 -0400,Alan,551.6,53.26,0.28,22.28,26.89,7.09
2022-09-13 14:00:00.000 -0400,Alan,553.8,51.67,0.28,22.24,18.78,7.06
2022-09-13 14:15:00.000 -0400,Alan,559.6,51.23,0.29,22.21,20.62,7.06
2022-09-13 14:30:00.000 -0400,Alan,571.8,51.71,0.29,22.33,13.04,7.06
2022-09-13 14:45:00.000 -0400,Alan,573.8,48.67,0.29,22.28,32.94,7.05
2022-09-13 15:00:00.000 -0400,Alan,566.2,46.21,0.29,22.19,20.24,7.07
2022-09-13 15:15:00.000 -0400,Alan,554.1,48.38,0.28,22.21,14.5,7.08
2022-09-13 15:30:00.000 -0400,Alan,561.5,49.9,0.29,22.21,16.38,7.08
2022-09-13 15:45:00.000 -0400,Alan,568.9,49.01,0.29,22.28,27.95,7.08
2022-09-13 16:00:00.000 -0400,Alan,561.3,48.24,0.29,22.28,37.71,7.08
2022-09-13 16:15:00.000 -0400,Alan,567.4,52.43,0.29,22.46,29.53,7.09
2022-09-13 16:30:00.000 -0400,Alan,565.6,51.45,0.29,22.26,38.33,7.1
2022-09-13 16:45:00.000 -0400,Alan,573.5,40.76,0.29,22.24,30.09,7.09
2022-09-13 17:00:00.000 -0400,Alan,568.5,49.32,0.29,22.35,22.66,7.1
2022-09-13 17:15:00.000 -0400,Alan,563.5,52.54,0.29,22.35,19.99,7.1
2022-09-13 17:30:00.000 -0400,Alan,565.7,51.14,0.29,22.44,22.35,7.09
2022-09-13 17:45:00.000 -0400,Alan,569.4,48.58,0.29,22.37,22.78,7.08
2022-09-13 18:00:00.000 -0400,Alan,565.3,45.6,0.29,22.37,20.34,7.08
2022-09-13 18:15:00.000 -0400,Alan,570.2,45.7,0.29,22.35,21.25,7.09
2022-09-13 18:30:00.000 -0400,Alan,575.4,42.68,0.29,22.32,42.7,7.1
2022-09-13 18:45:00.000 -0400,Alan,582.7,45.17,0.3,22.34,26.28,7.11
2022-09-13 19:00:00.000 -0400,Alan,584.0,46.24,0.3,22.49,29.41,7.09
2022-09-13 19:15:00.000 -0400,Alan,568.3,47.89,0.29,22.44,16.28,7.06
2022-09-13 19:30:00.000 -0400,Alan,577.0,48.06,0.29,22.45,17.57,7.07
2022-09-13 19:45:00.000 -0400,Alan,579.5,48.77,0.3,22.48,22.26,7.07
2022-09-13 20:00:00.000 -0400,Alan,577.2,48.46,0.29,22.41,22.92,7.09
2022-09-13 20:15:00.000 -0400,Alan,575.1,44.84,0.29,22.39,23.33,7.07
2022-09-13 20:30:00.000 -0400,Alan,427.6,49.19,0.22,22.44,23.33,7.07
2022-09-13 20:45:00.000 -0400,Alan,579.2,42.14,0.3,22.42,18.41,7.03
2022-09-13 21:00:00.000 -0400,Alan,581.6,42.24,0.3,22.35,28.18,7.02
2022-09-13 21:15:00.000 -0400,Alan,572.7,44.53,0.29,22.38,25.87,7.06
2022-09-13 21:30:00.000 -0400,Alan,582.9,42.82,0.3,22.35,20.41,7.04
2022-09-13 21:45:00.000 -0400,Alan,590.6,39.6,0.3,22.34,28.71,7.05
2022-09-13 22:00:00.000 -0400,Alan,594.9,41.01,0.3,22.35,23.04,7.06
2022-09-13 22:15:00.000 -0400,Alan,602.2,39.31,0.31,22.4,22.82,7.04
2022-09-13 22:30:00.000 -0400,Alan,602.9,37.15,0.31,22.47,31.45,7.03
2022-09-13 22:45:00.000 -0400,Alan,631.6,32.25,0.32,22.56,27.0,6.98
2022-09-13 23:00:00.000 -0400,Alan,621.5,31.43,0.32,22.58,26.21,6.97
2022-09-13 23:15:00.000 -0400,Alan,638.6,33.5,0.33,22.53,22.18,6.99
2022-09-13 23:30:00.000 -0400,Alan,666.0,26.61,0.34,22.61,32.43,6.94
2022-09-13 23:45:00.000 -0400,Alan,667.4,25.04,0.34,22.59,30.85,6.95
2022-09-14 00:00:00.000 -0400,Alan,662.8,23.79,0.34,22.62,22.73,6.95
2022-09-14 00:15:00.000 -0400,Alan,660.8,24.02,0.34,22.6,30.13,6.94
2022-09-14 00:30:00.000 -0400,Alan,640.6,23.5,0.33,22.54,32.91,6.95
2022-09-14 00:45:00.000 -0400,Alan,613.7,32.01,0.31,22.46,27.35,7.01
2022-09-14 01:00:00.000 -0400,Alan,608.9,28.86,0.31,22.49,24.53,7.02
2022-09-14 01:15:00.000 -0400,Alan,621.1,34.48,0.32,22.5,29.93,7.01
2022-09-14 01:30:00.000 -0400,Alan,606.8,30.6,0.31,22.43,19.24,7.04
2022-09-14 01:45:00.000 -0400,Alan,619.3,33.71,0.32,22.45,27.68,7.02
2022-09-14 02:00:00.000 -0400,Alan,617.0,33.68,0.32,22.4,22.71,7.03
2022-09-14 02:15:00.000 -0400,Alan,625.0,31.53,0.32,22.39,16.28,7.02
2022-09-14 02:30:00.000 -0400,Alan,624.3,27.04,0.32,22.35,31.33,6.97
2022-09-14 02:45:00.000 -0400,Alan,613.3,27.33,0.31,22.3,27.7,6.98
2022-09-14 03:00:00.000 -0400,Alan,612.8,32.5,0.31,22.27,24.46,7.03
2022-09-14 03:15:00.000 -0400,Alan,613.4,30.27,0.31,22.23,36.38,7.03
2022-09-14 03:30:00.000 -0400,Alan,612.9,34.96,0.31,22.21,41.83,7.07
2022-09-14 03:45:00.000 -0400,Alan,598.3,32.51,0.31,22.16,35.46,7.05
2022-09-14 04:00:00.000 -0400,Alan,609.8,35.51,0.31,22.12,31.12,7.07
2022-09-14 04:15:00.000 -0400,Alan,608.2,32.64,0.31,22.08,34.37,7.07
2022-09-14 04:30:00.000 -0400,Alan,607.2,34.26,0.31,22.04,27.63,7.06
2022-09-14 04:45:00.000 -0400,Alan,600.9,32.86,0.31,22.0,31.48,7.07
2022-09-14 05:00:00.000 -0400,Alan,607.4,32.93,0.31,21.97,39.94,7.07
2022-09-14 05:15:00.000 -0400,Alan,607.4,34.53,0.31,21.93,76.24,7.08
2022-09-14 05:30:00.000 -0400,Alan,607.3,36.62,0.31,21.88,75.6,7.08
2022-09-14 05:45:00.000 -0400,Alan,608.8,34.47,0.32,21.83,77.35,7.07
2022-09-14 06:00:00.000 -0400,Alan,608.2,32.76,0.32,21.8,74.28,7.07
2022-09-14 06:15:00.000 -0400,Alan,608.7,32.03,0.32,21.73,79.51,7.07
2022-09-14 06:30:00.000 -0400,Alan,605.6,31.12,0.31,21.7,110.5,7.07
2022-09-14 06:45:00.000 -0400,Alan,599.2,35.31,0.31,21.67,100.9,7.08
2022-09-14 07:00:00.000 -0400,Alan,605.6,34.99,0.31,21.64,47.18,7.08
2022-09-14 07:15:00.000 -0400,Alan,610.1,34.26,0.32,21.61,49.81,7.08
2022-09-14 07:30:00.000 -0400,Alan,606.5,35.46,0.32,21.55,48.15,7.08
2022-09-14 07:45:00.000 -0400,Alan,608.4,36.0,0.32,21.54,33.91,7.08
2022-09-14 08:00:00.000 -0400,Alan,608.1,35.35,0.32,21.51,31.17,7.09
2022-09-14 08:15:00.000 -0400,Alan,608.2,36.04,0.32,21.49,24.52,7.09
2022-09-14 08:30:00.000 -0400,Alan,606.7,33.94,0.32,21.47,21.92,7.08
2022-09-14 08:45:00.000 -0400,Alan,607.7,32.09,0.32,21.45,18.35,7.07
2022-09-14 09:00:00.000 -0400,Alan,615.0,34.76,0.32,21.47,20.35,7.1
2022-09-14 09:15:00.000 -0400,Alan,621.2,32.68,0.32,21.54,20.43,7.1
2022-09-14 09:30:00.000 -0400,Alan,632.7,33.63,0.33,21.62,22.8,7.13
2022-09-14 09:45:00.000 -0400,Alan,660.6,40.78,0.34,21.77,20.16,7.18
2022-09-14 10:00:00.000 -0400,Alan,663.2,41.06,0.34,21.82,18.27,7.19
2022-09-14 10:15:00.000 -0400,Alan,655.3,41.42,0.34,21.8,18.68,7.2
2022-09-14 10:30:00.000 -0400,Alan,668.9,44.9,0.35,21.92,18.55,7.22
2022-09-14 10:45:00.000 -0400,Alan,656.7,45.86,0.34,21.93,17.02,7.22
2022-09-14 11:00:00.000 -0400,Alan,663.2,46.24,0.34,21.96,17.73,7.24
2022-09-14 11:15:00.000 -0400,Alan,672.5,48.6,0.35,22.04,18.83,7.24
2022-09-14 11:30:00.000 -0400,Alan,674.2,54.48,0.35,22.22,21.29,7.26
2022-09-14 11:45:00.000 -0400,Alan,676.6,55.3,0.35,22.2,20.18,7.27
2022-09-14 12:00:00.000 -0400,Alan,673.2,54.14,0.35,22.19,17.95,7.27
2022-09-14 12:15:00.000 -0400,Alan,674.4,58.46,0.35,22.33,20.65,7.29
2022-09-14 12:30:00.000 -0400,Alan,673.1,57.87,0.35,22.33,26.17,7.27
2022-09-14 12:45:00.000 -0400,Alan,676.6,57.78,0.35,22.27,25.17,7.27
2022-09-14 13:00:00.000 -0400,Alan,666.9,56.99,0.34,22.3,19.71,7.27
2022-09-14 13:15:00.000 -0400,Alan,662.0,59.18,0.34,22.3,20.68,7.28
2022-09-14 13:30:00.000 -0400,Alan,677.7,60.95,0.35,22.39,21.98,7.29
2022-09-14 13:45:00.000 -0400,Alan,668.3,60.19,0.34,22.38,19.43,7.29
2022-09-14 14:00:00.000 -0400,Alan,661.2,65.45,0.34,22.49,20.94,7.3
2022-09-14 14:15:00.000 -0400,Alan,668.2,63.16,0.34,22.42,20.18,7.3
2022-09-14 14:30:00.000 -0400,Alan,678.0,60.27,0.35,22.32,24.61,7.29
2022-09-14 14:45:00.000 -0400,Alan,654.9,62.29,0.34,22.33,25.76,7.3
2022-09-14 15:00:00.000 -0400,Alan,666.3,62.74,0.34,22.38,18.05,7.29
2022-09-14 15:15:00.000 -0400,Alan,674.2,64.64,0.35,22.46,14.8,7.3
2022-09-14 15:30:00.000 -0400,Alan,667.7,62.98,0.34,22.3,18.5,7.3
2022-09-14 15:45:00.000 -0400,Alan,679.7,63.37,0.35,22.45,19.48,7.3
2022-09-14 16:00:00.000 -0400,Alan,674.3,66.27,0.34,22.54,16.47,7.3
2022-09-14 16:15:00.000 -0400,Alan,670.4,67.49,0.34,22.57,17.33,7.3
2022-09-14 16:30:00.000 -0400,Alan,666.8,65.78,0.34,22.49,19.47,7.3
2022-09-14 16:45:00.000 -0400,Alan,665.8,66.43,0.34,22.54,20.21,7.31
2022-09-14 17:00:00.000 -0400,Alan,669.0,69.34,0.34,22.55,20.16,7.32
2022-09-14 17:15:00.000 -0400,Alan,687.3,68.55,0.35,22.75,19.81,7.26
2022-09-14 17:30:00.000 -0400,Alan,670.0,66.7,0.34,22.59,18.69,7.3
2022-09-14 17:45:00.000 -0400,Alan,684.2,65.3,0.35,22.64,19.62,7.28
2022-09-14 18:00:00.000 -0400,Alan,673.3,60.31,0.34,22.5,19.83,7.26
2022-09-14 18:15:00.000 -0400,Alan,659.8,56.75,0.34,22.49,24.21,7.25
2022-09-14 18:30:00.000 -0400,Alan,668.8,55.22,0.34,22.48,33.52,7.24
2022-09-14 18:45:00.000 -0400,Alan,682.4,56.71,0.35,22.56,32.21,7.23
2022-09-14 19:00:00.000 -0400,Alan,684.5,55.85,0.35,22.55,27.16,7.23
2022-09-14 19:15:00.000 -0400,Alan,670.5,55.44,0.34,22.53,25.45,7.23
2022-09-14 19:30:00.000 -0400,Alan,681.0,51.74,0.35,22.5,39.38,7.23
2022-09-14 19:45:00.000 -0400,Alan,681.1,51.27,0.35,22.51,30.96,7.25
2022-09-14 20:00:00.000 -0400,Alan,682.6,52.68,0.35,22.58,26.84,7.24
2022-09-14 20:15:00.000 -0400,Alan,684.3,52.07,0.35,22.59,37.93,7.25
2022-09-14 20:30:00.000 -0400,Alan,686.1,53.55,0.35,22.63,44.45,7.23
2022-09-14 20:45:00.000 -0400,Alan,687.6,51.77,0.35,22.62,32.83,7.23
2022-09-14 21:00:00.000 -0400,Alan,699.0,49.98,0.36,22.62,35.37,7.2
2022-09-14 21:15:00.000 -0400,Alan,729.2,44.01,0.37,22.71,30.67,7.09
2022-09-14 21:30:00.000 -0400,Alan,730.0,38.59,0.37,22.71,44.15,7.09
2022-09-14 21:45:00.000 -0400,Alan,731.0,45.89,0.37,22.74,41.88,7.09
2022-09-14 22:00:00.000 -0400,Alan,734.5,41.91,0.38,22.71,60.09,7.09
2022-09-14 22:15:00.000 -0400,Alan,721.3,47.8,0.37,22.7,30.35,7.11
2022-09-14 22:30:00.000 -0400,Alan,722.3,53.3,0.37,22.76,48.04,7.14
2022-09-14 22:45:00.000 -0400,Alan,720.0,48.2,0.37,22.71,29.27,7.12
2022-09-14 23:00:00.000 -0400,Alan,717.7,48.56,0.37,22.66,29.86,7.13
2022-09-14 23:15:00.000 -0400,Alan,716.1,44.4,0.37,22.64,34.53,7.13
2022-09-14 23:30:00.000 -0400,Alan,713.1,46.94,0.36,22.66,32.88,7.13
2022-09-14 23:45:00.000 -0400,Alan,718.6,49.24,0.37,22.68,30.79,7.12
2022-09-15 00:00:00.000 -0400,Alan,709.9,51.02,0.36,22.67,38.79,7.16
2022-09-15 00:15:00.000 -0400,Alan,700.3,53.98,0.36,22.65,42.62,7.2
2022-09-15 00:30:00.000 -0400,Alan,697.3,54.86,0.36,22.67,52.8,7.23
2022-09-15 00:45:00.000 -0400,Alan,695.7,62.35,0.36,22.63,38.32,7.26
2022-09-15 01:00:00.000 -0400,Alan,696.5,65.49,0.36,22.65,30.46,7.21
2022-09-15 01:15:00.000 -0400,Alan,694.1,67.03,0.35,22.64,34.48,7.28
2022-09-15 01:30:00.000 -0400,Alan,692.1,64.61,0.35,22.61,29.84,7.28
2022-09-15 01:45:00.000 -0400,Alan,691.7,60.98,0.35,22.59,22.46,7.25
2022-09-15 02:00:00.000 -0400,Alan,694.9,62.14,0.36,22.56,29.02,7.25
2022-09-15 02:15:00.000 -0400,Alan,695.4,60.48,0.36,22.51,29.5,7.24
2022-09-15 02:30:00.000 -0400,Alan,692.7,62.64,0.35,22.51,27.36,7.27
2022-09-15 02:45:00.000 -0400,Alan,693.1,60.53,0.36,22.46,35.52,7.25
2022-09-15 03:00:00.000 -0400,Alan,692.1,59.58,0.36,22.43,33.35,7.26
2022-09-15 03:15:00.000 -0400,Alan,688.7,60.68,0.35,22.37,50.34,7.27
2022-09-15 03:30:00.000 -0400,Alan,684.9,61.84,0.35,22.36,44.66,7.31
2022-09-15 03:45:00.000 -0400,Alan,682.5,62.85,0.35,22.31,40.38,7.31
2022-09-15 04:00:00.000 -0400,Alan,683.1,60.83,0.35,22.29,26.65,7.3
2022-09-15 04:15:00.000 -0400,Alan,682.3,60.48,0.35,22.2,31.6,7.3
2022-09-15 04:30:00.000 -0400,Alan,683.1,62.57,0.35,22.2,27.11,7.3
2022-09-15 04:45:00.000 -0400,Alan,682.4,60.46,0.35,22.14,29.55,7.3
2022-09-15 05:00:00.000 -0400,Alan,681.0,58.43,0.35,22.09,36.69,7.29
2022-09-15 05:15:00.000 -0400,Alan,680.8,55.67,0.35,22.05,48.63,7.28
2022-09-15 05:30:00.000 -0400,Alan,680.3,46.89,0.35,21.99,42.06,7.27
2022-09-15 05:45:00.000 -0400,Alan,679.4,45.35,0.35,21.96,31.06,7.26
2022-09-15 06:00:00.000 -0400,Alan,677.8,55.96,0.35,21.9,39.25,7.27
2022-09-15 06:15:00.000 -0400,Alan,679.5,51.0,0.35,21.85,36.27,7.25
2022-09-15 06:30:00.000 -0400,Alan,678.2,48.66,0.35,21.82,36.4,7.25
2022-09-15 06:45:00.000 -0400,Alan,677.7,49.99,0.35,21.8,60.44,7.25
2022-09-15 07:00:00.000 -0400,Alan,678.9,54.82,0.35,21.76,27.6,7.24
2022-09-15 07:15:00.000 -0400,Alan,676.9,53.94,0.35,21.73,33.95,7.24
2022-09-15 07:30:00.000 -0400,Alan,677.7,51.83,0.35,21.7,39.83,7.22
2022-09-15 07:45:00.000 -0400,Alan,675.3,52.25,0.35,21.66,29.57,7.23
2022-09-15 08:00:00.000 -0400,Alan,676.0,52.08,0.35,21.64,29.62,7.22
2022-09-15 08:15:00.000 -0400,Alan,675.3,50.76,0.35,21.6,31.46,7.21
2022-09-15 08:30:00.000 -0400,Alan,672.7,49.43,0.35,21.52,33.92,7.21
2022-09-15 08:45:00.000 -0400,Alan,675.2,50.63,0.35,21.49,32.39,7.21
2022-09-15 09:00:00.000 -0400,Alan,675.1,48.85,0.35,21.41,26.38,7.19
2022-09-15 09:15:00.000 -0400,Alan,673.7,49.27,0.35,21.42,33.21,7.2
2022-09-15 09:30:00.000 -0400,Alan,674.0,52.41,0.35,21.45,30.75,7.23
2022-09-15 09:45:00.000 -0400,Alan,674.6,53.23,0.35,21.52,32.85,7.24
2022-09-15 10:00:00.000 -0400,Alan,674.2,57.91,0.35,21.59,26.67,7.26
2022-09-15 10:15:00.000 -0400,Alan,674.4,59.32,0.35,21.62,28.96,7.27
2022-09-15 10:30:00.000 -0400,Alan,676.5,61.35,0.35,21.7,28.08,7.27
2022-09-15 10:45:00.000 -0400,Alan,677.0,62.0,0.35,21.73,30.02,7.27
2022-09-15 11:00:00.000 -0400,Alan,670.5,59.25,0.35,21.81,28.19,7.28
2022-09-15 11:15:00.000 -0400,Alan,672.6,61.96,0.35,21.83,27.46,7.29
2022-09-15 11:30:00.000 -0400,Alan,669.7,63.79,0.35,21.95,28.53,7.3
2022-09-15 11:45:00.000 -0400,Alan,677.4,66.54,0.35,22.02,27.93,7.29
2022-09-15 12:00:00.000 -0400,Alan,674.8,66.59,0.35,22.1,34.23,7.32
2022-09-15 12:15:00.000 -0400,Alan,673.8,68.98,0.35,22.21,30.75,7.32
2022-09-15 12:30:00.000 -0400,Alan,674.4,69.1,0.35,22.32,32.36,7.33
2022-09-15 12:45:00.000 -0400,Alan,675.4,71.8,0.35,22.39,31.12,7.35
2022-09-15 13:00:00.000 -0400,Alan,678.4,71.97,0.35,22.55,29.01,7.35
2022-09-15 13:15:00.000 -0400,Alan,677.5,72.43,0.35,22.53,31.12,7.35
2022-09-15 13:30:00.000 -0400,Alan,677.8,76.07,0.35,22.33,29.98,7.36
2022-09-15 13:45:00.000 -0400,Alan,678.8,76.68,0.35,22.34,31.29,7.36
2022-09-15 14:00:00.000 -0400,Alan,679.2,79.62,0.35,22.54,34.18,7.38
2022-09-15 14:15:00.000 -0400,Alan,679.9,77.31,0.35,22.53,29.69,7.37
2022-09-15 14:30:00.000 -0400,Alan,679.1,77.21,0.35,22.7,33.62,7.37
2022-09-15 14:45:00.000 -0400,Alan,678.8,75.43,0.35,22.65,27.71,7.37
2022-09-15 15:00:00.000 -0400,Alan,679.9,75.63,0.35,22.64,28.88,7.37
2022-09-15 15:15:00.000 -0400,Alan,680.8,75.82,0.35,22.71,31.21,7.37
2022-09-15 15:30:00.000 -0400,Alan,680.7,76.32,0.35,22.73,30.94,7.37
2022-09-15 15:45:00.000 -0400,Alan,682.3,74.41,0.35,22.79,36.17,7.37
2022-09-15 16:00:00.000 -0400,Alan,681.6,76.15,0.35,22.59,34.01,7.36
2022-09-15 16:15:00.000 -0400,Alan,680.2,76.18,0.35,22.65,33.96,7.36
2022-09-15 16:30:00.000 -0400,Alan,680.0,77.02,0.35,22.65,31.11,7.37
2022-09-15 16:45:00.000 -0400,Alan,679.9,75.72,0.35,22.55,33.09,7.36
2022-09-15 17:00:00.000 -0400,Alan,682.2,76.67,0.35,22.73,33.9,7.36
2022-09-15 17:15:00.000 -0400,Alan,682.4,77.47,0.35,22.76,39.83,7.36
2022-09-15 17:30:00.000 -0400,Alan,682.9,74.58,0.35,22.79,42.0,7.36
2022-09-15 17:45:00.000 -0400,Alan,683.8,73.11,0.35,22.85,32.05,7.35
2022-09-15 18:00:00.000 -0400,Alan,683.5,71.99,0.35,22.87,36.32,7.35
2022-09-15 18:15:00.000 -0400,Alan,684.7,71.71,0.35,22.85,32.99,7.35
2022-09-15 18:30:00.000 -0400,Alan,727.9,69.01,0.37,22.94,38.0,7.27
2022-09-15 18:45:00.000 -0400,Alan,749.2,59.95,0.38,22.94,34.69,7.12
2022-09-15 19:00:00.000 -0400,Alan,728.6,59.76,0.37,22.93,37.95,7.15
2022-09-15 19:15:00.000 -0400,Alan,727.9,64.78,0.37,22.89,36.8,7.18
2022-09-15 19:30:00.000 -0400,Alan,689.2,68.03,0.35,22.73,36.61,7.26
2022-09-15 19:45:00.000 -0400,Alan,693.7,69.72,0.35,22.74,44.17,7.31
2022-09-15 20:00:00.000 -0400,Alan,695.0,71.26,0.35,22.72,45.65,7.29
2022-09-15 20:15:00.000 -0400,Alan,693.4,66.64,0.35,22.64,45.12,7.32
2022-09-15 20:30:00.000 -0400,Alan,692.6,69.39,0.35,22.6,47.29,7.31
2022-09-15 20:45:00.000 -0400,Alan,695.8,68.98,0.36,22.54,67.12,7.31
2022-09-15 21:00:00.000 -0400,Alan,691.6,66.75,0.35,22.5,41.0,7.33
2022-09-15 21:15:00.000 -0400,Alan,689.0,66.94,0.35,22.43,45.18,7.32
2022-09-15 21:30:00.000 -0400,Alan,689.6,66.71,0.35,22.39,49.18,7.32
2022-09-15 21:45:00.000 -0400,Alan,685.9,66.51,0.35,22.31,39.44,7.32
2022-09-15 22:00:00.000 -0400,Alan,686.0,65.56,0.35,22.27,40.01,7.33
2022-09-15 22:15:00.000 -0400,Alan,684.5,66.16,0.35,22.21,47.3,7.33
2022-09-15 22:30:00.000 -0400,Alan,684.2,63.09,0.35,22.16,44.3,7.32
2022-09-15 22:45:00.000 -0400,Alan,682.2,64.03,0.35,22.11,49.14,7.32
2022-09-15 23:00:00.000 -0400,Alan,681.2,62.76,0.35,22.05,49.59,7.32
2022-09-15 23:15:00.000 -0400,Alan,681.5,63.86,0.35,21.99,47.21,7.32
2022-09-15 23:30:00.000 -0400,Alan,678.7,62.48,0.35,21.92,53.87,7.32
2022-09-15 23:45:00.000 -0400,Alan,678.7,39.86,0.35,21.88,63.45,7.32
2022-09-16 00:00:00.000 -0400,Alan,678.3,52.31,0.35,21.81,43.28,7.31
2022-09-16 00:15:00.000 -0400,Alan,677.3,60.05,0.35,21.75,44.66,7.31
2022-09-16 00:30:00.000 -0400,Alan,676.2,55.68,0.35,21.69,60.96,7.31
2022-09-16 00:45:00.000 -0400,Alan,674.7,57.05,0.35,21.64,51.78,7.31
2022-09-16 01:00:00.000 -0400,Alan,674.7,58.77,0.35,21.59,46.77,7.3
2022-09-16 01:15:00.000 -0400,Alan,672.1,58.62,0.35,21.52,52.64,7.28
2022-09-16 01:30:00.000 -0400,Alan,672.6,58.49,0.35,21.43,60.53,7.27
2022-09-16 01:45:00.000 -0400,Alan,672.5,56.2,0.35,21.41,54.75,7.27
2022-09-16 02:00:00.000 -0400,Alan,672.3,55.13,0.35,21.37,62.41,7.26
2022-09-16 02:15:00.000 -0400,Alan,670.7,51.83,0.35,21.31,58.66,7.25
2022-09-16 02:30:00.000 -0400,Alan,670.0,54.87,0.35,21.26,61.42,7.25
2022-09-16 02:45:00.000 -0400,Alan,669.7,55.26,0.35,21.2,52.76,7.25
2022-09-16 03:00:00.000 -0400,Alan,669.3,54.15,0.35,21.14,40.72,7.25
2022-09-16 03:15:00.000 -0400,Alan,667.2,53.32,0.35,21.07,58.92,7.25
2022-09-16 03:30:00.000 -0400,Alan,668.2,51.68,0.35,21.06,44.17,7.24
2022-09-16 03:45:00.000 -0400,Alan,667.6,52.8,0.35,21.0,59.83,7.25
2022-09-16 04:00:00.000 -0400,Alan,666.7,54.64,0.35,20.94,46.67,7.25
2022-09-16 04:15:00.000 -0400,Alan,666.6,53.81,0.35,20.93,47.0,7.25
2022-09-16 04:30:00.000 -0400,Alan,665.3,52.61,0.35,20.86,62.01,7.24
2022-09-16 04:45:00.000 -0400,Alan,665.2,52.84,0.35,20.81,50.49,7.24
2022-09-16 05:00:00.000 -0400,Alan,664.8,51.87,0.35,20.78,60.52,7.24
2022-09-16 05:15:00.000 -0400,Alan,664.3,50.68,0.35,20.75,72.35,7.24
2022-09-16 05:30:00.000 -0400,Alan,663.8,50.77,0.35,20.71,56.38,7.24
2022-09-16 05:45:00.000 -0400,Alan,663.9,49.54,0.35,20.66,48.82,7.23
2022-09-16 06:00:00.000 -0400,Alan,662.1,49.44,0.35,20.6,60.43,7.24
2022-09-16 06:15:00.000 -0400,Alan,662.1,49.29,0.35,20.57,44.4,7.24
2022-09-16 06:30:00.000 -0400,Alan,661.4,49.36,0.35,20.49,56.65,7.24
2022-09-16 06:45:00.000 -0400,Alan,660.6,47.96,0.35,20.49,45.06,7.24
2022-09-16 07:00:00.000 -0400,Alan,659.9,48.86,0.35,20.46,65.31,7.24
2022-09-16 07:15:00.000 -0400,Alan,655.3,46.84,0.35,20.43,57.56,7.24
2022-09-16 07:30:00.000 -0400,Alan,654.7,45.56,0.35,20.38,58.26,7.23
2022-09-16 07:45:00.000 -0400,Alan,651.7,47.55,0.35,20.36,35.52,7.23
2022-09-16 08:00:00.000 -0400,Alan,658.9,50.04,0.35,20.36,57.94,7.23
2022-09-16 08:15:00.000 -0400,Alan,657.1,50.54,0.35,20.34,44.68,7.24
2022-09-16 08:30:00.000 -0400,Alan,655.7,50.25,0.35,20.34,57.39,7.25
2022-09-16 08:45:00.000 -0400,Alan,656.4,50.7,0.35,20.36,45.45,7.25
2022-09-16 09:00:00.000 -0400,Alan,654.4,52.24,0.35,20.42,39.77,7.26
2022-09-16 09:15:00.000 -0400,Alan,657.2,48.8,0.35,20.47,43.29,7.25
2022-09-16 09:30:00.000 -0400,Alan,658.1,49.46,0.35,20.54,40.37,7.26
2022-09-16 09:45:00.000 -0400,Alan,661.4,49.15,0.35,20.66,46.65,7.26
2022-09-16 10:00:00.000 -0400,Alan,661.3,48.89,0.35,20.68,38.37,7.26
2022-09-16 10:15:00.000 -0400,Alan,662.3,51.07,0.35,20.73,47.34,7.27
2022-09-16 10:30:00.000 -0400,Alan,664.0,49.62,0.35,20.87,39.2,7.25
2022-09-16 10:45:00.000 -0400,Alan,664.3,48.86,0.35,20.89,42.36,7.25
2022-09-16 11:00:00.000 -0400,Alan,665.0,49.84,0.35,20.95,45.25,7.26
2022-09-16 11:15:00.000 -0400,Alan,665.5,51.22,0.35,20.91,52.18,7.26
2022-09-16 11:30:00.000 -0400,Alan,665.2,49.09,0.35,20.89,40.94,7.26
2022-09-16 11:45:00.000 -0400,Alan,666.7,49.5,0.35,20.95,35.85,7.26
2022-09-16 12:00:00.000 -0400,Alan,666.0,50.59,0.35,20.95,35.98,7.26
2022-09-16 12:15:00.000 -0400,Alan,666.9,53.31,0.35,21.07,36.0,7.27
2022-09-16 12:30:00.000 -0400,Alan,664.2,51.96,0.35,20.92,35.96,7.27
2022-09-16 12:45:00.000 -0400,Alan,665.5,54.3,0.35,20.95,33.68,7.27
2022-09-16 13:00:00.000 -0400,Alan,665.0,51.87,0.35,20.92,38.68,7.27
2022-09-16 13:15:00.000 -0400,Alan,665.5,53.15,0.35,20.95,41.05,7.27
2022-09-16 13:30:00.000 -0400,Alan,667.8,55.14,0.35,21.08,36.47,7.28
2022-09-16 13:45:00.000 -0400,Alan,667.9,54.74,0.35,21.08,46.19,7.28
2022-09-16 14:00:00.000 -0400,Alan,667.9,56.64,0.35,21.06,36.17,7.28
2022-09-16 14:15:00.000 -0400,Alan,667.7,57.44,0.35,21.06,33.49,7.29
2022-09-16 14:30:00.000 -0400,Alan,667.9,55.31,0.35,21.11,29.24,7.28
2022-09-16 14:45:00.000 -0400,Alan,667.1,53.95,0.35,21.03,38.16,7.27
2022-09-16 15:00:00.000 -0400,Alan,668.3,56.1,0.35,21.13,33.16,7.28
2022-09-16 15:15:00.000 -0400,Alan,669.9,59.66,0.35,21.22,41.58,7.29
2022-09-16 15:30:00.000 -0400,Alan,672.5,59.9,0.35,21.35,38.02,7.3
2022-09-16 15:45:00.000 -0400,Alan,670.0,60.84,0.35,21.28,47.02,7.31
2022-09-16 16:00:00.000 -0400,Alan,669.7,58.54,0.35,21.2,39.33,7.3
2022-09-16 16:15:00.000 -0400,Alan,667.7,58.48,0.35,21.1,40.84,7.29
2022-09-16 16:30:00.000 -0400,Alan,667.1,55.85,0.35,21.08,51.3,7.28
2022-09-16 16:45:00.000 -0400,Alan,669.2,58.24,0.35,21.17,47.72,7.29
2022-09-16 17:00:00.000 -0400,Alan,670.6,56.0,0.35,21.24,49.3,7.28
2022-09-16 17:15:00.000 -0400,Alan,671.7,55.16,0.35,21.28,42.43,7.27
2022-09-16 17:30:00.000 -0400,Alan,672.1,51.47,0.35,21.24,41.31,7.26
2022-09-16 17:45:00.000 -0400,Alan,672.1,54.53,0.35,21.18,36.75,7.26
2022-09-16 18:00:00.000 -0400,Alan,671.0,51.93,0.35,21.15,39.96,7.25
2022-09-16 18:15:00.000 -0400,Alan,670.2,54.53,0.35,21.18,42.52,7.26
2022-09-16 18:30:00.000 -0400,Alan,671.0,52.49,0.35,21.19,45.25,7.26
2022-09-16 18:45:00.000 -0400,Alan,671.3,51.49,0.35,21.22,33.73,7.25
2022-09-16 19:00:00.000 -0400,Alan,670.4,51.85,0.35,21.22,42.85,7.25
2022-09-16 19:15:00.000 -0400,Alan,670.9,51.78,0.35,21.23,42.32,7.25
2022-09-16 19:30:00.000 -0400,Alan,669.1,52.69,0.35,21.19,60.94,7.25
2022-09-16 19:45:00.000 -0400,Alan,669.5,52.65,0.35,21.18,40.22,7.25
2022-09-16 20:00:00.000 -0400,Alan,670.3,52.64,0.35,21.2,39.31,7.25
2022-09-16 20:15:00.000 -0400,Alan,679.4,49.68,0.36,21.25,39.33,7.23
2022-09-16 20:30:00.000 -0400,Alan,763.9,36.18,0.4,21.49,40.6,7.01
2022-09-16 20:45:00.000 -0400,Alan,758.6,36.61,0.4,21.49,35.76,6.98
2022-09-16 21:00:00.000 -0400,Alan,743.1,36.1,0.39,21.45,40.38,6.99
2022-09-16 21:15:00.000 -0400,Alan,747.3,36.39,0.39,21.44,59.4,7.0
2022-09-16 21:30:00.000 -0400,Alan,725.9,42.47,0.38,21.38,45.72,7.03
2022-09-16 21:45:00.000 -0400,Alan,723.6,43.35,0.38,21.38,45.54,7.06
2022-09-16 22:00:00.000 -0400,Alan,723.4,42.79,0.38,21.37,45.71,7.06
2022-09-16 22:15:00.000 -0400,Alan,718.2,43.75,0.38,21.35,37.33,7.09
2022-09-16 22:30:00.000 -0400,Alan,688.0,47.36,0.36,21.28,44.72,7.19
2022-09-16 22:45:00.000 -0400,Alan,683.6,49.43,0.36,21.32,39.27,7.2
2022-09-16 23:00:00.000 -0400,Alan,685.3,53.51,0.36,21.32,36.22,7.24
2022-09-16 23:15:00.000 -0400,Alan,686.1,52.05,0.36,21.34,53.29,7.24
2022-09-16 23:30:00.000 -0400,Alan,686.6,54.14,0.36,21.29,43.22,7.24
2022-09-16 23:45:00.000 -0400,Alan,686.7,56.24,0.36,21.28,37.7,7.26
2022-09-17 00:00:00.000 -0400,Alan,687.5,52.16,0.36,21.24,43.49,7.22
2022-09-17 00:15:00.000 -0400,Alan,688.2,44.61,0.36,21.26,40.37,7.2
2022-09-17 00:30:00.000 -0400,Alan,682.3,52.73,0.36,21.23,38.48,7.26
2022-09-17 00:45:00.000 -0400,Alan,686.9,54.54,0.36,21.22,45.31,7.22
2022-09-17 01:00:00.000 -0400,Alan,682.7,52.72,0.36,21.21,39.39,7.24
2022-09-17 01:15:00.000 -0400,Alan,683.2,55.38,0.36,21.16,48.9,7.28
2022-09-17 01:30:00.000 -0400,Alan,684.1,52.04,0.36,21.14,37.4,7.24
2022-09-17 01:45:00.000 -0400,Alan,679.3,52.58,0.36,21.11,40.41,7.26
2022-09-17 02:00:00.000 -0400,Alan,680.9,54.02,0.36,21.05,42.8,7.27
2022-09-17 02:15:00.000 -0400,Alan,676.2,56.79,0.36,21.04,47.46,7.29
2022-09-17 02:30:00.000 -0400,Alan,676.1,55.56,0.36,21.0,44.37,7.29
2022-09-17 02:45:00.000 -0400,Alan,676.6,56.5,0.36,21.0,41.43,7.29
2022-09-17 03:00:00.000 -0400,Alan,675.7,54.38,0.36,20.97,55.27,7.28
2022-09-17 03:15:00.000 -0400,Alan,674.5,54.98,0.36,20.94,51.74,7.29
2022-09-17 03:30:00.000 -0400,Alan,675.4,55.12,0.36,20.94,45.37,7.28
2022-09-17 03:45:00.000 -0400,Alan,676.1,52.16,0.36,20.91,48.01,7.28
2022-09-17 04:00:00.000 -0400,Alan,674.0,52.22,0.36,20.87,52.91,7.26
2022-09-17 04:15:00.000 -0400,Alan,674.1,51.05,0.36,20.84,57.5,7.27
2022-09-17 04:30:00.000 -0400,Alan,674.0,50.97,0.36,20.82,57.28,7.25
2022-09-17 04:45:00.000 -0400,Alan,674.0,51.76,0.36,20.82,39.62,7.25
2022-09-17 05:00:00.000 -0400,Alan,674.0,51.51,0.36,20.8,75.38,7.25
2022-09-17 05:15:00.000 -0400,Alan,673.0,49.58,0.36,20.77,39.27,7.25
2022-09-17 05:30:00.000 -0400,Alan,673.4,50.68,0.36,20.73,67.21,7.25
2022-09-17 05:45:00.000 -0400,Alan,672.1,49.47,0.36,20.72,56.13,7.24
2022-09-17 06:00:00.000 -0400,Alan,672.6,48.35,0.36,20.71,53.41,7.24
2022-09-17 06:15:00.000 -0400,Alan,672.1,47.61,0.36,20.67,47.14,7.23
2022-09-17 06:30:00.000 -0400,Alan,672.4,49.26,0.36,20.65,51.2,7.24
2022-09-17 06:45:00.000 -0400,Alan,673.0,46.69,0.36,20.63,59.52,7.23
2022-09-17 07:00:00.000 -0400,Alan,671.4,46.89,0.36,20.61,40.61,7.23
2022-09-17 07:15:00.000 -0400,Alan,671.1,49.22,0.36,20.59,51.62,7.24
2022-09-17 07:30:00.000 -0400,Alan,671.5,48.88,0.36,20.59,57.84,7.24
2022-09-17 07:45:00.000 -0400,Alan,670.2,46.37,0.36,20.57,48.09,7.24
2022-09-17 08:00:00.000 -0400,Alan,669.9,49.05,0.36,20.55,62.56,7.24
2022-09-17 08:15:00.000 -0400,Alan,669.8,47.38,0.36,20.56,92.2,7.24
2022-09-17 08:30:00.000 -0400,Alan,669.3,49.52,0.36,20.55,43.16,7.25
2022-09-17 08:45:00.000 -0400,Alan,669.7,49.22,0.36,20.51,48.77,7.25
2022-09-17 09:00:00.000 -0400,Alan,670.0,48.82,0.36,20.52,55.78,7.25
2022-09-17 09:15:00.000 -0400,Alan,670.3,49.19,0.36,20.53,27.69,7.25
2022-09-17 09:30:00.000 -0400,Alan,669.7,47.76,0.36,20.56,59.74,7.24
2022-09-17 09:45:00.000 -0400,Alan,670.3,46.05,0.36,20.59,46.28,7.23
2022-09-17 10:00:00.000 -0400,Alan,669.7,48.36,0.36,20.63,60.28,7.24
2022-09-17 10:15:00.000 -0400,Alan,669.2,47.99,0.36,20.65,56.42,7.24
2022-09-17 10:30:00.000 -0400,Alan,670.3,45.42,0.36,20.72,53.12,7.24
2022-09-17 10:45:00.000 -0400,Alan,670.8,45.6,0.36,20.74,72.98,7.23
2022-09-17 11:00:00.000 -0400,Alan,670.5,46.18,0.36,20.72,59.05,7.24
2022-09-17 11:15:00.000 -0400,Alan,672.4,47.46,0.36,20.85,67.43,7.24
2022-09-17 11:30:00.000 -0400,Alan,672.4,47.6,0.36,20.82,46.6,7.24
2022-09-17 11:45:00.000 -0400,Alan,673.5,49.96,0.36,20.86,64.37,7.25
2022-09-17 12:00:00.000 -0400,Alan,672.9,50.38,0.36,20.87,79.55,7.25
2022-09-17 12:15:00.000 -0400,Alan,673.7,48.8,0.36,20.89,63.41,7.24
2022-09-17 12:30:00.000 -0400,Alan,672.9,50.64,0.36,20.94,70.41,7.25
2022-09-17 12:45:00.000 -0400,Alan,675.2,50.77,0.36,20.93,71.6,7.26
2022-09-17 13:00:00.000 -0400,Alan,674.3,50.67,0.36,20.96,46.61,7.25
2022-09-17 13:15:00.000 -0400,Alan,673.4,51.2,0.36,20.95,66.69,7.26
2022-09-17 13:30:00.000 -0400,Alan,673.6,51.06,0.36,20.99,49.08,7.25
2022-09-17 13:45:00.000 -0400,Alan,673.5,50.99,0.36,21.03,65.95,7.26
2022-09-17 14:00:00.000 -0400,Alan,674.9,54.07,0.36,21.12,51.91,7.27
2022-09-17 14:15:00.000 -0400,Alan,675.2,53.59,0.36,21.15,44.16,7.27
2022-09-17 14:30:00.000 -0400,Alan,673.5,54.09,0.36,21.11,53.01,7.28
2022-09-17 14:45:00.000 -0400,Alan,675.5,53.66,0.36,21.09,56.78,7.27
2022-09-17 15:00:00.000 -0400,Alan,674.6,52.61,0.36,21.1,56.85,7.27
2022-09-17 15:15:00.000 -0400,Alan,677.9,53.75,0.36,21.24,77.83,7.27
2022-09-17 15:30:00.000 -0400,Alan,675.5,53.7,0.36,21.13,44.52,7.28
2022-09-17 15:45:00.000 -0400,Alan,674.4,53.18,0.36,21.1,66.83,7.27
2022-09-17 16:00:00.000 -0400,Alan,673.6,52.78,0.36,21.04,61.4,7.27
2022-09-17 16:15:00.000 -0400,Alan,675.4,53.6,0.36,21.11,59.45,7.27
2022-09-17 16:30:00.000 -0400,Alan,676.6,54.02,0.36,21.18,57.07,7.27
2022-09-17 16:45:00.000 -0400,Alan,675.6,53.05,0.36,21.12,65.67,7.27
2022-09-17 17:00:00.000 -0400,Alan,676.9,51.95,0.36,21.17,68.43,7.27
2022-09-17 17:15:00.000 -0400,Alan,676.9,53.54,0.36,21.24,62.53,7.27
2022-09-17 17:30:00.000 -0400,Alan,676.4,54.2,0.36,21.15,69.99,7.28
2022-09-17 17:45:00.000 -0400,Alan,675.9,52.73,0.36,21.16,71.4,7.27
2022-09-17 18:00:00.000 -0400,Alan,677.0,53.99,0.36,21.2,82.7,7.27
2022-09-17 18:15:00.000 -0400,Alan,677.7,54.5,0.36,21.24,73.18,7.27
2022-09-17 18:30:00.000 -0400,Alan,677.6,53.85,0.36,21.27,70.69,7.27
2022-09-17 18:45:00.000 -0400,Alan,679.5,53.92,0.36,21.3,55.55,7.27
2022-09-17 19:00:00.000 -0400,Alan,678.2,53.16,0.36,21.29,59.87,7.26
2022-09-17 19:15:00.000 -0400,Alan,678.1,51.86,0.36,21.27,47.39,7.25
2022-09-17 19:30:00.000 -0400,Alan,677.9,51.27,0.36,21.23,67.98,7.25
2022-09-17 19:45:00.000 -0400,Alan,677.7,50.57,0.36,21.22,72.01,7.25
2022-09-17 20:00:00.000 -0400,Alan,676.3,49.97,0.36,21.21,68.5,7.25
2022-09-17 20:15:00.000 -0400,Alan,676.8,49.27,0.36,21.2,58.35,7.24
2022-09-17 20:30:00.000 -0400,Alan,677.9,48.42,0.36,21.2,67.93,7.23
2022-09-17 20:45:00.000 -0400,Alan,678.8,46.75,0.36,21.21,69.6,7.24
2022-09-17 21:00:00.000 -0400,Alan,678.6,48.26,0.36,21.21,72.53,7.24
2022-09-17 21:15:00.000 -0400,Alan,679.0,49.69,0.36,21.23,156.1,7.24
2022-09-17 21:30:00.000 -0400,Alan,680.1,47.88,0.36,21.22,58.61,7.23
2022-09-17 21:45:00.000 -0400,Alan,678.2,48.88,0.36,21.23,47.8,7.22
2022-09-17 22:00:00.000 -0400,Alan,679.3,46.76,0.36,21.26,49.54,7.22
2022-09-17 22:15:00.000 -0400,Alan,680.4,45.12,0.36,21.25,58.17,7.23
2022-09-17 22:30:00.000 -0400,Alan,680.2,42.12,0.36,21.24,65.04,7.21
2022-09-17 22:45:00.000 -0400,Alan,680.2,41.09,0.36,21.24,66.1,7.21
2022-09-17 23:00:00.000 -0400,Alan,679.6,45.2,0.36,21.25,57.4,7.23
2022-09-17 23:15:00.000 -0400,Alan,683.4,40.94,0.36,21.28,56.71,7.22
2022-09-17 23:30:00.000 -0400,Alan,705.9,34.12,0.37,21.35,66.76,7.12
2022-09-17 23:45:00.000 -0400,Alan,711.0,29.48,0.37,21.35,65.6,7.09
2022-09-18 00:00:00.000 -0400,Alan,705.4,32.08,0.37,21.33,69.29,7.1
2022-09-18 00:15:00.000 -0400,Alan,710.3,29.76,0.37,21.31,90.4,7.08
2022-09-18 00:30:00.000 -0400,Alan,698.8,29.88,0.37,21.31,69.18,7.09
2022-09-18 00:45:00.000 -0400,Alan,696.9,29.79,0.37,21.27,67.71,7.1
2022-09-18 01:00:00.000 -0400,Alan,704.3,29.79,0.37,21.25,65.9,7.09
2022-09-18 01:15:00.000 -0400,Alan,697.1,30.26,0.37,21.25,60.71,7.1
2022-09-18 01:30:00.000 -0400,Alan,693.5,31.19,0.37,21.22,55.61,7.12
2022-09-18 01:45:00.000 -0400,Alan,694.0,34.17,0.37,21.18,68.69,7.13
2022-09-18 02:00:00.000 -0400,Alan,691.0,35.47,0.36,21.16,65.44,7.14
2022-09-18 02:15:00.000 -0400,Alan,689.8,32.54,0.36,21.13,61.98,7.14
2022-09-18 02:30:00.000 -0400,Alan,687.7,34.13,0.36,21.08,65.48,7.16
2022-09-18 02:45:00.000 -0400,Alan,687.3,33.76,0.36,21.04,83.1,7.15
2022-09-18 03:00:00.000 -0400,Alan,687.6,34.08,0.36,21.02,79.23,7.16
2022-09-18 03:15:00.000 -0400,Alan,688.0,33.48,0.36,21.0,81.0,7.15
2022-09-18 03:30:00.000 -0400,Alan,686.1,34.49,0.36,20.97,77.34,7.16
2022-09-18 03:45:00.000 -0400,Alan,683.8,35.04,0.36,20.94,68.6,7.16
2022-09-18 04:00:00.000 -0400,Alan,682.7,34.33,0.36,20.9,83.2,7.17
2022-09-18 04:15:00.000 -0400,Alan,681.9,33.39,0.36,20.87,79.89,7.17
2022-09-18 04:30:00.000 -0400,Alan,681.2,33.91,0.36,20.83,111.3,7.17
2022-09-18 04:45:00.000 -0400,Alan,680.8,34.91,0.36,20.81,70.24,7.17
2022-09-18 05:00:00.000 -0400,Alan,679.7,35.33,0.36,20.78,108.2,7.18
2022-09-18 05:15:00.000 -0400,Alan,680.6,35.02,0.36,20.75,78.51,7.18
2022-09-18 05:30:00.000 -0400,Alan,681.7,35.3,0.36,20.72,60.35,7.18
2022-09-18 05:45:00.000 -0400,Alan,679.9,35.8,0.36,20.7,75.19,7.18
2022-09-18 06:00:00.000 -0400,Alan,677.7,34.15,0.36,20.67,86.3,7.18
2022-09-18 06:15:00.000 -0400,Alan,678.2,35.52,0.36,20.64,61.81,7.18
2022-09-18 06:30:00.000 -0400,Alan,678.1,34.42,0.36,20.62,63.69,7.18
2022-09-18 06:45:00.000 -0400,Alan,678.8,34.35,0.36,20.62,76.77,7.18
2022-09-18 07:00:00.000 -0400,Alan,677.9,32.54,0.36,20.61,68.44,7.17
2022-09-18 07:15:00.000 -0400,Alan,678.4,33.5,0.36,20.59,66.86,7.17
2022-09-18 07:30:00.000 -0400,Alan,677.9,32.85,0.36,20.59,88.2,7.17
2022-09-18 07:45:00.000 -0400,Alan,677.9,35.15,0.36,20.57,71.88,7.18
2022-09-18 08:00:00.000 -0400,Alan,677.8,34.41,0.36,20.59,93.8,7.18
2022-09-18 08:15:00.000 -0400,Alan,678.7,34.64,0.36,20.61,73.6,7.17
2022-09-18 08:30:00.000 -0400,Alan,678.0,33.62,0.36,20.61,60.22,7.17
2022-09-18 08:45:00.000 -0400,Alan,678.4,33.71,0.36,20.62,84.8,7.17
2022-09-18 09:00:00.000 -0400,Alan,677.9,37.58,0.36,20.63,64.23,7.19
2022-09-18 09:15:00.000 -0400,Alan,676.6,40.01,0.36,20.67,80.2,7.2
2022-09-18 09:30:00.000 -0400,Alan,676.9,43.24,0.36,20.73,71.75,7.22
2022-09-18 09:45:00.000 -0400,Alan,676.7,44.69,0.36,20.8,77.03,7.23
2022-09-18 10:00:00.000 -0400,Alan,677.7,39.71,0.36,20.75,81.3,7.21
2022-09-18 10:15:00.000 -0400,Alan,677.8,43.28,0.36,20.79,76.79,7.21
2022-09-18 10:30:00.000 -0400,Alan,677.8,45.48,0.36,20.85,75.05,7.23
2022-09-18 10:45:00.000 -0400,Alan,680.1,44.87,0.36,20.88,76.53,7.23
2022-09-18 11:00:00.000 -0400,Alan,679.4,45.49,0.36,20.91,71.14,7.23
2022-09-18 11:15:00.000 -0400,Alan,680.7,48.24,0.36,21.05,83.4,7.24
2022-09-18 11:30:00.000 -0400,Alan,680.5,49.09,0.36,21.04,69.58,7.25
2022-09-18 11:45:00.000 -0400,Alan,678.9,49.27,0.36,21.02,78.31,7.25
2022-09-18 12:00:00.000 -0400,Alan,677.3,48.08,0.36,20.95,91.6,7.25
2022-09-18 12:15:00.000 -0400,Alan,678.8,48.77,0.36,20.97,79.65,7.24
2022-09-18 12:30:00.000 -0400,Alan,678.4,48.68,0.36,20.98,76.75,7.25
2022-09-18 12:45:00.000 -0400,Alan,679.4,50.18,0.36,21.11,76.7,7.26
2022-09-18 13:00:00.000 -0400,Alan,679.4,50.95,0.36,21.14,66.14,7.26
2022-09-18 13:15:00.000 -0400,Alan,680.7,53.12,0.36,21.12,83.1,7.27
2022-09-18 13:30:00.000 -0400,Alan,682.5,53.32,0.36,21.24,83.7,7.27
2022-09-18 13:45:00.000 -0400,Alan,681.0,53.0,0.36,21.19,66.59,7.27
2022-09-18 14:00:00.000 -0400,Alan,684.5,55.33,0.36,21.44,96.8,7.28
2022-09-18 14:15:00.000 -0400,Alan,683.3,55.73,0.36,21.38,70.55,7.29
2022-09-18 14:30:00.000 -0400,Alan,682.9,55.71,0.36,21.34,76.83,7.28
2022-09-18 14:45:00.000 -0400,Alan,685.4,56.72,0.36,21.44,73.6,7.29
2022-09-18 15:00:00.000 -0400,Alan,683.8,56.62,0.36,21.42,78.04,7.29
2022-09-18 15:15:00.000 -0400,Alan,684.6,57.04,0.36,21.41,81.9,7.29
2022-09-18 15:30:00.000 -0400,Alan,684.0,58.28,0.36,21.46,81.5,7.29
2022-09-18 15:45:00.000 -0400,Alan,685.5,59.22,0.36,21.49,68.46,7.3
2022-09-18 16:00:00.000 -0400,Alan,684.9,57.86,0.36,21.51,77.05,7.29
2022-09-18 16:15:00.000 -0400,Alan,684.1,56.78,0.36,21.34,81.5,7.29
2022-09-18 16:30:00.000 -0400,Alan,687.0,55.84,0.36,21.42,87.7,7.28
2022-09-18 16:45:00.000 -0400,Alan,687.3,59.14,0.36,21.62,73.13,7.29
2022-09-18 17:00:00.000 -0400,Alan,664.0,57.43,0.35,21.42,81.3,7.28
2022-09-18 17:15:00.000 -0400,Alan,688.2,56.71,0.36,21.37,88.7,7.28
2022-09-18 17:30:00.000 -0400,Alan,687.4,59.28,0.36,21.45,76.12,7.28
2022-09-18 17:45:00.000 -0400,Alan,688.9,61.91,0.36,21.5,90.7,7.28
2022-09-18 18:00:00.000 -0400,Alan,687.6,59.56,0.36,21.5,73.2,7.28
2022-09-18 18:15:00.000 -0400,Alan,686.5,58.16,0.36,21.54,65.19,7.29
2022-09-18 18:30:00.000 -0400,Alan,687.5,58.74,0.36,21.5,80.1,7.28
2022-09-18 18:45:00.000 -0400,Alan,686.6,57.2,0.36,21.51,82.3,7.28
2022-09-18 19:00:00.000 -0400,Alan,688.1,53.88,0.36,21.52,78.51,7.26
2022-09-18 19:15:00.000 -0400,Alan,689.8,58.6,0.36,21.54,87.5,7.27
2022-09-18 19:30:00.000 -0400,Alan,687.5,57.7,0.36,21.49,83.7,7.27
2022-09-18 19:45:00.000 -0400,Alan,687.2,58.63,0.36,21.48,86.3,7.27
2022-09-18 20:00:00.000 -0400,Alan,688.6,58.0,0.36,21.47,93.7,7.27
2022-09-18 20:15:00.000 -0400,Alan,688.1,57.88,0.36,21.49,91.5,7.27
2022-09-18 20:30:00.000 -0400,Alan,689.6,58.0,0.36,21.51,101.3,7.26
2022-09-18 20:45:00.000 -0400,Alan,687.9,57.43,0.36,21.54,95.0,7.26
2022-09-18 21:00:00.000 -0400,Alan,688.5,57.94,0.36,21.55,97.3,7.26
2022-09-18 21:15:00.000 -0400,Alan,689.4,58.7,0.36,21.56,96.1,7.27
2022-09-18 21:30:00.000 -0400,Alan,690.5,59.1,0.36,21.59,92.7,7.27
2022-09-18 21:45:00.000 -0400,Alan,691.2,58.22,0.36,21.59,98.5,7.27
2022-09-18 22:00:00.000 -0400,Alan,692.0,57.08,0.36,21.53,105.9,7.26
2022-09-18 22:15:00.000 -0400,Alan,691.6,56.81,0.36,21.56,99.2,7.26
2022-09-18 22:30:00.000 -0400,Alan,690.2,57.32,0.36,21.55,91.2,7.27
2022-09-18 22:45:00.000 -0400,Alan,691.3,57.69,0.36,21.57,95.8,7.27
2022-09-18 23:00:00.000 -0400,Alan,692.2,57.09,0.36,21.55,107.3,7.27
2022-09-18 23:15:00.000 -0400,Alan,692.5,55.3,0.36,21.54,101.2,7.24
2022-09-18 23:30:00.000 -0400,Alan,697.4,53.34,0.36,21.58,124.3,7.24
2022-09-18 23:45:00.000 -0400,Alan,694.0,54.76,0.36,21.6,98.9,7.25
2022-09-19 00:00:00.000 -0400,Alan,692.3,54.94,0.36,21.59,111.2,7.25
2022-09-19 00:15:00.000 -0400,Alan,691.8,54.68,0.36,21.58,105.7,7.23
2022-09-19 00:30:00.000 -0400,Alan,692.7,54.08,0.36,21.56,98.9,7.24
2022-09-19 00:45:00.000 -0400,Alan,693.4,54.53,0.36,21.57,118.9,7.24
2022-09-19 01:00:00.000 -0400,Alan,693.1,55.03,0.36,21.59,104.4,7.24
2022-09-19 01:15:00.000 -0400,Alan,693.4,54.94,0.36,21.59,106.9,7.24
2022-09-19 01:30:00.000 -0400,Alan,690.6,55.25,0.36,21.59,179.2,7.26
2022-09-19 01:45:00.000 -0400,Alan,690.2,54.91,0.36,21.6,107.4,7.25
2022-09-19 02:00:00.000 -0400,Alan,690.5,53.73,0.36,21.62,99.0,7.24
2022-09-19 02:15:00.000 -0400,Alan,692.0,53.79,0.36,21.64,102.0,7.23
2022-09-19 02:30:00.000 -0400,Alan,691.3,52.57,0.36,21.66,101.4,7.24
2022-09-19 02:45:00.000 -0400,Alan,693.5,54.22,0.36,21.69,86.8,7.24
2022-09-19 03:00:00.000 -0400,Alan,690.4,53.52,0.36,21.69,92.8,7.24
2022-09-19 03:15:00.000 -0400,Alan,700.9,52.81,0.37,21.68,107.8,7.23
2022-09-19 03:30:00.000 -0400,Alan,697.6,50.35,0.36,21.69,94.6,7.21
2022-09-19 03:45:00.000 -0400,Alan,700.6,45.42,0.37,21.7,105.0,7.19
2022-09-19 04:00:00.000 -0400,Alan,704.7,45.84,0.37,21.7,95.3,7.15
2022-09-19 04:15:00.000 -0400,Alan,707.7,38.91,0.37,21.71,102.5,7.15
2022-09-19 04:30:00.000 -0400,Alan,726.0,36.83,0.38,21.77,87.0,7.12
2022-09-19 04:45:00.000 -0400,Alan,737.8,21.3,0.38,21.82,95.8,7.04
2022-09-19 05:00:00.000 -0400,Alan,729.6,27.94,0.38,21.78,101.6,7.08
2022-09-19 05:15:00.000 -0400,Alan,725.7,33.79,0.38,21.78,99.7,7.07
2022-09-19 05:30:00.000 -0400,Alan,717.9,14.65,0.37,21.77,90.4,7.06
2022-09-19 05:45:00.000 -0400,Alan,711.8,30.36,0.37,21.74,97.1,7.13
2022-09-19 06:00:00.000 -0400,Alan,710.3,38.37,0.37,21.72,94.9,7.15
2022-09-19 06:15:00.000 -0400,Alan,707.6,37.1,0.37,21.71,90.2,7.15
2022-09-19 06:30:00.000 -0400,Alan,708.1,27.2,0.37,21.69,119.5,7.15
2022-09-19 06:45:00.000 -0400,Alan,713.4,21.77,0.37,21.71,94.6,7.14
2022-09-19 07:00:00.000 -0400,Alan,711.2,20.08,0.37,21.73,97.0,7.11
2022-09-19 07:15:00.000 -0400,Alan,708.4,28.89,0.37,21.7,92.0,7.12
2022-09-19 07:30:00.000 -0400,Alan,706.1,35.49,0.37,21.71,102.3,7.13
2022-09-19 07:45:00.000 -0400,Alan,707.1,34.23,0.37,21.69,97.9,7.14
2022-09-19 08:00:00.000 -0400,Alan,708.3,38.55,0.37,21.66,98.8,7.16
2022-09-19 08:15:00.000 -0400,Alan,700.7,42.11,0.37,21.72,143.1,7.19
2022-09-19 08:30:00.000 -0400,Alan,709.8,32.41,0.37,21.72,116.0,7.13
2022-09-19 08:45:00.000 -0400,Alan,707.4,31.66,0.37,21.71,145.6,7.11
2022-09-19 09:00:00.000 -0400,Alan,709.4,36.23,0.37,21.75,130.9,7.14
2022-09-19 09:15:00.000 -0400,Alan,704.0,42.32,0.37,21.78,106.8,7.19
2022-09-19 09:30:00.000 -0400,Alan,703.1,40.53,0.37,21.82,105.4,7.19
2022-09-19 09:45:00.000 -0400,Alan,703.0,46.5,0.37,21.81,140.2,7.21
2022-09-19 10:00:00.000 -0400,Alan,700.8,46.82,0.36,21.85,151.0,7.21
2022-09-19 10:15:00.000 -0400,Alan,707.8,45.7,0.37,21.81,121.9,7.2
2022-09-19 10:30:00.000 -0400,Alan,705.9,42.82,0.37,21.9,121.9,7.2
2022-09-19 10:45:00.000 -0400,Alan,700.2,49.06,0.36,21.91,150.4,7.24
2022-09-19 11:00:00.000 -0400,Alan,703.5,51.74,0.37,21.94,132.0,7.23
2022-09-19 11:15:00.000 -0400,Alan,706.8,46.76,0.37,21.89,132.6,7.19
2022-09-19 11:30:00.000 -0400,Alan,714.7,47.25,0.37,21.87,121.8,7.16
2022-09-19 11:45:00.000 -0400,Alan,717.5,45.23,0.37,21.84,140.1,7.15
2022-09-19 12:00:00.000 -0400,Alan,710.1,50.48,0.37,21.97,124.9,7.2
2022-09-19 12:15:00.000 -0400,Alan,710.9,50.18,0.37,21.95,100.2,7.21
2022-09-19 12:30:00.000 -0400,Alan,715.3,50.16,0.37,21.99,135.8,7.19
2022-09-19 12:45:00.000 -0400,Alan,703.9,53.8,0.36,22.08,121.7,7.24
2022-09-19 13:00:00.000 -0400,Alan,705.3,56.53,0.36,22.09,120.8,7.25
2022-09-19 13:15:00.000 -0400,Alan,702.0,57.07,0.36,22.14,146.5,7.27
2022-09-19 13:30:00.000 -0400,Alan,705.6,56.84,0.36,22.13,127.3,7.26
2022-09-19 13:45:00.000 -0400,Alan,710.9,55.17,0.37,22.09,139.6,7.25
2022-09-19 14:00:00.000 -0400,Alan,710.4,51.84,0.37,22.05,134.4,7.21
2022-09-19 14:15:00.000 -0400,Alan,710.7,48.94,0.37,22.03,139.3,7.2
2022-09-19 14:30:00.000 -0400,Alan,709.2,54.06,0.37,22.11,116.9,7.24
2022-09-19 14:45:00.000 -0400,Alan,705.6,59.46,0.36,22.25,116.6,7.27
2022-09-19 15:00:00.000 -0400,Alan,705.6,60.61,0.36,22.24,127.6,7.28
2022-09-19 15:15:00.000 -0400,Alan,705.6,59.04,0.36,22.21,94.2,7.27
2022-09-19 15:30:00.000 -0400,Alan,710.9,54.61,0.37,22.13,109.0,7.24
2022-09-19 15:45:00.000 -0400,Alan,712.9,51.64,0.37,22.06,102.1,7.21
2022-09-19 16:00:00.000 -0400,Alan,711.0,48.63,0.37,22.08,124.5,7.19
2022-09-19 16:15:00.000 -0400,Alan,707.3,51.97,0.37,22.11,120.6,7.21
2022-09-19 16:30:00.000 -0400,Alan,712.0,56.28,0.37,22.2,142.9,7.24
2022-09-19 16:45:00.000 -0400,Alan,710.1,58.17,0.37,22.21,111.5,7.25
2022-09-19 17:00:00.000 -0400,Alan,709.1,56.85,0.37,22.24,120.0,7.24
2022-09-19 17:15:00.000 -0400,Alan,711.1,51.38,0.37,22.13,127.2,7.21
2022-09-19 17:30:00.000 -0400,Alan,707.1,58.03,0.36,22.22,110.3,7.25
2022-09-19 17:45:00.000 -0400,Alan,707.3,58.23,0.37,22.21,127.6,7.27
2022-09-19 18:00:00.000 -0400,Alan,707.1,51.63,0.37,22.13,111.2,7.22
2022-09-19 18:15:00.000 -0400,Alan,710.3,52.65,0.37,22.12,105.1,7.22
2022-09-19 18:30:00.000 -0400,Alan,713.4,51.95,0.37,22.16,116.1,7.21
2022-09-19 18:45:00.000 -0400,Alan,711.6,50.39,0.37,22.16,114.8,7.2
2022-09-19 19:00:00.000 -0400,Alan,714.5,48.79,0.37,22.09,128.5,7.19
2022-09-19 19:15:00.000 -0400,Alan,714.5,48.9,0.37,22.13,125.1,7.19
2022-09-19 19:30:00.000 -0400,Alan,716.5,45.57,0.37,22.16,117.1,7.18
2022-09-19 19:45:00.000 -0400,Alan,717.0,47.06,0.37,22.17,138.8,7.16
2022-09-19 20:00:00.000 -0400,Alan,727.1,51.09,0.38,22.2,133.1,7.18
2022-09-19 20:15:00.000 -0400,Alan,717.2,50.41,0.37,22.22,112.8,7.17
2022-09-19 20:30:00.000 -0400,Alan,724.0,42.88,0.37,22.23,118.8,7.15
2022-09-19 20:45:00.000 -0400,Alan,745.8,38.11,0.39,22.25,123.2,7.11
2022-09-19 21:00:00.000 -0400,Alan,766.9,22.58,0.4,22.29,124.7,7.05
2022-09-19 21:15:00.000 -0400,Alan,766.6,21.77,0.4,22.29,114.7,7.01
2022-09-19 21:30:00.000 -0400,Alan,756.5,31.86,0.39,22.29,127.5,7.06
2022-09-19 21:45:00.000 -0400,Alan,746.7,17.7,0.39,22.29,127.6,7.09
2022-09-19 22:00:00.000 -0400,Alan,743.4,15.21,0.38,22.32,130.5,7.09
2022-09-19 22:15:00.000 -0400,Alan,745.1,17.09,0.38,22.32,129.7,7.08
2022-09-19 22:30:00.000 -0400,Alan,750.1,14.63,0.39,22.32,145.2,7.06
2022-09-19 22:45:00.000 -0400,Alan,748.7,14.18,0.39,22.29,146.1,7.06
2022-09-19 23:00:00.000 -0400,Alan,731.6,33.18,0.38,22.25,137.8,7.12
2022-09-19 23:15:00.000 -0400,Alan,731.0,28.0,0.38,22.26,147.7,7.11
2022-09-19 23:30:00.000 -0400,Alan,752.7,16.91,0.39,22.31,149.9,7.07
2022-09-19 23:45:00.000 -0400,Alan,757.6,25.21,0.39,22.3,137.8,7.04
2022-09-20 00:00:00.000 -0400,Alan,761.8,29.7,0.39,22.31,143.6,7.02
2022-09-20 00:15:00.000 -0400,Alan,756.6,32.15,0.39,22.29,150.5,7.02
2022-09-20 00:30:00.000 -0400,Alan,741.7,36.6,0.38,22.26,147.1,7.07
2022-09-20 00:45:00.000 -0400,Alan,737.7,34.92,0.38,22.23,136.1,7.07
2022-09-20 01:00:00.000 -0400,Alan,738.3,35.13,0.38,22.23,149.1,7.09
2022-09-20 01:15:00.000 -0400,Alan,755.0,29.23,0.39,22.23,127.7,7.02
2022-09-20 01:30:00.000 -0400,Alan,740.6,35.89,0.38,22.17,148.2,7.06
2022-09-20 01:45:00.000 -0400,Alan,730.4,32.97,0.38,22.15,151.8,7.08
2022-09-20 02:00:00.000 -0400,Alan,728.1,32.38,0.38,22.12,130.9,7.11
2022-09-20 02:15:00.000 -0400,Alan,719.1,32.98,0.37,22.07,133.4,7.12
2022-09-20 02:30:00.000 -0400,Alan,738.9,25.3,0.38,22.1,135.9,7.04
2022-09-20 02:45:00.000 -0400,Alan,715.4,25.57,0.37,22.05,146.9,7.05
2022-09-20 03:00:00.000 -0400,Alan,712.4,30.25,0.37,22.0,151.5,7.1
2022-09-20 03:15:00.000 -0400,Alan,712.0,30.05,0.37,21.98,149.0,7.1
2022-09-20 03:30:00.000 -0400,Alan,710.5,28.66,0.37,21.94,139.4,7.1
2022-09-20 03:45:00.000 -0400,Alan,707.3,30.38,0.37,21.9,132.4,7.11
2022-09-20 04:00:00.000 -0400,Alan,706.3,31.95,0.37,21.9,162.2,7.11
2022-09-20 04:15:00.000 -0400,Alan,705.5,30.27,0.37,21.86,152.5,7.13
2022-09-20 04:30:00.000 -0400,Alan,707.2,31.69,0.37,21.84,143.5,7.14
2022-09-20 04:45:00.000 -0400,Alan,701.9,32.9,0.37,21.81,148.4,7.15
2022-09-20 05:00:00.000 -0400,Alan,704.6,32.87,0.37,21.77,149.7,7.15
2022-09-20 05:15:00.000 -0400,Alan,703.4,32.81,0.37,21.74,150.0,7.14
2022-09-20 05:30:00.000 -0400,Alan,702.0,32.93,0.37,21.71,141.2,7.14
2022-09-20 05:45:00.000 -0400,Alan,704.7,31.48,0.37,21.69,149.6,7.16
2022-09-20 06:00:00.000 -0400,Alan,700.9,31.15,0.37,21.66,155.7,7.15
2022-09-20 06:15:00.000 -0400,Alan,702.4,29.38,0.37,21.63,166.0,7.15
2022-09-20 06:30:00.000 -0400,Alan,700.3,32.02,0.37,21.62,166.3,7.16
2022-09-20 06:45:00.000 -0400,Alan,700.6,31.97,0.37,21.59,139.8,7.16
2022-09-20 07:00:00.000 -0400,Alan,700.2,31.53,0.37,21.55,145.4,7.16
2022-09-20 07:15:00.000 -0400,Alan,698.6,31.02,0.37,21.53,152.3,7.16
2022-09-20 07:30:00.000 -0400,Alan,697.4,32.76,0.37,21.52,201.3,7.16
2022-09-20 07:45:00.000 -0400,Alan,698.0,33.13,0.37,21.5,175.0,7.16
2022-09-20 08:00:00.000 -0400,Alan,697.9,33.89,0.37,21.5,171.0,7.17
2022-09-20 08:15:00.000 -0400,Alan,697.1,34.77,0.37,21.49,170.2,7.17
2022-09-20 08:30:00.000 -0400,Alan,698.9,34.81,0.37,21.47,194.2,7.17
2022-09-20 08:45:00.000 -0400,Alan,698.1,34.49,0.37,21.45,184.6,7.17
2022-09-20 09:00:00.000 -0400,Alan,697.8,32.64,0.37,21.44,188.9,7.16
2022-09-20 09:15:00.000 -0400,Alan,698.2,35.35,0.37,21.45,180.6,7.17
2022-09-20 09:30:00.000 -0400,Alan,700.2,33.9,0.37,21.47,198.9,7.17
2022-09-20 09:45:00.000 -0400,Alan,700.5,38.03,0.37,21.55,167.1,7.19
2022-09-20 10:00:00.000 -0400,Alan,700.6,37.78,0.37,21.55,175.5,7.18
2022-09-20 10:15:00.000 -0400,Alan,701.5,40.61,0.37,21.6,215.9,7.19
2022-09-20 10:30:00.000 -0400,Alan,701.7,43.74,0.37,21.67,175.7,7.21
2022-09-20 10:45:00.000 -0400,Alan,702.2,45.37,0.37,21.69,206.9,7.21
2022-09-20 11:00:00.000 -0400,Alan,702.1,46.09,0.37,21.72,207.7,7.22
2022-09-20 11:15:00.000 -0400,Alan,702.1,47.7,0.37,21.76,164.0,7.23
2022-09-20 11:30:00.000 -0400,Alan,702.9,52.9,0.37,21.79,145.3,7.24
2022-09-20 11:45:00.000 -0400,Alan,703.5,51.29,0.37,21.8,183.5,7.26
2022-09-20 12:00:00.000 -0400,Alan,699.9,55.13,0.36,21.88,187.8,7.28
2022-09-20 12:15:00.000 -0400,Alan,703.0,56.35,0.37,21.92,169.5,7.27
2022-09-20 12:30:00.000 -0400,Alan,700.7,59.08,0.36,21.94,170.0,7.29
2022-09-20 12:45:00.000 -0400,Alan,706.0,56.34,0.37,22.01,223.9,7.27
2022-09-20 13:00:00.000 -0400,Alan,704.0,58.55,0.37,21.98,205.5,7.29
2022-09-20 13:15:00.000 -0400,Alan,705.4,63.35,0.37,22.04,179.7,7.3
2022-09-20 13:30:00.000 -0400,Alan,703.7,63.82,0.36,22.06,158.1,7.31
2022-09-20 13:45:00.000 -0400,Alan,705.3,62.72,0.37,22.05,131.5,7.3
2022-09-20 14:00:00.000 -0400,Alan,707.4,58.89,0.37,22.04,209.3,7.28
2022-09-20 14:15:00.000 -0400,Alan,700.8,66.16,0.36,22.09,146.7,7.32
2022-09-20 14:30:00.000 -0400,Alan,701.2,67.36,0.36,22.07,206.8,7.33
2022-09-20 14:45:00.000 -0400,Alan,700.5,66.57,0.36,22.11,200.2,7.33
2022-09-20 15:00:00.000 -0400,Alan,702.1,66.8,0.36,22.15,195.5,7.33
2022-09-20 15:15:00.000 -0400,Alan,703.6,71.21,0.36,22.32,184.0,7.36
2022-09-20 15:30:00.000 -0400,Alan,705.1,66.66,0.36,22.24,196.6,7.32
2022-09-20 15:45:00.000 -0400,Alan,707.1,67.45,0.37,22.19,212.0,7.33
2022-09-20 16:00:00.000 -0400,Alan,702.6,64.04,0.36,22.12,182.7,7.31
2022-09-20 16:15:00.000 -0400,Alan,703.9,67.86,0.36,22.14,181.5,7.33
2022-09-20 16:30:00.000 -0400,Alan,705.1,69.89,0.36,22.32,189.4,7.35
2022-09-20 16:45:00.000 -0400,Alan,707.0,67.18,0.36,22.29,147.3,7.33
2022-09-20 17:00:00.000 -0400,Alan,704.3,68.01,0.36,22.29,149.9,7.34
2022-09-20 17:15:00.000 -0400,Alan,706.4,66.71,0.36,22.21,191.7,7.33
2022-09-20 17:30:00.000 -0400,Alan,705.9,66.14,0.36,22.12,186.0,7.33
2022-09-20 17:45:00.000 -0400,Alan,704.1,66.33,0.36,22.11,167.0,7.33
2022-09-20 18:00:00.000 -0400,Alan,705.5,68.09,0.36,22.15,148.5,7.34
2022-09-20 18:15:00.000 -0400,Alan,708.0,70.33,0.37,22.21,135.2,7.34
2022-09-20 18:30:00.000 -0400,Alan,708.6,72.54,0.36,22.34,156.9,7.36
2022-09-20 18:45:00.000 -0400,Alan,710.6,73.46,0.37,22.41,141.9,7.36
2022-09-20 19:00:00.000 -0400,Alan,717.5,70.15,0.37,22.43,182.6,7.32
2022-09-20 19:15:00.000 -0400,Alan,713.1,64.43,0.37,22.24,155.2,7.3
2022-09-20 19:30:00.000 -0400,Alan,709.9,65.81,0.37,22.23,198.9,7.31
2022-09-20 19:45:00.000 -0400,Alan,709.4,65.66,0.37,22.16,167.3,7.31
2022-09-20 20:00:00.000 -0400,Alan,722.1,63.63,0.37,22.26,156.1,7.26
2022-09-20 20:15:00.000 -0400,Alan,768.8,52.68,0.4,22.44,148.7,7.07
2022-09-20 20:30:00.000 -0400,Alan,761.8,54.32,0.39,22.49,155.7,7.1
2022-09-20 20:45:00.000 -0400,Alan,741.1,57.75,0.38,22.52,146.3,7.16
2022-09-20 21:00:00.000 -0400,Alan,732.9,58.3,0.38,22.54,148.6,7.16
2022-09-20 21:15:00.000 -0400,Alan,730.1,57.87,0.37,22.54,153.7,7.2
2022-09-20 21:30:00.000 -0400,Alan,748.3,57.07,0.38,22.55,155.3,7.16
2022-09-20 21:45:00.000 -0400,Alan,744.1,55.83,0.38,22.43,157.9,7.18
2022-09-20 22:00:00.000 -0400,Alan,742.3,53.19,0.38,22.4,145.6,7.15
2022-09-20 22:15:00.000 -0400,Alan,742.6,51.0,0.38,22.4,146.3,7.15
2022-09-20 22:30:00.000 -0400,Alan,737.2,54.45,0.38,22.38,150.3,7.18
2022-09-20 22:45:00.000 -0400,Alan,732.3,52.47,0.38,22.39,162.8,7.2
2022-09-20 23:00:00.000 -0400,Alan,724.2,55.05,0.37,22.35,158.9,7.25
2022-09-20 23:15:00.000 -0400,Alan,726.6,56.35,0.37,22.35,162.4,7.28
2022-09-20 23:30:00.000 -0400,Alan,724.1,57.1,0.37,22.32,159.0,7.28
2022-09-20 23:45:00.000 -0400,Alan,723.9,61.83,0.37,22.28,154.8,7.3
2022-09-21 00:00:00.000 -0400,Alan,721.6,56.89,0.37,22.29,155.0,7.29
2022-09-21 00:15:00.000 -0400,Alan,720.7,57.95,0.37,22.24,159.5,7.29
2022-09-21 00:30:00.000 -0400,Alan,718.8,57.31,0.37,22.18,164.5,7.28
2022-09-21 00:45:00.000 -0400,Alan,715.8,61.57,0.37,22.14,156.9,7.31
2022-09-21 01:00:00.000 -0400,Alan,717.0,61.23,0.37,22.14,163.6,7.3
2022-09-21 01:15:00.000 -0400,Alan,715.1,58.03,0.37,22.11,151.2,7.29
2022-09-21 01:30:00.000 -0400,Alan,708.2,58.32,0.37,22.06,184.9,7.3
2022-09-21 01:45:00.000 -0400,Alan,705.0,55.81,0.37,22.03,166.8,7.31
2022-09-21 02:00:00.000 -0400,Alan,701.9,55.28,0.36,21.98,175.1,7.3
2022-09-21 02:15:00.000 -0400,Alan,702.7,54.54,0.36,21.95,175.4,7.3
2022-09-21 02:30:00.000 -0400,Alan,702.1,57.35,0.36,21.9,171.1,7.3
2022-09-21 02:45:00.000 -0400,Alan,701.3,55.43,0.36,21.87,172.0,7.3
2022-09-21 03:00:00.000 -0400,Alan,700.5,53.73,0.36,21.84,180.3,7.29
2022-09-21 03:15:00.000 -0400,Alan,700.0,52.33,0.36,21.78,156.5,7.29
2022-09-21 03:30:00.000 -0400,Alan,699.5,55.16,0.36,21.74,196.9,7.29
2022-09-21 03:45:00.000 -0400,Alan,698.7,52.08,0.36,21.69,185.8,7.29
2022-09-21 04:00:00.000 -0400,Alan,699.1,52.49,0.37,21.65,198.5,7.28
2022-09-21 04:15:00.000 -0400,Alan,697.4,50.84,0.36,21.6,168.9,7.28
2022-09-21 04:30:00.000 -0400,Alan,697.4,52.95,0.36,21.56,202.4,7.28
2022-09-21 04:45:00.000 -0400,Alan,696.5,50.69,0.36,21.54,195.8,7.28
2022-09-21 05:00:00.000 -0400,Alan,699.7,47.84,0.37,21.5,193.8,7.27
2022-09-21 05:15:00.000 -0400,Alan,699.2,47.78,0.37,21.45,179.5,7.27
2022-09-21 05:30:00.000 -0400,Alan,698.5,47.16,0.37,21.41,184.5,7.26
2022-09-21 05:45:00.000 -0400,Alan,697.4,45.16,0.37,21.36,207.1,7.25
2022-09-21 06:00:00.000 -0400,Alan,697.6,46.31,0.37,21.33,183.5,7.25
2022-09-21 06:15:00.000 -0400,Alan,697.3,45.03,0.37,21.29,214.8,7.25
2022-09-21 06:30:00.000 -0400,Alan,697.0,44.51,0.37,21.26,206.9,7.25
2022-09-21 06:45:00.000 -0400,Alan,695.3,46.69,0.37,21.23,202.9,7.25
2022-09-21 07:00:00.000 -0400,Alan,695.6,42.42,0.37,21.22,211.0,7.25
2022-09-21 07:15:00.000 -0400,Alan,695.0,42.89,0.37,21.17,215.7,7.25
2022-09-21 07:30:00.000 -0400,Alan,694.2,43.8,0.37,21.16,191.5,7.25
2022-09-21 07:45:00.000 -0400,Alan,693.6,45.02,0.37,21.12,232.9,7.25
2022-09-21 08:00:00.000 -0400,Alan,692.3,47.6,0.37,21.08,220.0,7.26
2022-09-21 08:15:00.000 -0400,Alan,693.0,48.37,0.37,21.05,221.0,7.26
2022-09-21 08:30:00.000 -0400,Alan,692.9,47.28,0.37,21.04,258.2,7.25
2022-09-21 08:45:00.000 -0400,Alan,692.8,48.29,0.37,21.05,218.2,7.26
2022-09-21 09:00:00.000 -0400,Alan,693.3,45.85,0.37,21.08,240.2,7.25
2022-09-21 09:15:00.000 -0400,Alan,694.3,44.57,0.37,21.11,160.3,7.24
2022-09-21 09:30:00.000 -0400,Alan,696.7,44.48,0.37,21.17,241.8,7.23
2022-09-21 09:45:00.000 -0400,Alan,696.5,43.77,0.37,21.22,243.6,7.23
2022-09-21 10:00:00.000 -0400,Alan,697.6,43.14,0.37,21.31,263.7,7.23
2022-09-21 10:15:00.000 -0400,Alan,698.4,42.31,0.37,21.44,254.2,7.23
2022-09-21 10:30:00.000 -0400,Alan,697.8,42.83,0.37,21.43,223.9,7.23
2022-09-21 10:45:00.000 -0400,Alan,697.4,43.55,0.37,21.42,251.1,7.23
2022-09-21 11:00:00.000 -0400,Alan,698.2,43.0,0.37,21.5,235.6,7.23
2022-09-21 11:15:00.000 -0400,Alan,701.0,43.8,0.37,21.56,208.6,7.23
2022-09-21 11:30:00.000 -0400,Alan,700.7,42.77,0.37,21.58,198.5,7.22
2022-09-21 11:45:00.000 -0400,Alan,700.2,44.18,0.37,21.55,220.8,7.23
2022-09-21 12:00:00.000 -0400,Alan,700.3,42.36,0.37,21.57,158.7,7.23
2022-09-21 12:15:00.000 -0400,Alan,702.7,43.41,0.37,21.61,152.2,7.23
2022-09-21 12:30:00.000 -0400,Alan,702.3,46.56,0.37,21.67,179.0,7.24
2022-09-21 12:45:00.000 -0400,Alan,705.1,45.35,0.37,21.73,136.3,7.23
2022-09-21 13:00:00.000 -0400,Alan,703.7,46.84,0.37,21.77,208.8,7.24
2022-09-21 13:15:00.000 -0400,Alan,703.1,45.1,0.37,21.69,214.8,7.24
2022-09-21 13:30:00.000 -0400,Alan,701.8,47.16,0.37,21.68,203.9,7.25
2022-09-21 13:45:00.000 -0400,Alan,702.0,46.36,0.37,21.76,237.4,7.24
2022-09-21 14:00:00.000 -0400,Alan,701.5,49.7,0.36,21.88,181.2,7.26
2022-09-21 14:15:00.000 -0400,Alan,701.7,47.77,0.36,21.9,184.0,7.25
2022-09-21 14:30:00.000 -0400,Alan,701.1,47.61,0.36,21.83,201.0,7.26
2022-09-21 14:45:00.000 -0400,Alan,700.4,47.18,0.36,21.81,155.9,7.25
2022-09-21 15:00:00.000 -0400,Alan,701.7,47.78,0.37,21.8,169.9,7.25
2022-09-21 15:15:00.000 -0400,Alan,700.6,47.02,0.36,21.82,167.6,7.25
2022-09-21 15:30:00.000 -0400,Alan,701.6,47.3,0.36,21.87,160.5,7.24
2022-09-21 15:45:00.000 -0400,Alan,702.0,47.29,0.37,21.86,150.0,7.25
2022-09-21 16:00:00.000 -0400,Alan,693.2,48.36,0.36,21.91,154.0,7.26
2022-09-21 16:15:00.000 -0400,Alan,699.2,48.61,0.36,21.94,144.4,7.26
2022-09-21 16:30:00.000 -0400,Alan,698.3,48.48,0.36,21.93,172.4,7.25
2022-09-21 16:45:00.000 -0400,Alan,698.5,48.13,0.36,21.91,141.4,7.25
2022-09-21 17:00:00.000 -0400,Alan,698.0,48.05,0.36,21.91,146.4,7.25
2022-09-21 17:15:00.000 -0400,Alan,699.1,35.54,0.36,21.97,141.2,7.24
2022-09-21 17:30:00.000 -0400,Alan,700.9,40.65,0.36,21.99,135.0,7.23
2022-09-21 17:45:00.000 -0400,Alan,701.3,47.54,0.36,21.96,142.0,7.25
2022-09-21 18:00:00.000 -0400,Alan,702.0,45.97,0.36,21.91,131.4,7.24
2022-09-21 18:15:00.000 -0400,Alan,702.4,46.98,0.36,21.94,161.3,7.24
2022-09-21 18:30:00.000 -0400,Alan,704.9,47.53,0.37,21.93,151.1,7.25
2022-09-21 18:45:00.000 -0400,Alan,699.1,45.43,0.36,21.94,132.2,7.24
2022-09-21 19:00:00.000 -0400,Alan,704.1,48.21,0.37,21.91,147.9,7.25
2022-09-21 19:15:00.000 -0400,Alan,705.1,46.23,0.37,21.93,138.7,7.25
2022-09-21 19:30:00.000 -0400,Alan,704.7,47.51,0.37,21.99,146.9,7.25
2022-09-21 19:45:00.000 -0400,Alan,707.4,50.55,0.37,21.99,121.6,7.26
2022-09-21 20:00:00.000 -0400,Alan,706.7,48.66,0.37,22.0,139.4,7.25
2022-09-21 20:15:00.000 -0400,Alan,707.3,48.54,0.37,21.98,155.4,7.25
2022-09-21 20:30:00.000 -0400,Alan,705.5,47.26,0.37,21.94,134.8,7.23
2022-09-21 20:45:00.000 -0400,Alan,704.9,48.05,0.37,21.94,138.9,7.24
2022-09-21 21:00:00.000 -0400,Alan,707.0,49.12,0.37,21.99,146.4,7.24
2022-09-21 21:15:00.000 -0400,Alan,707.1,41.77,0.37,21.93,150.9,7.23
2022-09-21 21:30:00.000 -0400,Alan,704.7,43.36,0.37,21.97,162.1,7.23
2022-09-21 21:45:00.000 -0400,Alan,709.7,39.77,0.37,22.0,154.2,7.23
2022-09-21 22:00:00.000 -0400,Alan,711.5,44.82,0.37,22.03,155.5,7.21
2022-09-21 22:15:00.000 -0400,Alan,717.7,40.98,0.37,22.0,175.0,7.18
2022-09-21 22:30:00.000 -0400,Alan,734.3,36.33,0.38,22.05,173.8,7.11
2022-09-21 22:45:00.000 -0400,Alan,741.1,29.78,0.38,22.06,175.4,7.07
2022-09-21 23:00:00.000 -0400,Alan,752.9,29.14,0.39,22.12,170.7,7.08
2022-09-21 23:15:00.000 -0400,Alan,767.6,21.15,0.4,22.12,163.3,7.02
2022-09-21 23:30:00.000 -0400,Alan,758.8,26.94,0.39,22.1,175.1,7.01
2022-09-21 23:45:00.000 -0400,Alan,764.3,27.13,0.4,22.14,180.6,7.0
2022-09-22 00:00:00.000 -0400,Alan,749.0,29.32,0.39,22.09,193.6,7.05
2022-09-22 00:15:00.000 -0400,Alan,755.3,28.89,0.39,22.09,188.5,7.04
2022-09-22 00:30:00.000 -0400,Alan,755.2,31.49,0.39,22.1,173.9,7.04
2022-09-22 00:45:00.000 -0400,Alan,753.5,33.1,0.39,22.08,176.8,7.05
2022-09-22 01:00:00.000 -0400,Alan,744.1,27.41,0.39,22.09,201.7,7.05
2022-09-22 01:15:00.000 -0400,Alan,747.7,21.68,0.39,22.09,174.3,7.03
2022-09-22 01:30:00.000 -0400,Alan,748.1,29.01,0.39,22.1,170.5,7.05
2022-09-22 01:45:00.000 -0400,Alan,744.3,31.97,0.39,22.11,166.6,7.05
2022-09-22 02:00:00.000 -0400,Alan,740.3,29.23,0.38,22.08,172.5,7.04
2022-09-22 02:15:00.000 -0400,Alan,739.7,35.59,0.38,22.05,181.3,7.08
2022-09-22 02:30:00.000 -0400,Alan,730.4,30.44,0.38,22.04,183.4,7.09
2022-09-22 02:45:00.000 -0400,Alan,728.0,28.65,0.38,22.04,185.5,7.09
2022-09-22 03:00:00.000 -0400,Alan,729.6,23.77,0.38,22.03,186.2,7.08
2022-09-22 03:15:00.000 -0400,Alan,736.1,27.64,0.38,22.03,192.8,7.08
2022-09-22 03:30:00.000 -0400,Alan,731.3,27.73,0.38,22.02,195.9,7.09
2022-09-22 03:45:00.000 -0400,Alan,731.8,33.96,0.38,22.03,201.6,7.1
2022-09-22 04:00:00.000 -0400,Alan,728.7,32.61,0.38,22.02,135.5,7.11
2022-09-22 04:15:00.000 -0400,Alan,728.6,32.44,0.38,22.0,183.8,7.11
2022-09-22 04:30:00.000 -0400,Alan,720.4,33.32,0.37,21.98,211.2,7.13
2022-09-22 04:45:00.000 -0400,Alan,721.0,33.19,0.37,21.96,194.3,7.13
2022-09-22 05:00:00.000 -0400,Alan,722.1,31.82,0.37,21.97,210.0,7.14
2022-09-22 05:15:00.000 -0400,Alan,720.1,33.09,0.37,21.92,212.3,7.15
2022-09-22 05:30:00.000 -0400,Alan,722.4,34.68,0.38,21.94,224.4,7.16
2022-09-22 05:45:00.000 -0400,Alan,719.8,37.23,0.37,21.93,173.5,7.16
2022-09-22 06:00:00.000 -0400,Alan,721.5,34.2,0.38,21.92,230.3,7.14
2022-09-22 06:15:00.000 -0400,Alan,718.7,35.84,0.37,21.91,207.3,7.15
2022-09-22 06:30:00.000 -0400,Alan,716.2,40.74,0.37,21.91,247.6,7.19
2022-09-22 06:45:00.000 -0400,Alan,713.9,38.47,0.37,21.89,234.0,7.19
2022-09-22 07:00:00.000 -0400,Alan,712.3,37.61,0.37,21.86,234.1,7.2
2022-09-22 07:15:00.000 -0400,Alan,707.9,37.32,0.37,21.85,199.4,7.19
2022-09-22 07:30:00.000 -0400,Alan,716.7,33.43,0.37,21.83,190.3,7.16
2022-09-22 07:45:00.000 -0400,Alan,715.8,32.95,0.37,21.82,186.2,7.15
2022-09-22 08:00:00.000 -0400,Alan,711.9,35.5,0.37,21.82,220.1,7.17
2022-09-22 08:15:00.000 -0400,Alan,711.3,34.83,0.37,21.83,185.3,7.17
2022-09-22 08:30:00.000 -0400,Alan,713.9,33.32,0.37,21.82,199.5,7.16
2022-09-22 08:45:00.000 -0400,Alan,710.0,34.37,0.37,21.82,197.7,7.18
2022-09-22 09:00:00.000 -0400,Alan,709.2,34.68,0.37,21.83,211.1,7.19
2022-09-22 09:15:00.000 -0400,Alan,710.2,36.53,0.37,21.84,232.2,7.19
2022-09-22 09:30:00.000 -0400,Alan,707.9,40.65,0.37,21.87,215.6,7.21
2022-09-22 09:45:00.000 -0400,Alan,704.9,40.42,0.37,21.88,209.2,7.22
2022-09-22 10:00:00.000 -0400,Alan,707.9,37.79,0.37,21.86,180.4,7.21
2022-09-22 10:15:00.000 -0400,Alan,709.1,38.05,0.37,21.87,194.5,7.2
2022-09-22 10:30:00.000 -0400,Alan,709.0,34.56,0.37,21.84,183.5,7.19
2022-09-22 10:45:00.000 -0400,Alan,709.3,36.69,0.37,21.86,170.5,7.19
2022-09-22 11:00:00.000 -0400,Alan,708.4,38.04,0.37,21.86,176.0,7.19
2022-09-22 11:15:00.000 -0400,Alan,706.0,40.31,0.37,21.88,184.9,7.2
2022-09-22 11:30:00.000 -0400,Alan,701.0,46.09,0.36,21.86,168.5,7.22
2022-09-22 11:45:00.000 -0400,Alan,702.9,45.84,0.37,21.84,188.7,7.21
2022-09-22 12:00:00.000 -0400,Alan,703.7,41.4,0.37,21.85,237.4,7.19
2022-09-22 12:15:00.000 -0400,Alan,709.1,37.29,0.37,21.86,231.7,7.19
2022-09-22 12:30:00.000 -0400,Alan,713.5,35.96,0.37,21.81,200.9,7.18
2022-09-22 12:45:00.000 -0400,Alan,697.1,40.93,0.36,21.79,218.4,7.19
2022-09-22 13:00:00.000 -0400,Alan,712.1,37.25,0.37,21.74,208.0,7.16
2022-09-22 13:15:00.000 -0400,Alan,696.8,42.24,0.36,21.74,220.3,7.2
2022-09-22 13:30:00.000 -0400,Alan,696.8,34.05,0.36,21.7,137.7,7.15
2022-09-22 13:45:00.000 -0400,Alan,668.2,39.28,0.35,21.65,129.2,7.16
2022-09-22 14:00:00.000 -0400,Alan,663.6,43.5,0.35,21.65,147.5,7.18
2022-09-22 14:15:00.000 -0400,Alan,670.5,41.05,0.35,21.63,159.4,7.17
2022-09-22 14:30:00.000 -0400,Alan,662.3,44.16,0.35,21.63,131.4,7.19
2022-09-22 14:45:00.000 -0400,Alan,669.6,45.66,0.35,21.69,164.6,7.21
2022-09-22 15:00:00.000 -0400,Alan,684.2,47.67,0.36,21.78,148.6,7.23
2022-09-22 15:15:00.000 -0400,Alan,682.2,48.69,0.35,21.82,188.9,7.22
2022-09-22 15:30:00.000 -0400,Alan,680.7,47.91,0.35,21.8,158.2,7.23
2022-09-22 15:45:00.000 -0400,Alan,678.0,48.09,0.35,21.8,136.8,7.23
2022-09-22 16:00:00.000 -0400,Alan,681.2,50.0,0.35,21.85,139.1,7.24
2022-09-22 16:15:00.000 -0400,Alan,673.3,50.56,0.35,21.81,125.9,7.24
2022-09-22 16:30:00.000 -0400,Alan,679.5,52.4,0.35,21.87,102.4,7.25
2022-09-22 16:45:00.000 -0400,Alan,682.8,52.6,0.35,21.89,101.2,7.25
2022-09-22 17:00:00.000 -0400,Alan,688.7,55.4,0.36,21.9,152.7,7.27
2022-09-22 17:15:00.000 -0400,Alan,688.5,55.17,0.36,21.88,110.8,7.27
2022-09-22 17:30:00.000 -0400,Alan,686.0,51.98,0.36,21.83,126.3,7.25
2022-09-22 17:45:00.000 -0400,Alan,678.3,51.58,0.35,21.76,99.0,7.24
2022-09-22 18:00:00.000 -0400,Alan,673.2,53.17,0.35,21.69,107.5,7.24
2022-09-22 18:15:00.000 -0400,Alan,654.3,46.02,0.34,21.56,131.5,7.21
2022-09-22 18:30:00.000 -0400,Alan,655.3,47.13,0.34,21.51,100.6,7.2
2022-09-22 18:45:00.000 -0400,Alan,648.9,43.43,0.34,21.44,134.3,7.17
2022-09-22 19:00:00.000 -0400,Alan,653.0,44.88,0.34,21.35,125.7,7.18
2022-09-22 19:15:00.000 -0400,Alan,657.3,46.24,0.35,21.29,88.4,7.19
2022-09-22 19:30:00.000 -0400,Alan,652.3,45.04,0.34,21.24,128.7,7.19
2022-09-22 19:45:00.000 -0400,Alan,651.7,42.2,0.34,21.15,96.4,7.17
2022-09-22 20:00:00.000 -0400,Alan,648.0,40.97,0.34,21.08,133.4,7.18
2022-09-22 20:15:00.000 -0400,Alan,654.5,44.1,0.35,21.07,141.3,7.2
2022-09-22 20:30:00.000 -0400,Alan,650.2,43.34,0.34,20.99,117.8,7.2
2022-09-22 20:45:00.000 -0400,Alan,652.1,41.7,0.34,20.98,175.8,7.19
2022-09-22 21:00:00.000 -0400,Alan,651.4,41.4,0.35,20.9,135.9,7.18
2022-09-22 21:15:00.000 -0400,Alan,651.0,41.0,0.35,20.89,137.6,7.18
2022-09-22 21:30:00.000 -0400,Alan,646.5,40.61,0.34,20.82,120.4,7.18
2022-09-22 21:45:00.000 -0400,Alan,647.8,40.77,0.34,20.77,119.9,7.18
2022-09-22 22:00:00.000 -0400,Alan,648.5,39.1,0.34,20.74,117.7,7.18
2022-09-22 22:15:00.000 -0400,Alan,650.1,38.65,0.35,20.69,137.0,7.18
2022-09-22 22:30:00.000 -0400,Alan,648.2,39.73,0.35,20.65,112.9,7.18
2022-09-22 22:45:00.000 -0400,Alan,648.4,35.56,0.35,20.63,123.7,7.18
2022-09-22 23:00:00.000 -0400,Alan,652.7,36.28,0.35,20.59,119.4,7.17
2022-09-22 23:15:00.000 -0400,Alan,654.9,34.64,0.35,20.59,127.5,7.17
2022-09-22 23:30:00.000 -0400,Alan,658.4,30.8,0.35,20.57,108.4,7.17
2022-09-22 23:45:00.000 -0400,Alan,658.7,29.54,0.35,20.51,126.5,7.17
2022-09-23 00:00:00.000 -0400,Alan,659.2,29.11,0.35,20.49,130.6,7.17
2022-09-23 00:15:00.000 -0400,Alan,659.0,29.15,0.35,20.48,117.2,7.17
2022-09-23 00:30:00.000 -0400,Alan,660.6,28.71,0.35,20.45,127.9,7.17
2022-09-23 00:45:00.000 -0400,Alan,660.7,26.83,0.35,20.4,142.2,7.15
2022-09-23 01:00:00.000 -0400,Alan,659.6,28.91,0.35,20.34,145.5,7.16
2022-09-23 01:15:00.000 -0400,Alan,659.5,27.25,0.35,20.34,129.0,7.16
2022-09-23 01:30:00.000 -0400,Alan,659.5,28.43,0.35,20.29,141.4,7.15
2022-09-23 01:45:00.000 -0400,Alan,655.6,31.02,0.35,20.22,139.3,7.16
2022-09-23 02:00:00.000 -0400,Alan,657.3,32.25,0.35,20.18,127.6,7.16
2022-09-23 02:15:00.000 -0400,Alan,655.6,31.4,0.35,20.12,146.4,7.16
2022-09-23 02:30:00.000 -0400,Alan,655.5,30.76,0.35,20.09,141.4,7.16
2022-09-23 02:45:00.000 -0400,Alan,655.0,31.89,0.35,20.03,139.0,7.15
2022-09-23 03:00:00.000 -0400,Alan,655.4,31.14,0.35,19.98,145.9,7.16
2022-09-23 03:15:00.000 -0400,Alan,655.4,30.16,0.36,19.93,132.4,7.16
2022-09-23 03:30:00.000 -0400,Alan,655.2,30.93,0.36,19.88,136.9,7.16
2022-09-23 03:45:00.000 -0400,Alan,653.1,29.4,0.35,19.83,125.9,7.16
2022-09-23 04:00:00.000 -0400,Alan,653.2,30.76,0.36,19.79,163.6,7.17
2022-09-23 04:15:00.000 -0400,Alan,652.9,31.12,0.36,19.74,145.4,7.17
2022-09-23 04:30:00.000 -0400,Alan,653.5,31.26,0.36,19.7,150.0,7.17
2022-09-23 04:45:00.000 -0400,Alan,654.0,32.46,0.36,19.68,146.7,7.17
2022-09-23 05:00:00.000 -0400,Alan,650.5,31.31,0.36,19.58,111.0,7.17
2022-09-23 05:15:00.000 -0400,Alan,652.3,32.0,0.36,19.6,167.5,7.17
2022-09-23 05:30:00.000 -0400,Alan,653.4,30.21,0.36,19.5,123.3,7.17
2022-09-23 05:45:00.000 -0400,Alan,649.5,30.93,0.36,19.42,133.2,7.17
2022-09-23 06:00:00.000 -0400,Alan,650.6,32.32,0.36,19.4,158.4,7.17
2022-09-23 06:15:00.000 -0400,Alan,651.4,31.48,0.36,19.37,149.8,7.18
2022-09-23 06:30:00.000 -0400,Alan,648.1,30.57,0.36,19.29,145.4,7.18
2022-09-23 06:45:00.000 -0400,Alan,651.2,31.86,0.36,19.27,132.0,7.18
2022-09-23 07:00:00.000 -0400,Alan,650.3,32.89,0.36,19.25,163.5,7.19
2022-09-23 07:15:00.000 -0400,Alan,650.0,31.1,0.36,19.23,151.1,7.19
2022-09-23 07:30:00.000 -0400,Alan,650.1,32.92,0.36,19.15,144.4,7.19
2022-09-23 07:45:00.000 -0400,Alan,650.3,34.34,0.36,19.11,143.0,7.2
2022-09-23 08:00:00.000 -0400,Alan,650.4,34.27,0.36,19.06,101.3,7.2
2022-09-23 08:15:00.000 -0400,Alan,649.3,34.47,0.36,19.0,91.3,7.2
2022-09-23 08:30:00.000 -0400,Alan,648.3,33.83,0.36,18.94,139.0,7.19
2022-09-23 08:45:00.000 -0400,Alan,647.5,34.08,0.36,18.93,116.0,7.2
2022-09-23 09:00:00.000 -0400,Alan,646.8,34.45,0.36,18.86,151.1,7.19
2022-09-23 09:15:00.000 -0400,Alan,647.2,35.86,0.36,18.91,89.3,7.21
2022-09-23 09:30:00.000 -0400,Alan,647.8,36.52,0.36,18.94,130.7,7.22
2022-09-23 09:45:00.000 -0400,Alan,649.4,37.0,0.36,19.03,128.2,7.23
2022-09-23 10:00:00.000 -0400,Alan,649.9,37.44,0.36,19.1,133.4,7.23
2022-09-23 10:15:00.000 -0400,Alan,652.9,37.01,0.36,19.27,134.4,7.23
2022-09-23 10:30:00.000 -0400,Alan,656.6,37.69,0.36,19.39,115.5,7.24
2022-09-23 10:45:00.000 -0400,Alan,657.5,38.32,0.36,19.48,95.5,7.24
2022-09-23 11:00:00.000 -0400,Alan,655.9,39.88,0.36,19.57,130.2,7.24
2022-09-23 11:15:00.000 -0400,Alan,658.7,39.81,0.36,19.61,131.6,7.25
2022-09-23 11:30:00.000 -0400,Alan,659.9,40.6,0.36,19.71,122.1,7.25
2022-09-23 11:45:00.000 -0400,Alan,660.2,40.75,0.36,19.69,111.7,7.25
2022-09-23 12:00:00.000 -0400,Alan,661.5,42.29,0.36,19.89,122.2,7.25
2022-09-23 12:15:00.000 -0400,Alan,664.4,42.13,0.36,19.95,108.0,7.25
2022-09-23 12:30:00.000 -0400,Alan,663.6,44.34,0.36,19.98,101.9,7.26
2022-09-23 12:45:00.000 -0400,Alan,666.8,45.61,0.36,20.13,112.6,7.27
2022-09-23 13:00:00.000 -0400,Alan,667.4,46.4,0.36,20.17,122.2,7.27
2022-09-23 13:15:00.000 -0400,Alan,667.3,48.31,0.36,20.27,98.7,7.28
2022-09-23 13:30:00.000 -0400,Alan,667.3,50.1,0.36,20.17,108.7,7.28
2022-09-23 13:45:00.000 -0400,Alan,671.3,51.05,0.36,20.32,103.1,7.29
2022-09-23 14:00:00.000 -0400,Alan,670.1,54.49,0.36,20.24,110.5,7.3
2022-09-23 14:15:00.000 -0400,Alan,669.2,55.47,0.36,20.27,86.4,7.31
2022-09-23 14:30:00.000 -0400,Alan,669.9,56.54,0.36,20.31,107.2,7.31
2022-09-23 14:45:00.000 -0400,Alan,672.4,53.89,0.36,20.4,96.5,7.3
2022-09-23 15:00:00.000 -0400,Alan,672.3,56.83,0.36,20.45,97.2,7.31
2022-09-23 15:15:00.000 -0400,Alan,671.4,60.28,0.36,20.34,90.9,7.32
2022-09-23 15:30:00.000 -0400,Alan,672.1,58.95,0.36,20.45,111.4,7.32
2022-09-23 15:45:00.000 -0400,Alan,675.4,62.03,0.36,20.51,85.9,7.33
2022-09-23 16:00:00.000 -0400,Alan,674.1,63.6,0.36,20.43,67.16,7.35
2022-09-23 16:15:00.000 -0400,Alan,676.0,65.06,0.36,20.47,88.7,7.35
2022-09-23 16:30:00.000 -0400,Alan,674.7,67.88,0.36,20.45,124.1,7.37
2022-09-23 16:45:00.000 -0400,Alan,671.6,68.55,0.36,20.43,112.1,7.37
2022-09-23 17:00:00.000 -0400,Alan,669.4,65.98,0.36,20.33,108.7,7.36
2022-09-23 17:15:00.000 -0400,Alan,670.5,66.37,0.36,20.25,126.7,7.36
2022-09-23 17:30:00.000 -0400,Alan,674.6,64.47,0.36,20.19,161.9,7.34
2022-09-23 17:45:00.000 -0400,Alan,672.0,64.84,0.36,20.08,113.6,7.34
2022-09-23 18:00:00.000 -0400,Alan,668.6,67.32,0.36,20.01,120.2,7.35
2022-09-23 18:15:00.000 -0400,Alan,669.4,65.68,0.36,19.93,159.5,7.34
2022-09-23 18:30:00.000 -0400,Alan,667.2,63.84,0.36,19.86,127.4,7.33
2022-09-23 18:45:00.000 -0400,Alan,670.1,64.25,0.36,19.8,85.5,7.33
2022-09-23 19:00:00.000 -0400,Alan,667.4,63.02,0.36,19.7,143.8,7.32
2022-09-23 19:15:00.000 -0400,Alan,667.2,59.91,0.36,19.64,149.3,7.31
2022-09-23 19:30:00.000 -0400,Alan,663.9,60.47,0.36,19.54,149.5,7.31
2022-09-23 19:45:00.000 -0400,Alan,663.3,60.41,0.36,19.47,116.5,7.31
2022-09-23 20:00:00.000 -0400,Alan,662.7,59.81,0.36,19.39,150.5,7.3
2022-09-23 20:15:00.000 -0400,Alan,663.6,58.34,0.37,19.3,131.5,7.29
2022-09-23 20:30:00.000 -0400,Alan,661.1,58.95,0.36,19.29,125.0,7.29
2022-09-23 20:45:00.000 -0400,Alan,660.1,58.84,0.36,19.23,115.8,7.29
2022-09-23 21:00:00.000 -0400,Alan,658.1,58.48,0.36,19.15,143.6,7.29
2022-09-23 21:15:00.000 -0400,Alan,656.9,56.81,0.36,19.08,130.9,7.29
2022-09-23 21:30:00.000 -0400,Alan,655.3,57.74,0.36,19.03,149.3,7.29
2022-09-23 21:45:00.000 -0400,Alan,654.0,56.14,0.36,18.98,168.4,7.29
2022-09-23 22:00:00.000 -0400,Alan,652.9,53.56,0.36,18.93,171.2,7.28
2022-09-23 22:15:00.000 -0400,Alan,651.2,55.89,0.36,18.84,117.0,7.28
2022-09-23 22:30:00.000 -0400,Alan,652.8,54.58,0.36,18.83,175.7,7.28
2022-09-23 22:45:00.000 -0400,Alan,649.2,54.28,0.36,18.73,150.7,7.28
2022-09-23 23:00:00.000 -0400,Alan,648.9,53.63,0.36,18.72,186.4,7.28
2022-09-23 23:15:00.000 -0400,Alan,648.2,53.03,0.36,18.65,153.4,7.28
2022-09-23 23:30:00.000 -0400,Alan,646.2,52.57,0.36,18.58,188.1,7.28
2022-09-23 23:45:00.000 -0400,Alan,645.7,49.54,0.36,18.53,158.9,7.27
2022-09-24 00:00:00.000 -0400,Alan,645.7,49.31,0.36,18.51,136.4,7.27
2022-09-24 00:15:00.000 -0400,Alan,645.4,48.8,0.36,18.49,164.1,7.27
2022-09-24 00:30:00.000 -0400,Alan,644.2,48.63,0.36,18.47,137.7,7.27
2022-09-24 00:45:00.000 -0400,Alan,643.4,48.72,0.36,18.4,162.0,7.27
2022-09-24 01:00:00.000 -0400,Alan,644.3,48.03,0.36,18.35,247.8,7.28
2022-09-24 01:15:00.000 -0400,Alan,643.4,47.05,0.36,18.34,132.7,7.28
2022-09-24 01:30:00.000 -0400,Alan,644.2,46.62,0.36,18.32,157.5,7.27
2022-09-24 01:45:00.000 -0400,Alan,642.7,44.36,0.36,18.29,159.0,7.27
2022-09-24 02:00:00.000 -0400,Alan,640.8,44.23,0.36,18.23,124.7,7.27
2022-09-24 02:15:00.000 -0400,Alan,640.7,43.34,0.36,18.24,146.6,7.27
2022-09-24 02:30:00.000 -0400,Alan,639.6,45.49,0.36,18.18,175.4,7.27
2022-09-24 02:45:00.000 -0400,Alan,638.1,45.82,0.36,18.14,180.7,7.27
2022-09-24 03:00:00.000 -0400,Alan,638.9,44.85,0.36,18.08,151.3,7.27
2022-09-24 03:15:00.000 -0400,Alan,638.4,45.9,0.36,18.06,169.1,7.28
2022-09-24 03:30:00.000 -0400,Alan,637.4,45.52,0.36,18.0,138.9,7.28
2022-09-24 03:45:00.000 -0400,Alan,636.6,45.54,0.36,17.97,129.4,7.28
2022-09-24 04:00:00.000 -0400,Alan,635.8,44.99,0.36,17.9,153.9,7.27
2022-09-24 04:15:00.000 -0400,Alan,634.1,45.0,0.36,17.87,141.8,7.27
2022-09-24 04:30:00.000 -0400,Alan,633.2,44.21,0.36,17.79,148.2,7.27
2022-09-24 04:45:00.000 -0400,Alan,634.5,44.17,0.36,17.74,144.7,7.27
2022-09-24 05:00:00.000 -0400,Alan,633.6,43.2,0.36,17.73,152.3,7.27
2022-09-24 05:15:00.000 -0400,Alan,632.6,42.4,0.36,17.71,181.4,7.27
2022-09-24 05:30:00.000 -0400,Alan,630.8,43.51,0.36,17.68,148.3,7.27
2022-09-24 05:45:00.000 -0400,Alan,631.1,42.08,0.36,17.64,140.5,7.27
2022-09-24 06:00:00.000 -0400,Alan,629.8,40.88,0.36,17.63,159.9,7.26
2022-09-24 06:15:00.000 -0400,Alan,629.9,38.24,0.36,17.59,156.4,7.26
2022-09-24 06:30:00.000 -0400,Alan,629.3,39.09,0.36,17.51,159.4,7.26
2022-09-24 06:45:00.000 -0400,Alan,628.7,36.94,0.36,17.5,142.8,7.25
2022-09-24 07:00:00.000 -0400,Alan,628.6,37.98,0.36,17.54,132.7,7.25
2022-09-24 07:15:00.000 -0400,Alan,628.1,39.11,0.36,17.5,154.7,7.26
2022-09-24 07:30:00.000 -0400,Alan,627.7,39.4,0.36,17.51,118.1,7.27
2022-09-24 07:45:00.000 -0400,Alan,629.1,40.29,0.36,17.54,158.3,7.27
2022-09-24 08:00:00.000 -0400,Alan,629.4,42.82,0.36,17.52,141.2,7.27
2022-09-24 08:15:00.000 -0400,Alan,628.2,42.28,0.36,17.53,105.2,7.28
2022-09-24 08:30:00.000 -0400,Alan,628.3,44.44,0.36,17.58,174.2,7.29
2022-09-24 08:45:00.000 -0400,Alan,631.1,44.74,0.36,17.61,154.9,7.29
2022-09-24 09:00:00.000 -0400,Alan,631.0,43.57,0.36,17.66,151.2,7.29
2022-09-24 09:15:00.000 -0400,Alan,631.3,44.17,0.36,17.68,155.5,7.3
2022-09-24 09:30:00.000 -0400,Alan,633.1,43.86,0.36,17.73,151.9,7.3
2022-09-24 09:45:00.000 -0400,Alan,633.7,43.13,0.36,17.79,153.1,7.29
2022-09-24 10:00:00.000 -0400,Alan,635.0,44.18,0.36,17.85,149.0,7.3
2022-09-24 10:15:00.000 -0400,Alan,634.7,46.19,0.36,17.89,162.0,7.3
2022-09-24 10:30:00.000 -0400,Alan,635.8,46.92,0.36,17.95,107.4,7.31
2022-09-24 10:45:00.000 -0400,Alan,636.7,48.58,0.36,18.02,147.3,7.32
2022-09-24 11:00:00.000 -0400,Alan,638.7,48.54,0.36,18.08,148.3,7.31
2022-09-24 11:15:00.000 -0400,Alan,639.2,48.34,0.36,18.08,132.6,7.32
2022-09-24 11:30:00.000 -0400,Alan,639.1,50.2,0.36,18.11,132.0,7.33
2022-09-24 11:45:00.000 -0400,Alan,638.2,50.23,0.36,18.15,153.0,7.33
2022-09-24 12:00:00.000 -0400,Alan,640.4,52.12,0.36,18.26,128.9,7.33
2022-09-24 12:15:00.000 -0400,Alan,639.9,52.71,0.36,18.28,173.4,7.34
2022-09-24 12:30:00.000 -0400,Alan,641.0,53.42,0.36,18.34,134.6,7.34
2022-09-24 12:45:00.000 -0400,Alan,641.3,53.55,0.36,18.37,141.5,7.34
2022-09-24 13:00:00.000 -0400,Alan,642.0,55.91,0.36,18.38,141.3,7.35
2022-09-24 13:15:00.000 -0400,Alan,642.1,56.09,0.36,18.42,149.9,7.35
2022-09-24 13:30:00.000 -0400,Alan,644.1,59.63,0.36,18.49,126.5,7.36
2022-09-24 13:45:00.000 -0400,Alan,649.4,61.41,0.36,18.47,153.5,7.37
2022-09-24 14:00:00.000 -0400,Alan,643.2,60.83,0.36,18.52,170.0,7.35
2022-09-24 14:15:00.000 -0400,Alan,645.5,58.11,0.36,18.67,123.8,7.36
2022-09-24 14:30:00.000 -0400,Alan,647.7,61.75,0.36,18.69,161.9,7.36
2022-09-24 14:45:00.000 -0400,Alan,650.7,58.29,0.36,18.91,152.8,7.36
2022-09-24 15:00:00.000 -0400,Alan,656.3,58.94,0.36,19.24,139.3,7.36
2022-09-24 15:15:00.000 -0400,Alan,651.7,58.67,0.36,18.84,160.7,7.35
2022-09-24 15:30:00.000 -0400,Alan,649.4,60.22,0.36,18.68,162.3,7.33
2022-09-24 15:45:00.000 -0400,Alan,647.5,63.05,0.36,18.61,147.8,7.35
2022-09-24 16:00:00.000 -0400,Alan,654.1,68.48,0.37,18.6,80.3,7.37
2022-09-24 16:15:00.000 -0400,Alan,649.5,64.32,0.36,18.54,150.9,7.36
2022-09-24 16:30:00.000 -0400,Alan,646.4,64.77,0.36,18.61,150.7,7.35
2022-09-24 16:45:00.000 -0400,Alan,649.6,63.87,0.36,18.6,124.8,7.35
2022-09-24 17:00:00.000 -0400,Alan,650.4,63.59,0.36,18.71,140.1,7.34
2022-09-24 17:15:00.000 -0400,Alan,648.5,63.45,0.36,18.62,131.1,7.34
2022-09-24 17:30:00.000 -0400,Alan,651.7,62.74,0.36,18.66,145.3,7.33
2022-09-24 17:45:00.000 -0400,Alan,650.4,56.01,0.36,18.64,139.5,7.32
2022-09-24 18:00:00.000 -0400,Alan,650.5,55.8,0.36,18.61,141.7,7.32
2022-09-24 18:15:00.000 -0400,Alan,651.6,50.18,0.36,18.65,126.5,7.31
2022-09-24 18:30:00.000 -0400,Alan,649.9,59.79,0.36,18.73,115.9,7.29
2022-09-24 18:45:00.000 -0400,Alan,650.8,60.63,0.36,18.73,109.4,7.29
2022-09-24 19:00:00.000 -0400,Alan,650.0,59.11,0.36,18.67,125.5,7.3
2022-09-24 19:15:00.000 -0400,Alan,652.4,59.79,0.36,18.72,121.3,7.3
2022-09-24 19:30:00.000 -0400,Alan,652.2,58.6,0.36,18.72,102.8,7.3
2022-09-24 19:45:00.000 -0400,Alan,656.2,57.26,0.37,18.76,125.4,7.29
2022-09-24 20:00:00.000 -0400,Alan,667.8,54.78,0.37,18.78,150.2,7.26
2022-09-24 20:15:00.000 -0400,Alan,670.2,50.93,0.37,18.8,134.9,7.23
2022-09-24 20:30:00.000 -0400,Alan,691.1,44.38,0.38,18.87,139.4,7.18
2022-09-24 20:45:00.000 -0400,Alan,700.8,40.83,0.39,18.9,153.8,7.14
2022-09-24 21:00:00.000 -0400,Alan,697.0,42.52,0.39,18.88,151.4,7.15
2022-09-24 21:15:00.000 -0400,Alan,685.0,43.68,0.38,18.83,128.0,7.19
2022-09-24 21:30:00.000 -0400,Alan,666.6,48.98,0.37,18.89,133.8,7.23
2022-09-24 21:45:00.000 -0400,Alan,661.6,43.9,0.37,18.75,139.2,7.25
2022-09-24 22:00:00.000 -0400,Alan,660.3,44.9,0.37,18.73,140.2,7.28
2022-09-24 22:15:00.000 -0400,Alan,660.0,47.89,0.37,18.67,135.1,7.27
2022-09-24 22:30:00.000 -0400,Alan,657.7,45.86,0.37,18.68,141.4,7.27
2022-09-24 22:45:00.000 -0400,Alan,659.4,48.51,0.37,18.65,147.9,7.28
2022-09-24 23:00:00.000 -0400,Alan,655.5,45.63,0.37,18.6,139.7,7.28
2022-09-24 23:15:00.000 -0400,Alan,655.6,47.66,0.37,18.58,138.4,7.29
2022-09-24 23:30:00.000 -0400,Alan,655.7,47.58,0.37,18.53,143.7,7.29
2022-09-24 23:45:00.000 -0400,Alan,654.9,48.31,0.37,18.48,141.3,7.29
2022-09-25 00:00:00.000 -0400,Alan,653.5,50.03,0.37,18.47,136.0,7.3
2022-09-25 00:15:00.000 -0400,Alan,651.9,49.03,0.37,18.41,140.1,7.31
2022-09-25 00:30:00.000 -0400,Alan,650.1,50.3,0.37,18.38,140.9,7.31
2022-09-25 00:45:00.000 -0400,Alan,652.0,50.95,0.37,18.37,123.0,7.3
2022-09-25 01:00:00.000 -0400,Alan,652.3,51.64,0.37,18.33,123.2,7.31
2022-09-25 01:15:00.000 -0400,Alan,650.4,49.91,0.37,18.3,154.9,7.31
2022-09-25 01:30:00.000 -0400,Alan,650.3,49.23,0.37,18.27,146.4,7.3
2022-09-25 01:45:00.000 -0400,Alan,649.8,46.51,0.37,18.24,158.4,7.3
2022-09-25 02:00:00.000 -0400,Alan,648.8,47.67,0.37,18.21,143.1,7.3
2022-09-25 02:15:00.000 -0400,Alan,648.9,46.84,0.37,18.18,140.5,7.29
2022-09-25 02:30:00.000 -0400,Alan,648.9,45.72,0.37,18.14,131.7,7.3
2022-09-25 02:45:00.000 -0400,Alan,647.5,48.13,0.37,18.12,135.3,7.3
2022-09-25 03:00:00.000 -0400,Alan,649.1,45.49,0.37,18.09,174.1,7.28
2022-09-25 03:15:00.000 -0400,Alan,648.6,45.4,0.37,18.06,168.9,7.29
2022-09-25 03:30:00.000 -0400,Alan,647.9,44.4,0.37,18.03,136.6,7.29
2022-09-25 03:45:00.000 -0400,Alan,646.7,44.08,0.37,18.0,148.4,7.29
2022-09-25 04:00:00.000 -0400,Alan,646.2,45.63,0.37,17.97,147.0,7.29
2022-09-25 04:15:00.000 -0400,Alan,645.6,43.7,0.37,17.94,144.2,7.29
2022-09-25 04:30:00.000 -0400,Alan,645.2,44.84,0.37,17.91,158.9,7.28
2022-09-25 04:45:00.000 -0400,Alan,643.5,45.31,0.37,17.88,156.5,7.28
2022-09-25 05:00:00.000 -0400,Alan,643.7,44.8,0.37,17.85,158.3,7.28
2022-09-25 05:15:00.000 -0400,Alan,643.8,42.08,0.37,17.84,161.5,7.27
2022-09-25 05:30:00.000 -0400,Alan,643.4,46.44,0.37,17.82,163.0,7.27
2022-09-25 05:45:00.000 -0400,Alan,642.2,44.6,0.37,17.79,169.0,7.27
2022-09-25 06:00:00.000 -0400,Alan,642.2,39.99,0.37,17.78,165.4,7.27
2022-09-25 06:15:00.000 -0400,Alan,641.8,41.65,0.37,17.75,178.3,7.27
2022-09-25 06:30:00.000 -0400,Alan,641.9,41.12,0.37,17.73,162.9,7.27
2022-09-25 06:45:00.000 -0400,Alan,640.7,42.28,0.37,17.7,163.5,7.27
2022-09-25 07:00:00.000 -0400,Alan,639.9,42.27,0.36,17.71,161.1,7.27
2022-09-25 07:15:00.000 -0400,Alan,640.1,42.58,0.37,17.69,175.6,7.27
2022-09-25 07:30:00.000 -0400,Alan,639.6,38.9,0.36,17.72,162.6,7.27
2022-09-25 07:45:00.000 -0400,Alan,639.4,36.69,0.36,17.73,165.1,7.26
2022-09-25 08:00:00.000 -0400,Alan,639.7,39.47,0.36,17.73,156.3,7.27
2022-09-25 08:15:00.000 -0400,Alan,639.9,40.52,0.36,17.74,162.4,7.27
2022-09-25 08:30:00.000 -0400,Alan,639.2,41.53,0.36,17.76,143.1,7.27
2022-09-25 08:45:00.000 -0400,Alan,639.0,44.22,0.36,17.8,144.2,7.27
2022-09-25 09:00:00.000 -0400,Alan,639.2,42.68,0.36,17.81,166.5,7.28
2022-09-25 09:15:00.000 -0400,Alan,640.5,43.76,0.36,17.85,162.6,7.28
2022-09-25 09:30:00.000 -0400,Alan,640.7,45.67,0.36,17.9,161.6,7.29
2022-09-25 09:45:00.000 -0400,Alan,640.7,47.05,0.36,17.94,149.7,7.29
2022-09-25 10:00:00.000 -0400,Alan,641.1,47.53,0.36,17.96,120.8,7.3
2022-09-25 10:15:00.000 -0400,Alan,640.4,47.95,0.36,17.95,140.7,7.3
2022-09-25 10:30:00.000 -0400,Alan,640.6,47.91,0.36,17.98,163.4,7.31
2022-09-25 10:45:00.000 -0400,Alan,642.1,48.02,0.36,18.03,156.6,7.3
2022-09-25 11:00:00.000 -0400,Alan,642.4,48.31,0.36,18.03,168.8,7.31
2022-09-25 11:15:00.000 -0400,Alan,642.9,47.0,0.36,18.06,130.5,7.31
2022-09-25 11:30:00.000 -0400,Alan,641.1,48.27,0.36,18.07,151.8,7.32
2022-09-25 11:45:00.000 -0400,Alan,641.9,47.63,0.36,18.11,150.2,7.31
2022-09-25 12:00:00.000 -0400,Alan,642.0,48.49,0.36,18.09,151.0,7.32
2022-09-25 12:15:00.000 -0400,Alan,640.0,49.3,0.36,18.09,140.2,7.31
2022-09-25 12:30:00.000 -0400,Alan,642.5,51.36,0.36,18.14,142.0,7.32
2022-09-25 12:45:00.000 -0400,Alan,641.8,51.52,0.36,18.13,135.9,7.32
2022-09-25 13:00:00.000 -0400,Alan,640.6,52.15,0.36,18.11,141.7,7.33
2022-09-25 13:15:00.000 -0400,Alan,641.0,51.23,0.36,18.11,136.7,7.33
2022-09-25 13:30:00.000 -0400,Alan,641.7,51.16,0.36,18.15,111.3,7.33
2022-09-25 13:45:00.000 -0400,Alan,642.8,51.24,0.36,18.14,88.7,7.33
2022-09-25 14:00:00.000 -0400,Alan,641.8,51.31,0.36,18.15,141.0,7.33
2022-09-25 14:15:00.000 -0400,Alan,641.8,51.43,0.36,18.14,117.9,7.33
2022-09-25 14:30:00.000 -0400,Alan,641.8,51.75,0.36,18.17,120.8,7.33
2022-09-25 14:45:00.000 -0400,Alan,643.3,51.92,0.36,18.16,142.0,7.33
2022-09-25 15:00:00.000 -0400,Alan,642.4,52.86,0.36,18.2,121.3,7.33
2022-09-25 15:15:00.000 -0400,Alan,643.7,53.31,0.36,18.21,149.4,7.33
2022-09-25 15:30:00.000 -0400,Alan,645.1,53.1,0.36,18.24,108.4,7.33
2022-09-25 15:45:00.000 -0400,Alan,642.2,52.31,0.36,18.2,125.7,7.33
2022-09-25 16:00:00.000 -0400,Alan,643.5,52.66,0.36,18.21,151.7,7.33
2022-09-25 16:15:00.000 -0400,Alan,641.4,52.18,0.36,18.2,149.8,7.32
2022-09-25 16:30:00.000 -0400,Alan,640.7,52.61,0.36,18.21,119.4,7.33
2022-09-25 16:45:00.000 -0400,Alan,641.5,50.67,0.36,18.21,154.8,7.32
2022-09-25 17:00:00.000 -0400,Alan,641.6,48.17,0.36,18.22,111.4,7.31
2022-09-25 17:15:00.000 -0400,Alan,640.8,48.53,0.36,18.23,107.2,7.31
2022-09-25 17:30:00.000 -0400,Alan,642.0,49.01,0.36,18.25,144.4,7.31
2022-09-25 17:45:00.000 -0400,Alan,643.9,49.69,0.36,18.29,129.1,7.31
2022-09-25 18:00:00.000 -0400,Alan,643.4,50.17,0.36,18.28,159.5,7.32
2022-09-25 18:15:00.000 -0400,Alan,643.0,49.93,0.36,18.29,141.2,7.31
2022-09-25 18:30:00.000 -0400,Alan,641.4,49.03,0.36,18.3,146.2,7.31
2022-09-25 18:45:00.000 -0400,Alan,643.3,45.86,0.36,18.27,145.7,7.3
2022-09-25 19:00:00.000 -0400,Alan,645.8,46.8,0.36,18.27,134.9,7.29
2022-09-25 19:15:00.000 -0400,Alan,648.1,46.2,0.37,18.25,152.8,7.29
2022-09-25 19:30:00.000 -0400,Alan,647.7,45.08,0.36,18.25,135.2,7.29
2022-09-25 19:45:00.000 -0400,Alan,647.3,45.52,0.36,18.25,148.3,7.29
2022-09-25 20:00:00.000 -0400,Alan,646.9,45.72,0.36,18.27,142.3,7.28
2022-09-25 20:15:00.000 -0400,Alan,647.5,42.98,0.36,18.25,148.8,7.27
2022-09-25 20:30:00.000 -0400,Alan,646.9,45.22,0.36,18.25,141.9,7.27
2022-09-25 20:45:00.000 -0400,Alan,646.8,44.91,0.36,18.25,104.4,7.27
2022-09-25 21:00:00.000 -0400,Alan,645.7,43.8,0.36,18.25,145.4,7.27
2022-09-25 21:15:00.000 -0400,Alan,647.9,44.88,0.36,18.25,147.4,7.28
2022-09-25 21:30:00.000 -0400,Alan,651.7,43.49,0.37,18.25,160.4,7.27
2022-09-25 21:45:00.000 -0400,Alan,650.1,42.45,0.37,18.27,151.3,7.26
2022-09-25 22:00:00.000 -0400,Alan,651.6,43.08,0.37,18.28,198.5,7.25
2022-09-25 22:15:00.000 -0400,Alan,654.5,43.5,0.37,18.29,128.0,7.25
2022-09-25 22:30:00.000 -0400,Alan,654.4,41.28,0.37,18.3,154.9,7.25
2022-09-25 22:45:00.000 -0400,Alan,652.0,43.75,0.37,18.3,142.5,7.25
2022-09-25 23:00:00.000 -0400,Alan,658.4,45.69,0.37,18.32,147.0,7.26
2022-09-25 23:15:00.000 -0400,Alan,643.4,47.73,0.36,18.28,171.8,7.22
2022-09-25 23:30:00.000 -0400,Alan,639.5,45.75,0.36,18.26,162.1,7.2
2022-09-25 23:45:00.000 -0400,Alan,626.7,44.38,0.35,18.22,149.1,7.18
2022-09-26 00:00:00.000 -0400,Alan,621.0,50.27,0.35,18.21,132.0,7.21
2022-09-26 00:15:00.000 -0400,Alan,627.0,45.48,0.35,18.2,160.9,7.22
2022-09-26 00:30:00.000 -0400,Alan,596.4,46.79,0.34,18.12,146.8,7.21
2022-09-26 00:45:00.000 -0400,Alan,616.8,46.4,0.35,18.15,174.6,7.22
2022-09-26 01:00:00.000 -0400,Alan,607.5,51.81,0.34,18.13,116.1,7.24
2022-09-26 01:15:00.000 -0400,Alan,620.9,51.08,0.35,18.17,178.9,7.26
2022-09-26 01:30:00.000 -0400,Alan,610.4,51.07,0.34,18.09,172.6,7.28
2022-09-26 01:45:00.000 -0400,Alan,624.4,50.15,0.35,18.08,172.2,7.26
2022-09-26 02:00:00.000 -0400,Alan,628.3,51.46,0.35,18.11,148.8,7.3
2022-09-26 02:15:00.000 -0400,Alan,630.7,48.51,0.36,18.08,177.4,7.3
2022-09-26 02:30:00.000 -0400,Alan,632.4,46.16,0.36,18.07,182.0,7.28
2022-09-26 02:45:00.000 -0400,Alan,621.2,46.29,0.35,18.02,157.8,7.27
2022-09-26 03:00:00.000 -0400,Alan,608.8,45.0,0.34,17.94,162.7,7.26
2022-09-26 03:15:00.000 -0400,Alan,624.3,45.16,0.35,17.97,160.2,7.25
2022-09-26 03:30:00.000 -0400,Alan,623.1,39.23,0.35,17.94,163.8,7.25
2022-09-26 03:45:00.000 -0400,Alan,625.4,41.94,0.35,17.93,158.3,7.25
2022-09-26 04:00:00.000 -0400,Alan,627.8,42.61,0.36,17.92,162.0,7.26
2022-09-26 04:15:00.000 -0400,Alan,622.8,42.55,0.35,17.88,151.2,7.26
2022-09-26 04:30:00.000 -0400,Alan,622.3,40.25,0.35,17.86,141.1,7.26
2022-09-26 04:45:00.000 -0400,Alan,623.1,39.76,0.35,17.84,139.3,7.25
2022-09-26 05:00:00.000 -0400,Alan,620.4,41.44,0.35,17.81,151.5,7.25
2022-09-26 05:15:00.000 -0400,Alan,618.8,42.37,0.35,17.77,180.3,7.25
2022-09-26 05:30:00.000 -0400,Alan,618.9,41.25,0.35,17.74,175.3,7.25
2022-09-26 05:45:00.000 -0400,Alan,621.8,39.99,0.35,17.74,178.8,7.24
2022-09-26 06:00:00.000 -0400,Alan,617.1,38.17,0.35,17.69,151.1,7.24
2022-09-26 06:15:00.000 -0400,Alan,617.7,39.53,0.35,17.67,164.7,7.24
2022-09-26 06:30:00.000 -0400,Alan,617.6,39.78,0.35,17.66,160.9,7.24
2022-09-26 06:45:00.000 -0400,Alan,617.4,37.88,0.35,17.63,115.0,7.22
2022-09-26 07:00:00.000 -0400,Alan,612.0,39.77,0.35,17.59,162.8,7.22
2022-09-26 07:15:00.000 -0400,Alan,616.3,39.29,0.35,17.61,147.1,7.22
2022-09-26 07:30:00.000 -0400,Alan,616.3,38.74,0.35,17.59,154.4,7.22
2022-09-26 07:45:00.000 -0400,Alan,615.0,39.17,0.35,17.58,164.3,7.23
2022-09-26 08:00:00.000 -0400,Alan,618.8,38.52,0.35,17.59,199.7,7.23
2022-09-26 08:15:00.000 -0400,Alan,612.8,39.41,0.35,17.56,160.5,7.23
2022-09-26 08:30:00.000 -0400,Alan,617.6,36.74,0.35,17.56,162.0,7.21
2022-09-26 08:45:00.000 -0400,Alan,620.3,36.56,0.35,17.57,156.7,7.22
2022-09-26 09:00:00.000 -0400,Alan,607.0,38.31,0.35,17.55,157.0,7.22
2022-09-26 09:15:00.000 -0400,Alan,616.3,39.6,0.35,17.57,216.0,7.22
2022-09-26 09:30:00.000 -0400,Alan,628.5,41.04,0.36,17.71,181.2,7.24
2022-09-26 09:45:00.000 -0400,Alan,623.9,41.83,0.36,17.7,146.3,7.26
2022-09-26 10:00:00.000 -0400,Alan,626.4,42.65,0.36,17.76,197.2,7.27
2022-09-26 10:15:00.000 -0400,Alan,629.7,45.89,0.36,17.92,158.5,7.28
2022-09-26 10:30:00.000 -0400,Alan,630.6,45.13,0.36,17.94,173.8,7.28
2022-09-26 10:45:00.000 -0400,Alan,631.8,46.0,0.36,18.05,166.9,7.28
2022-09-26 11:00:00.000 -0400,Alan,634.9,47.19,0.36,18.05,181.1,7.29
2022-09-26 11:15:00.000 -0400,Alan,636.9,48.14,0.36,18.17,161.5,7.3
2022-09-26 11:30:00.000 -0400,Alan,633.9,49.37,0.36,18.16,142.2,7.31
2022-09-26 11:45:00.000 -0400,Alan,633.9,49.7,0.36,18.15,179.7,7.32
2022-09-26 12:00:00.000 -0400,Alan,632.6,50.57,0.36,18.18,142.2,7.31
2022-09-26 12:15:00.000 -0400,Alan,632.0,49.62,0.36,18.11,141.6,7.3
2022-09-26 12:30:00.000 -0400,Alan,632.8,49.83,0.36,18.13,155.9,7.31
2022-09-26 12:45:00.000 -0400,Alan,637.3,54.84,0.36,18.27,188.9,7.33
2022-09-26 13:00:00.000 -0400,Alan,633.6,55.27,0.36,18.24,173.6,7.34
2022-09-26 13:15:00.000 -0400,Alan,637.4,58.16,0.36,18.4,148.3,7.35
2022-09-26 13:30:00.000 -0400,Alan,637.9,54.13,0.36,18.37,165.0,7.35
2022-09-26 13:45:00.000 -0400,Alan,636.3,52.41,0.36,18.29,160.8,7.34
2022-09-26 14:00:00.000 -0400,Alan,638.9,54.34,0.36,18.49,179.3,7.35
2022-09-26 14:15:00.000 -0400,Alan,639.6,55.65,0.36,18.47,144.9,7.35
2022-09-26 14:30:00.000 -0400,Alan,640.0,56.24,0.36,18.47,153.8,7.35
2022-09-26 14:45:00.000 -0400,Alan,640.8,57.05,0.36,18.52,125.2,7.36
2022-09-26 15:00:00.000 -0400,Alan,638.1,56.16,0.36,18.48,111.3,7.36
2022-09-26 15:15:00.000 -0400,Alan,639.4,59.2,0.36,18.51,165.6,7.36
2022-09-26 15:30:00.000 -0400,Alan,638.8,56.23,0.36,18.56,159.6,7.35
2022-09-26 15:45:00.000 -0400,Alan,639.7,55.91,0.36,18.56,156.8,7.35
2022-09-26 16:00:00.000 -0400,Alan,640.4,54.49,0.36,18.62,163.0,7.34
2022-09-26 16:15:00.000 -0400,Alan,639.4,57.27,0.36,18.59,130.2,7.34
2022-09-26 16:30:00.000 -0400,Alan,642.5,54.79,0.36,18.66,203.9,7.33
2022-09-26 16:45:00.000 -0400,Alan,641.8,55.28,0.36,18.66,148.7,7.34
2022-09-26 17:00:00.000 -0400,Alan,643.1,54.7,0.36,18.73,158.2,7.35
2022-09-26 17:15:00.000 -0400,Alan,643.3,55.85,0.36,18.7,158.3,7.34
2022-09-26 17:30:00.000 -0400,Alan,641.7,54.1,0.36,18.56,148.4,7.32
2022-09-26 17:45:00.000 -0400,Alan,639.7,52.91,0.36,18.55,153.6,7.31
2022-09-26 18:00:00.000 -0400,Alan,642.4,52.6,0.36,18.6,146.5,7.3
2022-09-26 18:15:00.000 -0400,Alan,643.2,46.03,0.36,18.65,131.6,7.28
2022-09-26 18:30:00.000 -0400,Alan,645.3,40.17,0.36,18.71,126.7,7.29
2022-09-26 18:45:00.000 -0400,Alan,645.9,52.22,0.36,18.67,143.6,7.3
2022-09-26 19:00:00.000 -0400,Alan,645.2,53.43,0.36,18.62,140.6,7.3
2022-09-26 19:15:00.000 -0400,Alan,641.8,48.34,0.36,18.58,124.7,7.27
2022-09-26 19:30:00.000 -0400,Alan,644.6,47.73,0.36,18.59,131.7,7.26
2022-09-26 19:45:00.000 -0400,Alan,640.6,47.29,0.36,18.62,132.7,7.26
2022-09-26 20:00:00.000 -0400,Alan,644.7,47.5,0.36,18.67,143.0,7.26
2022-09-26 20:15:00.000 -0400,Alan,643.9,42.75,0.36,18.66,143.0,7.26
2022-09-26 20:30:00.000 -0400,Alan,644.1,47.87,0.36,18.65,145.2,7.26
2022-09-26 20:45:00.000 -0400,Alan,642.2,43.58,0.36,18.64,142.0,7.26
2022-09-26 21:00:00.000 -0400,Alan,642.1,43.96,0.36,18.62,142.0,7.25
2022-09-26 21:15:00.000 -0400,Alan,641.7,42.86,0.36,18.64,127.5,7.25
2022-09-26 21:30:00.000 -0400,Alan,642.9,43.33,0.36,18.65,137.0,7.25
2022-09-26 21:45:00.000 -0400,Alan,642.6,43.57,0.36,18.64,134.3,7.25
2022-09-26 22:00:00.000 -0400,Alan,643.2,43.52,0.36,18.66,153.0,7.25
2022-09-26 22:15:00.000 -0400,Alan,644.5,43.6,0.36,18.7,142.1,7.25
2022-09-26 22:30:00.000 -0400,Alan,643.0,32.69,0.36,18.69,156.9,7.26
2022-09-26 22:45:00.000 -0400,Alan,645.5,27.08,0.36,18.71,156.1,7.25
2022-09-26 23:00:00.000 -0400,Alan,644.0,32.17,0.36,18.69,144.7,7.25
2022-09-26 23:15:00.000 -0400,Alan,645.4,37.3,0.36,18.67,159.0,7.25
2022-09-26 23:30:00.000 -0400,Alan,646.7,32.89,0.36,18.7,137.4,7.24
2022-09-26 23:45:00.000 -0400,Alan,663.5,26.21,0.37,18.74,148.4,7.2
2022-09-27 00:00:00.000 -0400,Alan,673.9,24.19,0.38,18.76,148.7,7.14
2022-09-27 00:15:00.000 -0400,Alan,675.8,27.37,0.38,18.76,146.4,7.12
2022-09-27 00:30:00.000 -0400,Alan,670.6,26.96,0.37,18.74,150.0,7.12
2022-09-27 00:45:00.000 -0400,Alan,661.4,27.53,0.37,18.71,150.1,7.15
2022-09-27 01:00:00.000 -0400,Alan,659.0,30.31,0.37,18.69,154.1,7.18
2022-09-27 01:15:00.000 -0400,Alan,657.3,31.2,0.37,18.69,138.0,7.2
2022-09-27 01:30:00.000 -0400,Alan,656.9,33.2,0.37,18.66,147.8,7.21
2022-09-27 01:45:00.000 -0400,Alan,656.6,32.41,0.37,18.64,135.9,7.2
2022-09-27 02:00:00.000 -0400,Alan,651.5,38.93,0.36,18.6,150.0,7.21
2022-09-27 02:15:00.000 -0400,Alan,652.0,36.33,0.36,18.58,152.7,7.21
2022-09-27 02:30:00.000 -0400,Alan,652.7,36.32,0.37,18.56,148.4,7.21
2022-09-27 02:45:00.000 -0400,Alan,650.9,38.23,0.36,18.52,157.1,7.22
2022-09-27 03:00:00.000 -0400,Alan,649.4,37.1,0.36,18.5,163.7,7.23
2022-09-27 03:15:00.000 -0400,Alan,648.6,39.45,0.36,18.46,162.6,7.24
2022-09-27 03:30:00.000 -0400,Alan,648.4,36.37,0.36,18.43,167.9,7.24
2022-09-27 03:45:00.000 -0400,Alan,647.9,38.78,0.36,18.41,159.3,7.25
2022-09-27 04:00:00.000 -0400,Alan,648.4,40.99,0.36,18.39,164.4,7.25
2022-09-27 04:15:00.000 -0400,Alan,647.9,42.07,0.36,18.35,170.1,7.26
2022-09-27 04:30:00.000 -0400,Alan,646.5,40.94,0.36,18.34,177.7,7.26
2022-09-27 04:45:00.000 -0400,Alan,645.7,41.48,0.36,18.3,191.0,7.26
2022-09-27 05:00:00.000 -0400,Alan,646.3,40.87,0.36,18.28,177.5,7.26
2022-09-27 05:15:00.000 -0400,Alan,645.8,40.62,0.36,18.25,191.5,7.26
2022-09-27 05:30:00.000 -0400,Alan,644.8,39.73,0.36,18.22,194.9,7.26
2022-09-27 05:45:00.000 -0400,Alan,645.0,39.75,0.36,18.18,195.4,7.24
2022-09-27 06:00:00.000 -0400,Alan,643.4,35.98,0.36,18.15,193.1,7.24
2022-09-27 06:15:00.000 -0400,Alan,644.4,38.8,0.36,18.13,184.7,7.24
2022-09-27 06:30:00.000 -0400,Alan,642.9,38.2,0.36,18.09,182.1,7.23
2022-09-27 06:45:00.000 -0400,Alan,641.8,38.88,0.36,18.07,203.2,7.23
2022-09-27 07:00:00.000 -0400,Alan,640.7,39.96,0.36,18.06,192.0,7.23
2022-09-27 07:15:00.000 -0400,Alan,640.1,41.82,0.36,18.03,161.3,7.24
2022-09-27 07:30:00.000 -0400,Alan,639.0,41.81,0.36,18.02,170.6,7.24
2022-09-27 07:45:00.000 -0400,Alan,639.8,43.46,0.36,18.0,145.8,7.25
2022-09-27 08:00:00.000 -0400,Alan,641.1,43.46,0.36,17.99,135.3,7.25
2022-09-27 08:15:00.000 -0400,Alan,641.6,43.3,0.36,17.99,172.7,7.25
2022-09-27 08:30:00.000 -0400,Alan,640.2,43.12,0.36,17.98,142.5,7.25
2022-09-27 08:45:00.000 -0400,Alan,641.8,43.29,0.36,17.98,159.8,7.25
2022-09-27 09:00:00.000 -0400,Alan,639.3,43.8,0.36,17.98,147.9,7.25
2022-09-27 09:15:00.000 -0400,Alan,641.1,43.13,0.36,17.98,157.4,7.25
2022-09-27 09:30:00.000 -0400,Alan,641.3,43.33,0.36,17.99,149.0,7.26
2022-09-27 09:45:00.000 -0400,Alan,639.6,44.43,0.36,18.0,136.2,7.27
2022-09-27 10:00:00.000 -0400,Alan,638.6,47.44,0.36,18.05,171.4,7.28
2022-09-27 10:15:00.000 -0400,Alan,638.3,50.35,0.36,18.15,110.8,7.3
2022-09-27 10:30:00.000 -0400,Alan,641.0,53.48,0.36,18.25,153.1,7.31
2022-09-27 10:45:00.000 -0400,Alan,641.9,55.25,0.36,18.37,143.8,7.32
2022-09-27 11:00:00.000 -0400,Alan,642.4,57.61,0.36,18.46,167.5,7.34
2022-09-27 11:15:00.000 -0400,Alan,642.3,56.29,0.36,18.4,158.2,7.33
2022-09-27 11:30:00.000 -0400,Alan,642.7,61.41,0.36,18.48,157.1,7.36
2022-09-27 11:45:00.000 -0400,Alan,645.1,59.77,0.36,18.57,123.7,7.36
2022-09-27 12:00:00.000 -0400,Alan,643.4,61.54,0.36,18.52,163.8,7.36
2022-09-27 12:15:00.000 -0400,Alan,642.9,64.01,0.36,18.61,158.0,7.38
2022-09-27 12:30:00.000 -0400,Alan,642.8,64.76,0.36,18.49,123.2,7.39
2022-09-27 12:45:00.000 -0400,Alan,641.9,63.59,0.36,18.62,159.5,7.39
2022-09-27 13:00:00.000 -0400,Alan,643.6,67.26,0.36,18.62,131.4,7.4
2022-09-27 13:15:00.000 -0400,Alan,645.1,68.08,0.36,18.65,151.3,7.41
2022-09-27 13:30:00.000 -0400,Alan,643.5,69.45,0.36,18.63,151.2,7.43
2022-09-27 13:45:00.000 -0400,Alan,645.0,66.45,0.36,18.56,157.7,7.4
2022-09-27 14:00:00.000 -0400,Alan,641.1,65.05,0.36,18.58,137.4,7.38
2022-09-27 14:15:00.000 -0400,Alan,644.7,71.6,0.36,18.69,161.5,7.4
2022-09-27 14:30:00.000 -0400,Alan,643.9,69.67,0.36,18.63,107.4,7.41
2022-09-27 14:45:00.000 -0400,Alan,643.3,71.63,0.36,18.74,162.3,7.42
2022-09-27 15:00:00.000 -0400,Alan,643.0,73.68,0.36,18.78,162.4,7.44
2022-09-27 15:15:00.000 -0400,Alan,644.4,69.99,0.36,18.76,145.7,7.45
2022-09-27 15:30:00.000 -0400,Alan,644.8,69.28,0.36,18.87,141.9,7.42
2022-09-27 15:45:00.000 -0400,Alan,646.4,75.61,0.36,19.01,118.6,7.44
2022-09-27 16:00:00.000 -0400,Alan,647.2,74.73,0.36,18.93,140.2,7.46
2022-09-27 16:15:00.000 -0400,Alan,643.8,72.65,0.36,18.88,132.4,7.45
2022-09-27 16:30:00.000 -0400,Alan,645.2,71.43,0.36,18.83,126.3,7.45
2022-09-27 16:45:00.000 -0400,Alan,648.3,66.47,0.36,18.74,129.9,7.39
2022-09-27 17:00:00.000 -0400,Alan,645.2,66.6,0.36,18.75,126.8,7.38
2022-09-27 17:15:00.000 -0400,Alan,646.6,65.3,0.36,18.76,140.3,7.36
2022-09-27 17:30:00.000 -0400,Alan,646.1,67.84,0.36,18.83,127.3,7.39
2022-09-27 17:45:00.000 -0400,Alan,653.6,68.3,0.36,18.98,137.9,7.4
2022-09-27 18:00:00.000 -0400,Alan,652.5,62.14,0.36,19.06,131.2,7.39
2022-09-27 18:15:00.000 -0400,Alan,650.6,69.95,0.36,19.04,128.5,7.39
2022-09-27 18:30:00.000 -0400,Alan,650.8,68.01,0.36,18.91,138.5,7.39
2022-09-27 18:45:00.000 -0400,Alan,649.2,61.72,0.36,18.82,135.9,7.38
2022-09-27 19:00:00.000 -0400,Alan,649.8,63.91,0.36,18.77,133.9,7.36
2022-09-27 19:15:00.000 -0400,Alan,644.9,59.7,0.36,18.73,140.9,7.34
2022-09-27 19:30:00.000 -0400,Alan,647.4,58.06,0.36,18.73,128.6,7.32
2022-09-27 19:45:00.000 -0400,Alan,653.6,61.02,0.36,18.79,126.1,7.32
2022-09-27 20:00:00.000 -0400,Alan,654.6,57.03,0.36,18.81,128.2,7.33
2022-09-27 20:15:00.000 -0400,Alan,663.5,57.07,0.37,18.87,129.5,7.31
2022-09-27 20:30:00.000 -0400,Alan,671.3,51.22,0.37,18.9,123.4,7.25
2022-09-27 20:45:00.000 -0400,Alan,661.3,56.25,0.37,18.87,120.4,7.29
2022-09-27 21:00:00.000 -0400,Alan,659.5,51.15,0.37,18.84,126.3,7.31
2022-09-27 21:15:00.000 -0400,Alan,658.5,55.17,0.37,18.8,123.6,7.32
2022-09-27 21:30:00.000 -0400,Alan,654.9,57.0,0.36,18.77,123.6,7.34
2022-09-27 21:45:00.000 -0400,Alan,656.9,56.47,0.37,18.74,120.3,7.34
2022-09-27 22:00:00.000 -0400,Alan,657.9,58.17,0.37,18.69,119.5,7.36
2022-09-27 22:15:00.000 -0400,Alan,657.3,54.21,0.37,18.65,127.2,7.32
2022-09-27 22:30:00.000 -0400,Alan,656.3,56.82,0.37,18.61,125.2,7.3
2022-09-27 22:45:00.000 -0400,Alan,655.3,59.92,0.37,18.58,131.2,7.32
2022-09-27 23:00:00.000 -0400,Alan,653.0,58.86,0.37,18.53,109.1,7.32
2022-09-27 23:15:00.000 -0400,Alan,652.2,57.58,0.37,18.49,112.7,7.33
2022-09-27 23:30:00.000 -0400,Alan,652.4,60.54,0.37,18.46,122.4,7.33
2022-09-27 23:45:00.000 -0400,Alan,654.0,57.41,0.37,18.41,113.0,7.33
2022-09-28 00:00:00.000 -0400,Alan,651.3,55.35,0.37,18.37,108.4,7.32
2022-09-28 00:15:00.000 -0400,Alan,652.1,54.73,0.37,18.33,126.3,7.31
2022-09-28 00:30:00.000 -0400,Alan,651.0,56.36,0.37,18.28,134.5,7.31
2022-09-28 00:45:00.000 -0400,Alan,651.0,54.71,0.37,18.24,131.3,7.31
2022-09-28 01:00:00.000 -0400,Alan,650.1,52.81,0.37,18.21,132.9,7.3
2022-09-28 01:15:00.000 -0400,Alan,649.3,54.54,0.37,18.17,128.8,7.3
2022-09-28 01:30:00.000 -0400,Alan,649.7,54.4,0.37,18.12,134.6,7.3
2022-09-28 01:45:00.000 -0400,Alan,648.0,53.93,0.37,18.09,147.7,7.3
2022-09-28 02:00:00.000 -0400,Alan,649.5,50.7,0.37,18.04,147.0,7.29
2022-09-28 02:15:00.000 -0400,Alan,648.5,53.62,0.37,18.01,154.4,7.29
2022-09-28 02:30:00.000 -0400,Alan,646.9,50.02,0.37,17.94,149.1,7.29
2022-09-28 02:45:00.000 -0400,Alan,645.0,51.74,0.37,17.92,144.6,7.29
2022-09-28 03:00:00.000 -0400,Alan,646.0,52.05,0.37,17.87,142.9,7.28
2022-09-28 03:15:00.000 -0400,Alan,645.5,51.14,0.37,17.83,135.4,7.28
2022-09-28 03:30:00.000 -0400,Alan,643.9,50.05,0.37,17.8,127.6,7.28
2022-09-28 03:45:00.000 -0400,Alan,645.4,47.06,0.37,17.76,118.5,7.28
2022-09-28 04:00:00.000 -0400,Alan,643.6,45.29,0.37,17.72,124.7,7.27
2022-09-28 04:15:00.000 -0400,Alan,642.5,48.25,0.37,17.69,125.6,7.27
2022-09-28 04:30:00.000 -0400,Alan,640.1,47.49,0.37,17.66,120.7,7.28
2022-09-28 04:45:00.000 -0400,Alan,639.9,48.09,0.37,17.59,122.3,7.28
2022-09-28 05:00:00.000 -0400,Alan,639.5,45.04,0.37,17.59,120.9,7.28
2022-09-28 05:15:00.000 -0400,Alan,641.2,44.79,0.37,17.55,121.4,7.28
2022-09-28 05:30:00.000 -0400,Alan,640.2,46.51,0.37,17.53,117.8,7.27
2022-09-28 05:45:00.000 -0400,Alan,637.7,44.22,0.37,17.51,112.8,7.27
2022-09-28 06:00:00.000 -0400,Alan,638.3,44.76,0.37,17.46,114.0,7.27
2022-09-28 06:15:00.000 -0400,Alan,638.4,43.8,0.37,17.44,137.6,7.27
2022-09-28 06:30:00.000 -0400,Alan,637.1,43.96,0.37,17.4,140.2,7.27
2022-09-28 06:45:00.000 -0400,Alan,636.6,44.14,0.37,17.38,121.8,7.27
2022-09-28 07:00:00.000 -0400,Alan,636.8,40.33,0.37,17.34,119.5,7.27
2022-09-28 07:15:00.000 -0400,Alan,636.4,41.5,0.37,17.33,125.1,7.27
2022-09-28 07:30:00.000 -0400,Alan,636.2,39.84,0.37,17.3,125.7,7.26
2022-09-28 07:45:00.000 -0400,Alan,635.8,45.02,0.37,17.28,133.2,7.27
2022-09-28 08:00:00.000 -0400,Alan,634.4,44.78,0.37,17.24,144.9,7.28
2022-09-28 08:15:00.000 -0400,Alan,633.8,47.24,0.37,17.24,126.8,7.28
2022-09-28 08:30:00.000 -0400,Alan,634.4,48.67,0.37,17.23,147.9,7.29
2022-09-28 08:45:00.000 -0400,Alan,633.8,48.59,0.37,17.22,160.4,7.29
2022-09-28 09:00:00.000 -0400,Alan,634.0,48.23,0.37,17.22,157.4,7.3
2022-09-28 09:15:00.000 -0400,Alan,632.3,47.85,0.36,17.24,132.4,7.3
2022-09-28 09:30:00.000 -0400,Alan,633.9,49.41,0.37,17.28,148.4,7.31
2022-09-28 09:45:00.000 -0400,Alan,635.2,51.3,0.37,17.37,168.1,7.32
2022-09-28 10:00:00.000 -0400,Alan,621.0,52.63,0.36,17.45,154.5,7.34
2022-09-28 10:15:00.000 -0400,Alan,619.0,54.28,0.35,17.58,149.0,7.35
2022-09-28 10:30:00.000 -0400,Alan,622.8,56.15,0.36,17.58,151.4,7.36
2022-09-28 10:45:00.000 -0400,Alan,627.1,56.55,0.36,17.73,131.5,7.37
2022-09-28 11:00:00.000 -0400,Alan,629.9,56.14,0.36,17.81,147.1,7.37
2022-09-28 11:15:00.000 -0400,Alan,627.5,55.98,0.36,17.82,140.0,7.37
2022-09-28 11:30:00.000 -0400,Alan,631.3,57.43,0.36,17.87,158.3,7.37
2022-09-28 11:45:00.000 -0400,Alan,609.5,56.18,0.35,17.9,126.1,7.38
2022-09-28 12:00:00.000 -0400,Alan,618.9,57.62,0.35,17.99,116.3,7.38
2022-09-28 12:15:00.000 -0400,Alan,645.6,61.29,0.37,18.07,120.2,7.39
2022-09-28 12:30:00.000 -0400,Alan,641.8,58.75,0.36,17.99,143.5,7.39
2022-09-28 12:45:00.000 -0400,Alan,626.3,60.35,0.35,18.07,130.5,7.39
2022-09-28 13:00:00.000 -0400,Alan,627.3,63.51,0.35,18.09,138.4,7.4
2022-09-28 13:15:00.000 -0400,Alan,619.1,60.75,0.35,18.0,127.9,7.4
2022-09-28 13:30:00.000 -0400,Alan,603.6,62.96,0.34,18.09,138.8,7.4
2022-09-28 13:45:00.000 -0400,Alan,607.6,66.7,0.34,18.2,146.4,7.41
2022-09-28 14:00:00.000 -0400,Alan,610.4,65.26,0.34,18.08,112.0,7.41
2022-09-28 14:15:00.000 -0400,Alan,620.7,66.74,0.35,18.2,132.4,7.41
2022-09-28 14:30:00.000 -0400,Alan,617.0,63.7,0.35,18.13,133.0,7.41
2022-09-28 14:45:00.000 -0400,Alan,619.5,65.74,0.35,18.15,136.2,7.41
2022-09-28 15:00:00.000 -0400,Alan,626.2,65.7,0.35,18.19,139.9,7.41
2022-09-28 15:15:00.000 -0400,Alan,611.9,64.21,0.34,18.21,125.2,7.4
2022-09-28 15:30:00.000 -0400,Alan,621.1,67.09,0.35,18.32,138.2,7.39
2022-09-28 15:45:00.000 -0400,Alan,620.1,67.72,0.35,18.29,127.1,7.42
2022-09-28 16:00:00.000 -0400,Alan,623.6,66.02,0.35,18.23,137.2,7.39
2022-09-28 16:15:00.000 -0400,Alan,619.3,66.59,0.35,18.18,140.3,7.4
2022-09-28 16:30:00.000 -0400,Alan,616.7,66.82,0.35,18.17,136.3,7.4
2022-09-28 16:45:00.000 -0400,Alan,620.5,61.38,0.35,18.19,119.9,7.38
2022-09-28 17:00:00.000 -0400,Alan,621.6,61.51,0.35,18.2,112.9,7.37
2022-09-28 17:15:00.000 -0400,Alan,619.3,56.37,0.35,18.19,120.4,7.37
2022-09-28 17:30:00.000 -0400,Alan,614.8,65.05,0.35,18.28,110.3,7.37
2022-09-28 17:45:00.000 -0400,Alan,616.9,62.88,0.35,18.22,114.8,7.37
2022-09-28 18:00:00.000 -0400,Alan,649.6,60.83,0.37,18.17,117.3,7.35
2022-09-28 18:15:00.000 -0400,Alan,650.9,53.37,0.37,18.17,126.9,7.34
2022-09-28 18:30:00.000 -0400,Alan,627.9,56.07,0.35,18.24,110.4,7.33
2022-09-28 18:45:00.000 -0400,Alan,628.6,60.52,0.35,18.26,110.6,7.34
2022-09-28 19:00:00.000 -0400,Alan,633.5,63.34,0.36,18.29,107.5,7.37
2022-09-28 19:15:00.000 -0400,Alan,632.4,62.15,0.36,18.28,122.0,7.36
2022-09-28 19:30:00.000 -0400,Alan,635.3,63.49,0.36,18.25,117.0,7.37
2022-09-28 19:45:00.000 -0400,Alan,635.5,67.32,0.36,18.34,140.9,7.37
2022-09-28 20:00:00.000 -0400,Alan,639.2,67.73,0.36,18.32,127.0,7.37
2022-09-28 20:15:00.000 -0400,Alan,638.7,64.84,0.36,18.26,106.2,7.36
2022-09-28 20:30:00.000 -0400,Alan,638.6,63.27,0.36,18.34,128.7,7.36
2022-09-28 20:45:00.000 -0400,Alan,644.1,65.23,0.36,18.41,123.0,7.36
2022-09-28 21:00:00.000 -0400,Alan,641.9,61.77,0.36,18.39,105.2,7.35
2022-09-28 21:15:00.000 -0400,Alan,642.9,59.55,0.36,18.37,114.4,7.35
2022-09-28 21:30:00.000 -0400,Alan,643.0,63.33,0.36,18.42,125.0,7.34
2022-09-28 21:45:00.000 -0400,Alan,644.6,65.48,0.36,18.4,112.1,7.34
2022-09-28 22:00:00.000 -0400,Alan,643.1,62.94,0.36,18.38,103.9,7.34
2022-09-28 22:15:00.000 -0400,Alan,642.8,62.33,0.36,18.34,112.6,7.33
2022-09-28 22:30:00.000 -0400,Alan,650.9,58.42,0.37,18.24,120.6,7.31
2022-09-28 22:45:00.000 -0400,Alan,650.2,58.7,0.37,18.28,135.6,7.29
2022-09-28 23:00:00.000 -0400,Alan,650.9,55.72,0.37,18.29,115.1,7.28
2022-09-28 23:15:00.000 -0400,Alan,647.7,56.32,0.36,18.26,123.7,7.28
2022-09-28 23:30:00.000 -0400,Alan,649.5,57.73,0.37,18.34,130.4,7.28
2022-09-28 23:45:00.000 -0400,Alan,650.3,54.42,0.37,18.28,118.3,7.28
2022-09-29 00:00:00.000 -0400,Alan,654.6,53.14,0.37,18.3,124.4,7.25
2022-09-29 00:15:00.000 -0400,Alan,657.7,53.16,0.37,18.38,119.4,7.25
2022-09-29 00:30:00.000 -0400,Alan,666.2,52.63,0.38,18.31,144.7,7.24
2022-09-29 00:45:00.000 -0400,Alan,661.0,49.07,0.37,18.27,113.5,7.22
2022-09-29 01:00:00.000 -0400,Alan,664.5,49.14,0.37,18.28,116.7,7.21
2022-09-29 01:15:00.000 -0400,Alan,664.3,50.58,0.37,18.28,131.0,7.21
2022-09-29 01:30:00.000 -0400,Alan,671.0,50.52,0.38,18.31,119.8,7.2
2022-09-29 01:45:00.000 -0400,Alan,669.0,52.81,0.38,18.26,127.6,7.22
2022-09-29 02:00:00.000 -0400,Alan,662.6,52.71,0.37,18.22,116.9,7.22
2022-09-29 02:15:00.000 -0400,Alan,663.9,51.97,0.37,18.19,143.6,7.22
2022-09-29 02:30:00.000 -0400,Alan,659.9,50.22,0.37,18.16,120.0,7.23
2022-09-29 02:45:00.000 -0400,Alan,655.3,50.28,0.37,18.12,108.9,7.24
2022-09-29 03:00:00.000 -0400,Alan,647.7,53.0,0.37,18.08,122.7,7.26
2022-09-29 03:15:00.000 -0400,Alan,646.5,54.6,0.37,18.04,108.8,7.27
2022-09-29 03:30:00.000 -0400,Alan,647.9,51.94,0.37,18.0,113.4,7.27
2022-09-29 03:45:00.000 -0400,Alan,643.6,52.31,0.37,17.94,123.1,7.28
2022-09-29 04:00:00.000 -0400,Alan,642.0,51.43,0.36,17.91,106.2,7.28
2022-09-29 04:15:00.000 -0400,Alan,642.1,50.58,0.36,17.87,106.4,7.28
2022-09-29 04:30:00.000 -0400,Alan,642.1,50.72,0.37,17.82,123.1,7.28
2022-09-29 04:45:00.000 -0400,Alan,640.6,49.78,0.36,17.79,117.8,7.28
2022-09-29 05:00:00.000 -0400,Alan,639.2,49.07,0.36,17.75,118.2,7.28
2022-09-29 05:15:00.000 -0400,Alan,637.5,48.36,0.36,17.71,115.3,7.28
2022-09-29 05:30:00.000 -0400,Alan,638.0,48.54,0.36,17.68,116.8,7.27
2022-09-29 05:45:00.000 -0400,Alan,634.9,50.32,0.36,17.63,111.3,7.28
2022-09-29 06:00:00.000 -0400,Alan,635.1,49.5,0.36,17.59,107.2,7.28
2022-09-29 06:15:00.000 -0400,Alan,633.8,47.46,0.36,17.55,117.4,7.28
2022-09-29 06:30:00.000 -0400,Alan,620.9,47.27,0.36,17.51,121.6,7.28
2022-09-29 06:45:00.000 -0400,Alan,634.2,45.0,0.36,17.47,119.8,7.27
2022-09-29 07:00:00.000 -0400,Alan,635.1,46.77,0.36,17.44,123.0,7.27
2022-09-29 07:15:00.000 -0400,Alan,634.6,44.69,0.36,17.38,113.6,7.27
2022-09-29 07:30:00.000 -0400,Alan,633.8,47.21,0.36,17.35,130.4,7.27
2022-09-29 07:45:00.000 -0400,Alan,633.7,47.72,0.36,17.33,121.7,7.28
2022-09-29 08:00:00.000 -0400,Alan,640.6,50.75,0.37,17.29,143.9,7.29
2022-09-29 08:15:00.000 -0400,Alan,640.7,50.51,0.37,17.25,131.2,7.29
2022-09-29 08:30:00.000 -0400,Alan,639.4,52.35,0.37,17.25,150.4,7.29
2022-09-29 08:45:00.000 -0400,Alan,638.8,50.85,0.37,17.22,108.3,7.3
2022-09-29 09:00:00.000 -0400,Alan,638.4,53.76,0.37,17.21,117.8,7.3
2022-09-29 09:15:00.000 -0400,Alan,639.3,54.0,0.37,17.23,143.5,7.31
2022-09-29 09:30:00.000 -0400,Alan,627.3,53.42,0.36,17.22,133.3,7.31
2022-09-29 09:45:00.000 -0400,Alan,631.8,51.25,0.36,17.24,140.3,7.31
2022-09-29 10:00:00.000 -0400,Alan,633.2,54.14,0.36,17.31,107.1,7.33
2022-09-29 10:15:00.000 -0400,Alan,633.6,56.83,0.36,17.42,132.4,7.34
2022-09-29 10:30:00.000 -0400,Alan,632.4,58.31,0.36,17.42,140.8,7.35
2022-09-29 10:45:00.000 -0400,Alan,632.7,59.23,0.36,17.5,142.0,7.37
2022-09-29 11:00:00.000 -0400,Alan,634.6,57.89,0.36,17.43,141.4,7.37
2022-09-29 11:15:00.000 -0400,Alan,633.2,61.75,0.36,17.59,127.4,7.39
2022-09-29 11:30:00.000 -0400,Alan,626.7,60.9,0.36,17.64,128.1,7.4
2022-09-29 11:45:00.000 -0400,Alan,624.0,62.23,0.36,17.66,139.1,7.39
2022-09-29 12:00:00.000 -0400,Alan,618.6,61.26,0.35,17.71,129.0,7.4
2022-09-29 12:15:00.000 -0400,Alan,613.1,62.51,0.35,17.87,129.6,7.41
2022-09-29 12:30:00.000 -0400,Alan,619.7,65.08,0.35,17.88,135.7,7.42
2022-09-29 12:45:00.000 -0400,Alan,612.0,66.73,0.35,18.01,132.9,7.43
2022-09-29 13:00:00.000 -0400,Alan,632.9,69.19,0.36,18.21,138.4,7.44
2022-09-29 13:15:00.000 -0400,Alan,637.0,71.09,0.36,18.25,118.5,7.45
2022-09-29 13:30:00.000 -0400,Alan,622.9,69.13,0.35,18.28,141.1,7.45
2022-09-29 13:45:00.000 -0400,Alan,629.8,71.0,0.35,18.41,155.0,7.46
2022-09-29 14:00:00.000 -0400,Alan,624.9,71.83,0.35,18.45,123.9,7.46
2022-09-29 14:15:00.000 -0400,Alan,624.1,72.33,0.35,18.61,137.4,7.46
2022-09-29 14:30:00.000 -0400,Alan,643.4,73.47,0.36,18.43,147.3,7.47
2022-09-29 14:45:00.000 -0400,Alan,647.6,73.83,0.36,18.6,117.4,7.48
2022-09-29 15:00:00.000 -0400,Alan,657.5,71.52,0.37,18.51,125.6,7.48
2022-09-29 15:15:00.000 -0400,Alan,658.5,73.13,0.37,18.55,138.5,7.47
2022-09-29 15:30:00.000 -0400,Alan,658.6,76.54,0.37,18.49,127.9,7.47
2022-09-29 15:45:00.000 -0400,Alan,656.4,75.91,0.37,18.61,143.2,7.47
2022-09-29 16:00:00.000 -0400,Alan,655.4,73.93,0.37,18.55,134.4,7.48
2022-09-29 16:15:00.000 -0400,Alan,649.8,72.71,0.36,18.58,127.3,7.47
2022-09-29 16:30:00.000 -0400,Alan,652.0,68.37,0.36,18.62,120.3,7.46
2022-09-29 16:45:00.000 -0400,Alan,648.9,75.46,0.36,18.74,126.7,7.47
2022-09-29 17:00:00.000 -0400,Alan,648.7,77.06,0.36,18.73,132.8,7.48
2022-09-29 17:15:00.000 -0400,Alan,648.9,74.8,0.36,18.68,120.6,7.48
2022-09-29 17:30:00.000 -0400,Alan,650.8,71.02,0.36,18.67,114.2,7.47
2022-09-29 17:45:00.000 -0400,Alan,628.4,75.62,0.35,18.76,121.6,7.47
2022-09-29 18:00:00.000 -0400,Alan,630.0,75.35,0.35,18.75,116.2,7.46
2022-09-29 18:15:00.000 -0400,Alan,658.9,69.43,0.37,18.78,118.4,7.46
2022-09-29 18:30:00.000 -0400,Alan,651.0,70.01,0.36,18.79,118.2,7.44
2022-09-29 18:45:00.000 -0400,Alan,662.9,70.74,0.37,18.83,108.1,7.41
2022-09-29 19:00:00.000 -0400,Alan,678.1,66.87,0.38,18.75,123.3,7.37
2022-09-29 19:15:00.000 -0400,Alan,663.2,70.57,0.37,18.61,115.7,7.37
2022-09-29 19:30:00.000 -0400,Alan,662.3,71.13,0.37,18.6,135.7,7.39
2022-09-29 19:45:00.000 -0400,Alan,660.1,70.37,0.37,18.57,117.0,7.39
2022-09-29 20:00:00.000 -0400,Alan,661.6,68.9,0.37,18.52,119.5,7.4
2022-09-29 20:15:00.000 -0400,Alan,661.5,66.35,0.37,18.51,115.2,7.39
2022-09-29 20:30:00.000 -0400,Alan,661.0,69.74,0.37,18.48,116.9,7.4
2022-09-29 20:45:00.000 -0400,Alan,660.3,66.58,0.37,18.45,118.8,7.4
2022-09-29 21:00:00.000 -0400,Alan,660.0,64.89,0.37,18.38,115.6,7.4
2022-09-29 21:15:00.000 -0400,Alan,658.9,66.04,0.37,18.38,110.5,7.4
2022-09-29 21:30:00.000 -0400,Alan,658.2,67.3,0.37,18.36,112.5,7.39
2022-09-29 21:45:00.000 -0400,Alan,658.7,64.53,0.37,18.29,111.7,7.4
2022-09-29 22:00:00.000 -0400,Alan,659.3,60.09,0.37,18.29,106.0,7.38
2022-09-29 22:15:00.000 -0400,Alan,656.8,62.78,0.37,18.25,105.5,7.38
2022-09-29 22:30:00.000 -0400,Alan,657.0,63.94,0.37,18.2,114.7,7.39
2022-09-29 22:45:00.000 -0400,Alan,657.1,63.31,0.37,18.16,105.9,7.4
2022-09-29 23:00:00.000 -0400,Alan,655.4,64.36,0.37,18.13,109.1,7.4
2022-09-29 23:15:00.000 -0400,Alan,654.2,64.17,0.37,18.08,113.0,7.4
2022-09-29 23:30:00.000 -0400,Alan,653.7,63.87,0.37,18.04,113.7,7.39
2022-09-29 23:45:00.000 -0400,Alan,654.5,61.46,0.37,17.99,115.5,7.38
2022-09-30 00:00:00.000 -0400,Alan,652.8,63.0,0.37,17.94,118.1,7.39
2022-09-30 00:15:00.000 -0400,Alan,651.6,61.86,0.37,17.91,109.5,7.39
2022-09-30 00:30:00.000 -0400,Alan,651.5,62.64,0.37,17.88,123.1,7.38
2022-09-30 00:45:00.000 -0400,Alan,651.3,63.32,0.37,17.8,111.3,7.38
2022-09-30 01:00:00.000 -0400,Alan,651.0,61.56,0.37,17.76,110.5,7.38
2022-09-30 01:15:00.000 -0400,Alan,650.8,62.2,0.37,17.73,116.6,7.37
2022-09-30 01:30:00.000 -0400,Alan,649.3,64.92,0.37,17.66,111.5,7.38
2022-09-30 01:45:00.000 -0400,Alan,648.6,62.76,0.37,17.63,116.6,7.37
2022-09-30 02:00:00.000 -0400,Alan,648.8,59.02,0.37,17.58,116.5,7.37
2022-09-30 02:15:00.000 -0400,Alan,647.7,59.37,0.37,17.55,118.4,7.36
2022-09-30 02:30:00.000 -0400,Alan,647.0,63.79,0.37,17.51,112.9,7.36
2022-09-30 02:45:00.000 -0400,Alan,647.1,61.0,0.37,17.47,115.7,7.36
2022-09-30 03:00:00.000 -0400,Alan,646.5,62.24,0.37,17.42,131.5,7.36
2022-09-30 03:15:00.000 -0400,Alan,645.4,61.57,0.37,17.36,113.6,7.36
2022-09-30 03:30:00.000 -0400,Alan,645.1,59.74,0.37,17.33,114.4,7.36
2022-09-30 03:45:00.000 -0400,Alan,644.2,58.83,0.37,17.3,113.0,7.35
2022-09-30 04:00:00.000 -0400,Alan,643.4,52.94,0.37,17.26,109.6,7.35
2022-09-30 04:15:00.000 -0400,Alan,643.2,57.52,0.37,17.23,116.5,7.35
2022-09-30 04:30:00.000 -0400,Alan,642.1,57.7,0.37,17.17,109.5,7.34
2022-09-30 04:45:00.000 -0400,Alan,642.1,57.23,0.37,17.15,113.8,7.34
2022-09-30 05:00:00.000 -0400,Alan,641.7,57.23,0.37,17.11,105.8,7.34
2022-09-30 05:15:00.000 -0400,Alan,641.4,57.16,0.37,17.08,99.7,7.34
2022-09-30 05:30:00.000 -0400,Alan,640.5,58.35,0.37,17.05,102.5,7.34
2022-09-30 05:45:00.000 -0400,Alan,640.4,56.17,0.37,17.01,100.0,7.34
2022-09-30 06:00:00.000 -0400,Alan,639.7,56.64,0.37,17.01,98.8,7.34
2022-09-30 06:15:00.000 -0400,Alan,637.8,55.56,0.37,16.98,99.1,7.34
2022-09-30 06:30:00.000 -0400,Alan,638.1,54.96,0.37,16.95,93.6,7.33
2022-09-30 06:45:00.000 -0400,Alan,638.1,54.27,0.37,16.91,97.4,7.33
2022-09-30 07:00:00.000 -0400,Alan,637.2,54.48,0.37,16.88,87.7,7.33
2022-09-30 07:15:00.000 -0400,Alan,637.0,54.52,0.37,16.85,94.9,7.33
2022-09-30 07:30:00.000 -0400,Alan,636.5,55.52,0.37,16.83,93.9,7.33
2022-09-30 07:45:00.000 -0400,Alan,635.9,57.47,0.37,16.82,96.9,7.33
2022-09-30 08:00:00.000 -0400,Alan,634.5,56.76,0.37,16.79,99.9,7.34
2022-09-30 08:15:00.000 -0400,Alan,633.5,56.96,0.37,16.77,96.1,7.35
2022-09-30 08:30:00.000 -0400,Alan,609.9,58.39,0.36,16.74,94.9,7.35
2022-09-30 08:45:00.000 -0400,Alan,637.8,58.36,0.37,16.75,93.5,7.35
2022-09-30 09:00:00.000 -0400,Alan,635.9,58.77,0.37,16.75,103.7,7.36
2022-09-30 09:15:00.000 -0400,Alan,636.9,60.34,0.37,16.75,110.7,7.36
2022-09-30 09:30:00.000 -0400,Alan,637.0,59.1,0.37,16.8,103.4,7.36
2022-09-30 09:45:00.000 -0400,Alan,638.2,61.0,0.37,16.86,91.0,7.37
2022-09-30 10:00:00.000 -0400,Alan,638.4,61.59,0.37,16.94,87.2,7.37
2022-09-30 10:15:00.000 -0400,Alan,639.6,64.02,0.37,17.0,108.9,7.39
2022-09-30 10:30:00.000 -0400,Alan,639.0,61.95,0.37,17.03,104.9,7.39
2022-09-30 10:45:00.000 -0400,Alan,640.4,64.09,0.37,17.13,106.9,7.41
2022-09-30 11:00:00.000 -0400,Alan,641.0,66.52,0.37,17.23,91.5,7.42
2022-09-30 11:15:00.000 -0400,Alan,640.8,65.97,0.37,17.29,103.1,7.42
2022-09-30 11:30:00.000 -0400,Alan,640.7,67.2,0.37,17.32,98.8,7.43
2022-09-30 11:45:00.000 -0400,Alan,639.9,67.28,0.37,17.28,100.9,7.43
2022-09-30 12:00:00.000 -0400,Alan,641.2,66.09,0.37,17.32,75.94,7.43
2022-09-30 12:15:00.000 -0400,Alan,641.7,64.78,0.37,17.42,102.4,7.42
2022-09-30 12:30:00.000 -0400,Alan,643.0,63.5,0.37,17.42,94.5,7.42
2022-09-30 12:45:00.000 -0400,Alan,641.6,67.38,0.37,17.46,97.6,7.43
2022-09-30 13:00:00.000 -0400,Alan,642.6,68.74,0.37,17.5,97.4,7.43
2022-09-30 13:15:00.000 -0400,Alan,644.7,66.9,0.37,17.52,94.3,7.43
2022-09-30 13:30:00.000 -0400,Alan,645.1,67.49,0.37,17.64,92.7,7.44
2022-09-30 13:45:00.000 -0400,Alan,644.7,67.35,0.37,17.62,93.6,7.43
2022-09-30 14:00:00.000 -0400,Alan,645.4,67.46,0.37,17.68,88.9,7.43
2022-09-30 14:15:00.000 -0400,Alan,645.5,68.46,0.37,17.62,87.4,7.44
2022-09-30 14:30:00.000 -0400,Alan,645.0,68.11,0.37,17.57,83.8,7.43
2022-09-30 14:45:00.000 -0400,Alan,645.3,69.07,0.37,17.53,86.2,7.43
2022-09-30 15:00:00.000 -0400,Alan,646.5,68.13,0.37,17.52,105.3,7.42
2022-09-30 15:15:00.000 -0400,Alan,644.0,73.14,0.37,17.5,89.8,7.43
2022-09-30 15:30:00.000 -0400,Alan,651.9,72.49,0.37,17.51,88.6,7.42
2022-09-30 15:45:00.000 -0400,Alan,651.3,70.45,0.37,17.52,81.7,7.41
2022-09-30 16:00:00.000 -0400,Alan,649.3,72.34,0.37,17.53,79.2,7.41
2022-09-30 16:15:00.000 -0400,Alan,649.9,71.62,0.37,17.53,86.6,7.41
2022-09-30 16:30:00.000 -0400,Alan,648.2,70.18,0.37,17.52,89.3,7.41
2022-09-30 16:45:00.000 -0400,Alan,651.1,67.84,0.37,17.55,82.0,7.4
2022-09-30 17:00:00.000 -0400,Alan,650.9,62.34,0.37,17.55,83.2,7.4
2022-09-30 17:15:00.000 -0400,Alan,648.7,67.49,0.37,17.55,84.4,7.41
2022-09-30 17:30:00.000 -0400,Alan,649.8,64.47,0.37,17.57,85.4,7.4
2022-09-30 17:45:00.000 -0400,Alan,650.1,62.05,0.37,17.57,77.97,7.41
2022-09-30 18:00:00.000 -0400,Alan,649.8,64.54,0.37,17.58,85.1,7.4
2022-09-30 18:15:00.000 -0400,Alan,650.5,64.61,0.37,17.59,83.7,7.39
2022-09-30 18:30:00.000 -0400,Alan,651.4,66.05,0.37,17.6,89.0,7.39
2022-09-30 18:45:00.000 -0400,Alan,657.9,67.54,0.38,17.62,85.2,7.38
2022-09-30 19:00:00.000 -0400,Alan,654.0,61.56,0.37,17.59,85.6,7.36
2022-09-30 19:15:00.000 -0400,Alan,653.1,60.41,0.37,17.58,86.7,7.35
2022-09-30 19:30:00.000 -0400,Alan,649.8,61.8,0.37,17.58,85.2,7.36
2022-09-30 19:45:00.000 -0400,Alan,645.1,58.34,0.37,17.58,85.1,7.35
2022-09-30 20:00:00.000 -0400,Alan,670.4,63.27,0.38,17.63,84.3,7.32
2022-09-30 20:15:00.000 -0400,Alan,662.2,62.42,0.38,17.61,86.2,7.3
2022-09-30 20:30:00.000 -0400,Alan,655.7,63.99,0.38,17.55,85.6,7.33
2022-09-30 20:45:00.000 -0400,Alan,655.8,60.67,0.38,17.55,84.4,7.33
2022-09-30 21:00:00.000 -0400,Alan,660.4,62.44,0.38,17.57,87.7,7.33
2022-09-30 21:15:00.000 -0400,Alan,657.6,63.38,0.38,17.55,78.03,7.33
2022-09-30 21:30:00.000 -0400,Alan,656.5,63.56,0.38,17.53,79.76,7.33
2022-09-30 21:45:00.000 -0400,Alan,653.5,63.06,0.37,17.53,85.4,7.33
2022-09-30 22:00:00.000 -0400,Alan,655.6,64.03,0.38,17.5,84.9,7.34
2022-09-30 22:15:00.000 -0400,Alan,653.3,62.78,0.37,17.5,92.6,7.35
2022-09-30 22:30:00.000 -0400,Alan,661.1,64.98,0.38,17.49,82.1,7.35
2022-09-30 22:45:00.000 -0400,Alan,658.0,66.81,0.38,17.46,87.7,7.35
2022-09-30 23:00:00.000 -0400,Alan,657.2,65.13,0.38,17.46,87.3,7.36
2022-09-30 23:15:00.000 -0400,Alan,652.4,64.97,0.38,17.41,89.7,7.36
2022-09-30 23:30:00.000 -0400,Alan,650.0,67.91,0.37,17.39,87.1,7.38
2022-09-30 23:45:00.000 -0400,Alan,651.3,65.67,0.37,17.37,88.7,7.38
2022-10-01 00:00:00.000 -0400,Alan,653.0,66.14,0.38,17.34,84.0,7.38
2022-10-01 00:15:00.000 -0400,Alan,650.9,63.87,0.37,17.33,81.3,7.37
2022-10-01 00:30:00.000 -0400,Alan,650.8,57.33,0.38,17.3,79.12,7.36
2022-10-01 00:45:00.000 -0400,Alan,651.8,61.74,0.38,17.29,79.67,7.36
2022-10-01 01:00:00.000 -0400,Alan,651.2,62.53,0.38,17.26,76.26,7.36
2022-10-01 01:15:00.000 -0400,Alan,652.3,62.2,0.38,17.26,86.3,7.36
2022-10-01 01:30:00.000 -0400,Alan,649.5,63.53,0.38,17.21,80.1,7.36
2022-10-01 01:45:00.000 -0400,Alan,649.8,55.55,0.38,17.22,84.5,7.36
2022-10-01 02:00:00.000 -0400,Alan,649.2,57.74,0.38,17.19,84.0,7.36
2022-10-01 02:15:00.000 -0400,Alan,649.3,62.11,0.38,17.16,94.6,7.36
2022-10-01 02:30:00.000 -0400,Alan,649.1,61.16,0.38,17.15,79.04,7.35
2022-10-01 02:45:00.000 -0400,Alan,648.1,57.31,0.37,17.13,75.13,7.35
2022-10-01 03:00:00.000 -0400,Alan,648.0,59.69,0.37,17.12,78.9,7.35
2022-10-01 03:15:00.000 -0400,Alan,649.1,59.6,0.38,17.08,76.52,7.35
2022-10-01 03:30:00.000 -0400,Alan,647.4,57.13,0.38,17.08,74.1,7.34
2022-10-01 03:45:00.000 -0400,Alan,647.1,59.52,0.37,17.06,78.05,7.34
2022-10-01 04:00:00.000 -0400,Alan,648.1,54.52,0.38,17.04,80.9,7.34
2022-10-01 04:15:00.000 -0400,Alan,647.5,57.15,0.38,17.0,79.28,7.34
2022-10-01 04:30:00.000 -0400,Alan,647.9,56.37,0.38,16.99,78.25,7.33
2022-10-01 04:45:00.000 -0400,Alan,647.3,57.9,0.38,16.98,93.2,7.34
2022-10-01 05:00:00.000 -0400,Alan,646.5,54.49,0.38,16.97,80.8,7.34
2022-10-01 05:15:00.000 -0400,Alan,645.6,55.12,0.38,16.94,80.3,7.33
2022-10-01 05:30:00.000 -0400,Alan,646.7,55.43,0.38,16.92,74.0,7.33
2022-10-01 05:45:00.000 -0400,Alan,644.2,54.03,0.37,16.91,83.7,7.33
2022-10-01 06:00:00.000 -0400,Alan,643.0,51.73,0.37,16.87,86.9,7.32
2022-10-01 06:15:00.000 -0400,Alan,643.6,50.27,0.37,16.86,75.97,7.32
2022-10-01 06:30:00.000 -0400,Alan,642.1,50.78,0.37,16.84,93.7,7.31
2022-10-01 06:45:00.000 -0400,Alan,641.7,50.52,0.37,16.81,105.6,7.3
2022-10-01 07:00:00.000 -0400,Alan,641.8,52.85,0.37,16.78,69.08,7.31
2022-10-01 07:15:00.000 -0400,Alan,639.9,50.32,0.37,16.73,79.35,7.29
2022-10-01 07:30:00.000 -0400,Alan,633.6,50.21,0.37,16.71,81.0,7.3
2022-10-01 07:45:00.000 -0400,Alan,614.3,54.52,0.36,16.62,82.0,7.29
2022-10-01 08:00:00.000 -0400,Alan,620.4,53.22,0.36,16.63,80.2,7.29
2022-10-01 08:15:00.000 -0400,Alan,628.3,53.17,0.37,16.64,75.34,7.29
2022-10-01 08:30:00.000 -0400,Alan,630.4,54.02,0.37,16.64,75.68,7.3
2022-10-01 08:45:00.000 -0400,Alan,630.4,54.28,0.37,16.66,88.6,7.3
2022-10-01 09:00:00.000 -0400,Alan,631.4,54.51,0.37,16.66,79.14,7.3
2022-10-01 09:15:00.000 -0400,Alan,633.2,53.04,0.37,16.69,76.63,7.3
2022-10-01 09:30:00.000 -0400,Alan,635.5,55.44,0.37,16.69,82.7,7.32
2022-10-01 09:45:00.000 -0400,Alan,633.2,55.43,0.37,16.74,88.2,7.32
2022-10-01 10:00:00.000 -0400,Alan,636.5,54.92,0.37,16.8,83.9,7.32
2022-10-01 10:15:00.000 -0400,Alan,635.5,55.17,0.37,16.83,85.1,7.33
2022-10-01 10:30:00.000 -0400,Alan,635.7,54.7,0.37,16.83,78.27,7.34
2022-10-01 10:45:00.000 -0400,Alan,637.1,56.42,0.37,16.83,86.7,7.34
2022-10-01 11:00:00.000 -0400,Alan,640.3,56.99,0.37,16.92,79.14,7.34
2022-10-01 11:15:00.000 -0400,Alan,636.8,57.66,0.37,16.9,79.15,7.36
2022-10-01 11:30:00.000 -0400,Alan,639.2,60.58,0.37,16.93,69.31,7.37
2022-10-01 11:45:00.000 -0400,Alan,639.2,59.82,0.37,16.96,77.27,7.37
2022-10-01 12:00:00.000 -0400,Alan,636.8,58.68,0.37,16.98,81.5,7.38
2022-10-01 12:15:00.000 -0400,Alan,639.1,60.37,0.37,17.01,78.56,7.38
2022-10-01 12:30:00.000 -0400,Alan,637.0,61.04,0.37,17.02,93.4,7.38
2022-10-01 12:45:00.000 -0400,Alan,638.1,61.53,0.37,17.02,74.95,7.39
2022-10-01 13:00:00.000 -0400,Alan,639.4,65.71,0.37,17.09,93.7,7.4
2022-10-01 13:15:00.000 -0400,Alan,638.7,63.73,0.37,17.05,87.3,7.4
2022-10-01 13:30:00.000 -0400,Alan,626.7,64.1,0.36,17.06,71.95,7.41
2022-10-01 13:45:00.000 -0400,Alan,637.2,64.13,0.37,17.07,73.25,7.41
2022-10-01 14:00:00.000 -0400,Alan,625.4,65.42,0.36,17.07,100.6,7.41
2022-10-01 14:15:00.000 -0400,Alan,626.2,63.09,0.36,17.07,75.97,7.41
2022-10-01 14:30:00.000 -0400,Alan,628.2,65.8,0.36,17.08,90.0,7.42
2022-10-01 14:45:00.000 -0400,Alan,628.7,65.66,0.36,17.08,97.2,7.43
2022-10-01 15:00:00.000 -0400,Alan,626.0,65.63,0.36,17.08,83.4,7.42
2022-10-01 15:15:00.000 -0400,Alan,621.3,62.77,0.36,17.05,79.21,7.42
2022-10-01 15:30:00.000 -0400,Alan,629.2,62.58,0.36,17.07,96.2,7.41
2022-10-01 15:45:00.000 -0400,Alan,637.6,62.42,0.37,17.08,88.1,7.41
2022-10-01 16:00:00.000 -0400,Alan,638.1,64.29,0.37,17.07,86.0,7.42
2022-10-01 16:15:00.000 -0400,Alan,638.4,63.86,0.37,17.1,82.1,7.41
2022-10-01 16:30:00.000 -0400,Alan,638.3,63.35,0.37,17.1,84.3,7.41
2022-10-01 16:45:00.000 -0400,Alan,637.5,63.3,0.37,17.1,77.79,7.4
2022-10-01 17:00:00.000 -0400,Alan,638.9,61.41,0.37,17.08,79.1,7.4
2022-10-01 17:15:00.000 -0400,Alan,637.2,64.38,0.37,17.12,78.29,7.4
2022-10-01 17:30:00.000 -0400,Alan,636.5,60.45,0.37,17.08,79.49,7.39
2022-10-01 17:45:00.000 -0400,Alan,637.2,60.8,0.37,17.07,78.17,7.39
2022-10-01 18:00:00.000 -0400,Alan,636.2,62.79,0.37,17.11,89.5,7.39
2022-10-01 18:15:00.000 -0400,Alan,637.8,58.99,0.37,17.1,75.69,7.38
2022-10-01 18:30:00.000 -0400,Alan,636.6,60.73,0.37,17.1,74.87,7.38
2022-10-01 18:45:00.000 -0400,Alan,636.6,60.39,0.37,17.08,83.0,7.38
2022-10-01 19:00:00.000 -0400,Alan,636.8,59.22,0.37,17.09,76.27,7.38
2022-10-01 19:15:00.000 -0400,Alan,634.3,54.8,0.37,17.07,81.1,7.36
2022-10-01 19:30:00.000 -0400,Alan,634.5,53.12,0.37,17.05,78.53,7.34
2022-10-01 19:45:00.000 -0400,Alan,630.8,57.8,0.37,17.03,77.73,7.34
2022-10-01 20:00:00.000 -0400,Alan,629.1,60.62,0.36,17.03,75.5,7.35
2022-10-01 20:15:00.000 -0400,Alan,632.6,63.55,0.37,17.03,79.28,7.37
2022-10-01 20:30:00.000 -0400,Alan,631.6,60.11,0.37,17.02,71.91,7.36
2022-10-01 20:45:00.000 -0400,Alan,631.0,62.42,0.37,17.0,71.85,7.37
2022-10-01 21:00:00.000 -0400,Alan,633.0,63.78,0.37,17.0,72.46,7.38
2022-10-01 21:15:00.000 -0400,Alan,631.3,59.76,0.37,16.98,67.67,7.38
2022-10-01 21:30:00.000 -0400,Alan,631.4,60.07,0.37,16.96,73.54,7.37
2022-10-01 21:45:00.000 -0400,Alan,631.7,60.43,0.37,16.95,76.77,7.37
2022-10-01 22:00:00.000 -0400,Alan,631.4,59.14,0.37,16.95,76.21,7.37
2022-10-01 22:15:00.000 -0400,Alan,632.5,58.39,0.37,16.93,71.16,7.36
2022-10-01 22:30:00.000 -0400,Alan,631.0,56.95,0.37,16.92,81.3,7.35
2022-10-01 22:45:00.000 -0400,Alan,630.8,55.92,0.37,16.89,76.85,7.35
2022-10-01 23:00:00.000 -0400,Alan,630.6,55.73,0.37,16.89,72.48,7.35
2022-10-01 23:15:00.000 -0400,Alan,630.8,54.6,0.37,16.87,86.2,7.34
2022-10-01 23:30:00.000 -0400,Alan,632.1,53.19,0.37,16.87,76.6,7.34
2022-10-01 23:45:00.000 -0400,Alan,630.8,53.13,0.37,16.84,76.59,7.33
2022-10-02 00:00:00.000 -0400,Alan,630.7,52.5,0.37,16.83,91.4,7.33
2022-10-02 00:15:00.000 -0400,Alan,631.3,52.86,0.37,16.81,77.63,7.33
2022-10-02 00:30:00.000 -0400,Alan,629.6,50.9,0.37,16.8,79.93,7.33
2022-10-02 00:45:00.000 -0400,Alan,630.0,52.29,0.37,16.78,86.7,7.32
2022-10-02 01:00:00.000 -0400,Alan,631.4,52.96,0.37,16.77,76.06,7.32
2022-10-02 01:15:00.000 -0400,Alan,629.6,52.95,0.37,16.77,68.19,7.33
2022-10-02 01:30:00.000 -0400,Alan,629.5,53.63,0.37,16.74,69.45,7.33
2022-10-02 01:45:00.000 -0400,Alan,630.9,53.2,0.37,16.73,66.66,7.33
2022-10-02 02:00:00.000 -0400,Alan,630.3,52.94,0.37,16.71,67.51,7.32
2022-10-02 02:15:00.000 -0400,Alan,630.3,51.34,0.37,16.71,69.66,7.32
2022-10-02 02:30:00.000 -0400,Alan,628.6,51.76,0.37,16.66,64.92,7.32
2022-10-02 02:45:00.000 -0400,Alan,622.4,50.53,0.36,16.66,60.81,7.32
2022-10-02 03:00:00.000 -0400,Alan,618.8,50.15,0.36,16.65,69.54,7.31
2022-10-02 03:15:00.000 -0400,Alan,628.8,49.68,0.37,16.62,69.55,7.32
2022-10-02 03:30:00.000 -0400,Alan,628.2,49.73,0.37,16.61,70.12,7.31
2022-10-02 03:45:00.000 -0400,Alan,628.6,49.96,0.37,16.59,78.72,7.32
2022-10-02 04:00:00.000 -0400,Alan,627.3,49.42,0.37,16.58,79.17,7.31
2022-10-02 04:15:00.000 -0400,Alan,628.1,47.63,0.37,16.57,65.33,7.31
2022-10-02 04:30:00.000 -0400,Alan,628.8,50.27,0.37,16.53,69.35,7.32
2022-10-02 04:45:00.000 -0400,Alan,626.5,50.73,0.37,16.55,72.91,7.32
2022-10-02 05:00:00.000 -0400,Alan,628.6,49.08,0.37,16.51,68.25,7.31
2022-10-02 05:15:00.000 -0400,Alan,627.4,49.98,0.37,16.5,71.74,7.31
2022-10-02 05:30:00.000 -0400,Alan,627.6,49.92,0.37,16.5,69.02,7.31
2022-10-02 05:45:00.000 -0400,Alan,628.0,49.49,0.37,16.44,78.16,7.31
2022-10-02 06:00:00.000 -0400,Alan,627.5,48.67,0.37,16.48,73.48,7.31
2022-10-02 06:15:00.000 -0400,Alan,627.8,49.78,0.37,16.42,70.13,7.31
2022-10-02 06:30:00.000 -0400,Alan,627.8,49.77,0.37,16.41,70.77,7.31
2022-10-02 06:45:00.000 -0400,Alan,625.4,49.62,0.37,16.42,76.23,7.31
2022-10-02 07:00:00.000 -0400,Alan,626.5,47.81,0.37,16.41,76.07,7.3
2022-10-02 07:15:00.000 -0400,Alan,625.7,48.01,0.37,16.41,75.68,7.31
2022-10-02 07:30:00.000 -0400,Alan,626.4,48.34,0.37,16.41,74.71,7.31
2022-10-02 07:45:00.000 -0400,Alan,624.4,49.51,0.37,16.39,83.2,7.32
2022-10-02 08:00:00.000 -0400,Alan,626.7,49.44,0.37,16.42,77.28,7.32
2022-10-02 08:15:00.000 -0400,Alan,626.3,50.57,0.37,16.45,82.5,7.32
2022-10-02 08:30:00.000 -0400,Alan,627.2,50.02,0.37,16.45,75.34,7.33
2022-10-02 08:45:00.000 -0400,Alan,627.2,52.56,0.37,16.5,80.1,7.33
2022-10-02 09:00:00.000 -0400,Alan,627.3,52.39,0.37,16.49,83.3,7.34
2022-10-02 09:15:00.000 -0400,Alan,627.1,52.18,0.37,16.54,78.29,7.34
2022-10-02 09:30:00.000 -0400,Alan,627.5,53.49,0.37,16.52,74.96,7.34
2022-10-02 09:45:00.000 -0400,Alan,628.5,54.8,0.37,16.53,83.0,7.35
2022-10-02 10:00:00.000 -0400,Alan,629.9,56.13,0.37,16.52,81.7,7.36
2022-10-02 10:15:00.000 -0400,Alan,629.0,56.03,0.37,16.54,80.5,7.36
2022-10-02 10:30:00.000 -0400,Alan,629.5,56.15,0.37,16.56,81.0,7.36
2022-10-02 10:45:00.000 -0400,Alan,630.0,55.75,0.37,16.56,82.7,7.36
2022-10-02 11:00:00.000 -0400,Alan,629.6,56.71,0.37,16.56,80.4,7.36
2022-10-02 11:15:00.000 -0400,Alan,630.3,57.92,0.37,16.55,75.44,7.37
2022-10-02 11:30:00.000 -0400,Alan,631.0,60.13,0.37,16.58,74.76,7.38
2022-10-02 11:45:00.000 -0400,Alan,630.2,60.67,0.37,16.57,83.8,7.38
2022-10-02 12:00:00.000 -0400,Alan,632.5,60.5,0.37,16.58,74.15,7.38
2022-10-02 12:15:00.000 -0400,Alan,632.9,62.25,0.37,16.59,71.85,7.38
2022-10-02 12:30:00.000 -0400,Alan,631.8,63.05,0.37,16.59,82.8,7.39
2022-10-02 12:45:00.000 -0400,Alan,633.0,63.1,0.37,16.61,76.46,7.39
2022-10-02 13:00:00.000 -0400,Alan,636.4,63.33,0.37,16.62,77.56,7.38
2022-10-02 13:15:00.000 -0400,Alan,636.2,64.48,0.37,16.65,82.7,7.39
2022-10-02 13:30:00.000 -0400,Alan,633.0,64.51,0.37,16.66,78.06,7.4
2022-10-02 13:45:00.000 -0400,Alan,631.2,64.7,0.37,16.65,88.9,7.4
2022-10-02 14:00:00.000 -0400,Alan,631.2,66.36,0.37,16.64,74.36,7.41
2022-10-02 14:15:00.000 -0400,Alan,631.1,65.88,0.37,16.64,65.57,7.41
2022-10-02 14:30:00.000 -0400,Alan,630.5,67.0,0.37,16.64,69.29,7.42
2022-10-02 14:45:00.000 -0400,Alan,631.2,67.35,0.37,16.64,85.1,7.42
2022-10-02 15:00:00.000 -0400,Alan,632.4,67.75,0.37,16.64,78.08,7.42
2022-10-02 15:15:00.000 -0400,Alan,635.3,68.55,0.37,16.62,80.1,7.42
2022-10-02 15:30:00.000 -0400,Alan,632.0,68.97,0.37,16.59,81.1,7.41
2022-10-02 15:45:00.000 -0400,Alan,636.4,68.7,0.37,16.57,82.2,7.41
2022-10-02 16:00:00.000 -0400,Alan,636.6,70.1,0.37,16.56,79.0,7.42
2022-10-02 16:15:00.000 -0400,Alan,632.2,67.19,0.37,16.54,76.38,7.42
2022-10-02 16:30:00.000 -0400,Alan,630.5,70.93,0.37,16.5,80.3,7.43
2022-10-02 16:45:00.000 -0400,Alan,630.0,70.99,0.37,16.47,75.49,7.43
2022-10-02 17:00:00.000 -0400,Alan,630.7,70.03,0.37,16.45,74.27,7.43
2022-10-02 17:15:00.000 -0400,Alan,632.2,69.79,0.37,16.43,72.14,7.42
2022-10-02 17:30:00.000 -0400,Alan,631.4,70.13,0.37,16.4,74.39,7.43
2022-10-02 17:45:00.000 -0400,Alan,629.9,69.71,0.37,16.39,73.9,7.42
2022-10-02 18:00:00.000 -0400,Alan,631.3,69.12,0.37,16.36,63.99,7.42
2022-10-02 18:15:00.000 -0400,Alan,627.4,69.41,0.37,16.31,71.79,7.43
2022-10-02 18:30:00.000 -0400,Alan,626.4,65.7,0.37,16.28,75.59,7.43
2022-10-02 18:45:00.000 -0400,Alan,627.6,64.48,0.37,16.25,75.16,7.42
2022-10-02 19:00:00.000 -0400,Alan,626.6,65.8,0.37,16.22,94.0,7.41
2022-10-02 19:15:00.000 -0400,Alan,625.7,64.24,0.37,16.19,75.43,7.41
2022-10-02 19:30:00.000 -0400,Alan,625.3,63.68,0.37,16.16,79.84,7.41
2022-10-02 19:45:00.000 -0400,Alan,626.2,65.02,0.37,16.1,86.8,7.41
2022-10-02 20:00:00.000 -0400,Alan,625.1,64.89,0.37,16.11,66.97,7.41
2022-10-02 20:15:00.000 -0400,Alan,622.9,63.09,0.37,16.08,77.9,7.41
2022-10-02 20:30:00.000 -0400,Alan,623.0,61.1,0.37,16.04,82.1,7.4
2022-10-02 20:45:00.000 -0400,Alan,624.3,63.08,0.37,16.0,78.71,7.4
2022-10-02 21:00:00.000 -0400,Alan,622.8,63.24,0.37,16.0,73.87,7.4
2022-10-02 21:15:00.000 -0400,Alan,622.9,61.18,0.37,15.94,86.2,7.39
2022-10-02 21:30:00.000 -0400,Alan,622.4,60.84,0.37,15.9,70.2,7.39
2022-10-02 21:45:00.000 -0400,Alan,622.1,60.94,0.37,15.88,78.8,7.38
2022-10-02 22:00:00.000 -0400,Alan,621.6,61.15,0.37,15.84,67.13,7.38
2022-10-02 22:15:00.000 -0400,Alan,620.4,60.02,0.37,15.8,85.5,7.38
2022-10-02 22:30:00.000 -0400,Alan,619.2,59.4,0.37,15.81,85.3,7.39
2022-10-02 22:45:00.000 -0400,Alan,619.5,59.12,0.37,15.76,75.17,7.39
2022-10-02 23:00:00.000 -0400,Alan,619.5,58.93,0.37,15.75,83.3,7.38
2022-10-02 23:15:00.000 -0400,Alan,619.0,57.2,0.37,15.72,79.37,7.38
2022-10-02 23:30:00.000 -0400,Alan,620.5,57.27,0.37,15.65,76.39,7.37
2022-10-02 23:45:00.000 -0400,Alan,619.5,56.72,0.37,15.68,77.26,7.37
2022-10-03 00:00:00.000 -0400,Alan,619.6,56.75,0.37,15.66,77.21,7.37
2022-10-03 00:15:00.000 -0400,Alan,620.0,55.77,0.37,15.59,81.7,7.36
2022-10-03 00:30:00.000 -0400,Alan,619.6,56.02,0.37,15.59,63.82,7.35
2022-10-03 00:45:00.000 -0400,Alan,618.5,56.61,0.37,15.57,78.03,7.36
2022-10-03 01:00:00.000 -0400,Alan,617.4,56.1,0.37,15.55,80.1,7.36
2022-10-03 01:15:00.000 -0400,Alan,617.0,53.63,0.37,15.52,67.29,7.36
2022-10-03 01:30:00.000 -0400,Alan,617.5,55.63,0.37,15.5,69.4,7.36
2022-10-03 01:45:00.000 -0400,Alan,615.5,55.54,0.37,15.47,74.0,7.36
2022-10-03 02:00:00.000 -0400,Alan,616.6,55.41,0.37,15.42,74.66,7.37
2022-10-03 02:15:00.000 -0400,Alan,616.2,55.25,0.37,15.41,76.34,7.36
2022-10-03 02:30:00.000 -0400,Alan,615.7,55.07,0.37,15.39,71.31,7.36
2022-10-03 02:45:00.000 -0400,Alan,614.7,55.22,0.37,15.34,76.72,7.37
2022-10-03 03:00:00.000 -0400,Alan,614.8,54.36,0.37,15.34,74.47,7.37
2022-10-03 03:15:00.000 -0400,Alan,614.9,53.89,0.37,15.31,68.48,7.37
2022-10-03 03:30:00.000 -0400,Alan,613.0,54.52,0.37,15.29,73.74,7.37
2022-10-03 03:45:00.000 -0400,Alan,613.3,52.21,0.37,15.26,67.96,7.37
2022-10-03 04:00:00.000 -0400,Alan,613.2,51.56,0.37,15.27,72.94,7.36
2022-10-03 04:15:00.000 -0400,Alan,614.6,52.43,0.37,15.19,69.13,7.36
2022-10-03 04:30:00.000 -0400,Alan,613.1,52.51,0.37,15.21,74.22,7.35
2022-10-03 04:45:00.000 -0400,Alan,612.1,50.47,0.37,15.19,79.82,7.35
2022-10-03 05:00:00.000 -0400,Alan,611.6,52.82,0.37,15.16,65.87,7.35
2022-10-03 05:15:00.000 -0400,Alan,611.1,52.3,0.37,15.13,79.9,7.35
2022-10-03 05:30:00.000 -0400,Alan,610.8,51.83,0.37,15.12,75.72,7.35
2022-10-03 05:45:00.000 -0400,Alan,611.1,50.0,0.37,15.09,70.01,7.34
2022-10-03 06:00:00.000 -0400,Alan,611.3,50.56,0.37,15.06,71.47,7.34
2022-10-03 06:15:00.000 -0400,Alan,611.5,51.01,0.37,15.03,77.59,7.35
2022-10-03 06:30:00.000 -0400,Alan,610.9,49.69,0.37,14.99,74.4,7.34
2022-10-03 06:45:00.000 -0400,Alan,611.0,50.98,0.37,14.96,74.21,7.35
2022-10-03 07:00:00.000 -0400,Alan,609.5,49.33,0.37,14.94,67.2,7.35
2022-10-03 07:15:00.000 -0400,Alan,610.4,50.54,0.37,14.92,75.11,7.35
2022-10-03 07:30:00.000 -0400,Alan,610.4,49.84,0.37,14.89,79.42,7.35
2022-10-03 07:45:00.000 -0400,Alan,609.3,50.03,0.37,14.89,66.67,7.35
2022-10-03 08:00:00.000 -0400,Alan,609.1,51.3,0.37,14.88,68.8,7.35
2022-10-03 08:15:00.000 -0400,Alan,608.6,50.85,0.37,14.86,68.82,7.35
2022-10-03 08:30:00.000 -0400,Alan,609.2,51.4,0.37,14.86,83.1,7.35
2022-10-03 08:45:00.000 -0400,Alan,610.8,50.99,0.37,14.86,62.65,7.35
2022-10-03 09:00:00.000 -0400,Alan,609.6,52.19,0.37,14.84,72.47,7.35
2022-10-03 09:15:00.000 -0400,Alan,610.6,51.79,0.37,14.83,67.04,7.35
2022-10-03 09:30:00.000 -0400,Alan,611.0,51.87,0.37,14.86,77.49,7.35
2022-10-03 09:45:00.000 -0400,Alan,609.8,53.79,0.37,14.84,71.78,7.36
2022-10-03 10:00:00.000 -0400,Alan,609.2,56.62,0.37,14.85,68.94,7.37
2022-10-03 10:15:00.000 -0400,Alan,609.0,56.57,0.37,14.86,68.46,7.38
2022-10-03 10:30:00.000 -0400,Alan,609.5,57.57,0.37,14.87,65.7,7.38
2022-10-03 10:45:00.000 -0400,Alan,607.9,57.65,0.37,14.86,72.7,7.38
2022-10-03 11:00:00.000 -0400,Alan,608.5,56.7,0.37,14.84,71.4,7.38
2022-10-03 11:15:00.000 -0400,Alan,608.4,58.42,0.37,14.86,69.98,7.38
2022-10-03 11:30:00.000 -0400,Alan,608.9,57.72,0.37,14.85,66.57,7.39
2022-10-03 11:45:00.000 -0400,Alan,608.5,59.08,0.37,14.86,71.84,7.39
2022-10-03 12:00:00.000 -0400,Alan,608.5,60.03,0.37,14.86,78.67,7.4
2022-10-03 12:15:00.000 -0400,Alan,608.0,60.79,0.37,14.84,75.17,7.4
2022-10-03 12:30:00.000 -0400,Alan,608.0,59.78,0.37,14.86,67.57,7.41
2022-10-03 12:45:00.000 -0400,Alan,608.1,60.82,0.37,14.84,66.03,7.41
2022-10-03 13:00:00.000 -0400,Alan,605.5,61.61,0.37,14.85,60.11,7.41
2022-10-03 13:15:00.000 -0400,Alan,606.3,63.28,0.37,14.84,67.19,7.42
2022-10-03 13:30:00.000 -0400,Alan,607.3,65.18,0.37,14.83,67.96,7.43
2022-10-03 13:45:00.000 -0400,Alan,606.5,64.92,0.37,14.87,69.73,7.43
2022-10-03 14:00:00.000 -0400,Alan,607.6,65.63,0.37,14.85,65.27,7.44
2022-10-03 14:15:00.000 -0400,Alan,606.1,65.41,0.37,14.84,70.68,7.45
2022-10-03 14:30:00.000 -0400,Alan,604.4,66.02,0.37,14.82,68.36,7.46
2022-10-03 14:45:00.000 -0400,Alan,605.7,65.35,0.37,14.85,63.66,7.45
2022-10-03 15:00:00.000 -0400,Alan,606.6,66.77,0.37,14.84,66.54,7.46
2022-10-03 15:15:00.000 -0400,Alan,610.1,67.93,0.37,14.84,61.5,7.46
2022-10-03 15:30:00.000 -0400,Alan,605.7,67.29,0.37,14.82,66.52,7.46
2022-10-03 15:45:00.000 -0400,Alan,608.8,66.76,0.37,14.82,70.7,7.45
2022-10-03 16:00:00.000 -0400,Alan,608.4,66.35,0.37,14.8,68.8,7.45
2022-10-03 16:15:00.000 -0400,Alan,608.2,67.63,0.37,14.79,67.76,7.45
2022-10-03 16:30:00.000 -0400,Alan,607.4,67.38,0.37,14.78,67.77,7.45
2022-10-03 16:45:00.000 -0400,Alan,607.7,64.8,0.37,14.77,68.67,7.44
2022-10-03 17:00:00.000 -0400,Alan,606.2,65.42,0.37,14.75,69.68,7.44
2022-10-03 17:15:00.000 -0400,Alan,608.0,64.7,0.37,14.71,66.2,7.44
2022-10-03 17:30:00.000 -0400,Alan,607.7,64.04,0.37,14.69,65.19,7.44
2022-10-03 17:45:00.000 -0400,Alan,607.8,64.17,0.37,14.7,63.01,7.43
2022-10-03 18:00:00.000 -0400,Alan,608.0,65.2,0.37,14.68,67.51,7.43
2022-10-03 18:15:00.000 -0400,Alan,607.1,63.12,0.37,14.65,64.55,7.43
2022-10-03 18:30:00.000 -0400,Alan,606.0,61.69,0.37,14.63,67.02,7.42
2022-10-03 18:45:00.000 -0400,Alan,606.9,61.27,0.37,14.62,65.22,7.42
2022-10-03 19:00:00.000 -0400,Alan,605.2,61.93,0.37,14.6,70.69,7.42
2022-10-03 19:15:00.000 -0400,Alan,607.0,62.18,0.37,14.56,67.99,7.41
2022-10-03 19:30:00.000 -0400,Alan,606.1,61.65,0.37,14.56,66.2,7.41
2022-10-03 19:45:00.000 -0400,Alan,603.5,62.94,0.37,14.51,68.13,7.41
2022-10-03 20:00:00.000 -0400,Alan,605.1,62.9,0.37,14.49,63.19,7.41
2022-10-03 20:15:00.000 -0400,Alan,604.3,62.54,0.37,14.49,62.02,7.41
2022-10-03 20:30:00.000 -0400,Alan,601.7,61.42,0.37,14.45,68.4,7.41
2022-10-03 20:45:00.000 -0400,Alan,599.7,62.43,0.37,14.42,62.9,7.4
2022-10-03 21:00:00.000 -0400,Alan,600.5,61.74,0.37,14.39,67.71,7.4
2022-10-03 21:15:00.000 -0400,Alan,600.3,62.67,0.37,14.41,66.64,7.4
2022-10-03 21:30:00.000 -0400,Alan,595.3,61.32,0.37,14.34,69.68,7.41
2022-10-03 21:45:00.000 -0400,Alan,595.7,61.55,0.37,14.33,66.39,7.4
2022-10-03 22:00:00.000 -0400,Alan,596.4,60.95,0.37,14.31,68.88,7.4
2022-10-03 22:15:00.000 -0400,Alan,587.1,59.52,0.36,14.22,63.46,7.39
2022-10-03 22:30:00.000 -0400,Alan,584.6,61.07,0.36,14.2,61.54,7.38
2022-10-03 22:45:00.000 -0400,Alan,583.3,60.23,0.36,14.17,75.86,7.38
2022-10-03 23:00:00.000 -0400,Alan,586.9,59.13,0.36,14.18,66.41,7.37
2022-10-03 23:15:00.000 -0400,Alan,577.9,60.36,0.36,14.12,67.94,7.37
2022-10-03 23:30:00.000 -0400,Alan,577.5,60.33,0.36,14.12,70.53,7.38
2022-10-03 23:45:00.000 -0400,Alan,587.4,59.41,0.36,14.18,67.84,7.38
2022-10-04 00:00:00.000 -0400,Alan,589.9,58.59,0.37,14.15,73.34,7.38
2022-10-04 00:15:00.000 -0400,Alan,586.2,58.48,0.36,14.11,68.51,7.37
2022-10-04 00:30:00.000 -0400,Alan,586.9,58.5,0.36,14.1,65.85,7.38
2022-10-04 00:45:00.000 -0400,Alan,583.0,56.36,0.36,14.07,64.75,7.37
2022-10-04 01:00:00.000 -0400,Alan,587.1,56.64,0.37,14.06,61.28,7.37
2022-10-04 01:15:00.000 -0400,Alan,588.2,56.54,0.37,14.07,65.35,7.37
2022-10-04 01:30:00.000 -0400,Alan,587.1,56.32,0.37,14.05,63.49,7.37
2022-10-04 01:45:00.000 -0400,Alan,587.0,55.5,0.37,14.03,63.97,7.37
2022-10-04 02:00:00.000 -0400,Alan,586.9,55.3,0.37,14.02,65.44,7.37
2022-10-04 02:15:00.000 -0400,Alan,584.5,55.34,0.36,13.98,68.56,7.37
2022-10-04 02:30:00.000 -0400,Alan,580.8,54.85,0.36,13.93,64.36,7.36
2022-10-04 02:45:00.000 -0400,Alan,574.6,55.08,0.36,13.89,68.25,7.36
2022-10-04 03:00:00.000 -0400,Alan,569.6,55.39,0.36,13.89,62.32,7.35
2022-10-04 03:15:00.000 -0400,Alan,541.8,57.64,0.34,13.71,65.16,7.35
2022-10-04 03:30:00.000 -0400,Alan,500.6,60.02,0.31,13.49,65.78,7.34
2022-10-04 03:45:00.000 -0400,Alan,498.3,61.2,0.31,13.41,64.33,7.34
2022-10-04 04:00:00.000 -0400,Alan,494.5,61.61,0.31,13.38,64.55,7.32
2022-10-04 04:15:00.000 -0400,Alan,515.6,59.31,0.32,13.5,68.97,7.32
2022-10-04 04:30:00.000 -0400,Alan,549.7,57.47,0.34,13.65,67.82,7.34
2022-10-04 04:45:00.000 -0400,Alan,555.4,56.33,0.35,13.66,63.99,7.35
2022-10-04 05:00:00.000 -0400,Alan,553.3,56.44,0.35,13.65,65.35,7.36
2022-10-04 05:15:00.000 -0400,Alan,545.4,56.14,0.34,13.61,64.85,7.36
2022-10-04 05:30:00.000 -0400,Alan,540.4,56.54,0.34,13.56,63.0,7.36
2022-10-04 05:45:00.000 -0400,Alan,534.7,56.59,0.34,13.53,63.81,7.36
2022-10-04 06:00:00.000 -0400,Alan,539.8,55.92,0.34,13.53,64.46,7.36
2022-10-04 06:15:00.000 -0400,Alan,544.2,57.04,0.34,13.55,67.28,7.36
2022-10-04 06:30:00.000 -0400,Alan,545.9,55.97,0.34,13.52,67.75,7.36
2022-10-04 06:45:00.000 -0400,Alan,529.7,56.19,0.33,13.47,63.17,7.37
2022-10-04 07:00:00.000 -0400,Alan,493.0,58.64,0.31,13.26,64.12,7.37
2022-10-04 07:15:00.000 -0400,Alan,475.6,58.26,0.3,13.18,65.78,7.36
2022-10-04 07:30:00.000 -0400,Alan,466.0,59.75,0.29,13.14,65.3,7.35
2022-10-04 07:45:00.000 -0400,Alan,476.7,59.43,0.3,13.17,62.15,7.34
2022-10-04 08:00:00.000 -0400,Alan,466.0,58.29,0.29,13.13,67.16,7.34
2022-10-04 08:15:00.000 -0400,Alan,476.0,59.73,0.3,13.18,65.33,7.34
2022-10-04 08:30:00.000 -0400,Alan,432.7,61.96,0.27,13.05,66.43,7.35
2022-10-04 08:45:00.000 -0400,Alan,428.8,62.08,0.27,12.97,65.95,7.34
2022-10-04 09:00:00.000 -0400,Alan,447.1,64.83,0.28,12.91,69.16,7.35
2022-10-04 09:15:00.000 -0400,Alan,450.8,62.5,0.29,13.05,67.39,7.33
2022-10-04 09:30:00.000 -0400,Alan,459.9,61.91,0.29,13.14,65.15,7.34
2022-10-04 09:45:00.000 -0400,Alan,465.6,61.77,0.29,13.19,66.78,7.35
2022-10-04 10:00:00.000 -0400,Alan,455.9,62.8,0.29,13.1,67.07,7.35
2022-10-04 10:15:00.000 -0400,Alan,472.2,62.72,0.3,13.2,66.03,7.36
2022-10-04 10:30:00.000 -0400,Alan,474.7,62.02,0.3,13.21,68.96,7.36
2022-10-04 10:45:00.000 -0400,Alan,488.6,61.12,0.31,13.33,64.93,7.36
2022-10-04 11:00:00.000 -0400,Alan,489.3,61.01,0.31,13.31,66.01,7.37
2022-10-04 11:15:00.000 -0400,Alan,500.4,59.54,0.31,13.37,62.65,7.37
2022-10-04 11:30:00.000 -0400,Alan,504.4,58.51,0.32,13.49,65.29,7.38
2022-10-04 11:45:00.000 -0400,Alan,517.0,58.38,0.32,13.52,67.09,7.38
2022-10-04 12:00:00.000 -0400,Alan,514.7,58.69,0.32,13.52,62.82,7.38
2022-10-04 12:15:00.000 -0400,Alan,512.2,60.82,0.32,13.52,64.23,7.39
2022-10-04 12:30:00.000 -0400,Alan,529.7,60.7,0.33,13.68,65.3,7.39
2022-10-04 12:45:00.000 -0400,Alan,532.2,59.71,0.33,13.68,63.15,7.4
2022-10-04 13:00:00.000 -0400,Alan,529.7,61.51,0.33,13.64,56.55,7.41
2022-10-04 13:15:00.000 -0400,Alan,556.7,60.53,0.35,13.8,63.43,7.41
2022-10-04 13:30:00.000 -0400,Alan,536.2,61.41,0.34,13.71,63.45,7.42
2022-10-04 13:45:00.000 -0400,Alan,528.0,59.6,0.33,13.63,65.27,7.41
2022-10-04 14:00:00.000 -0400,Alan,545.0,59.8,0.34,13.73,64.61,7.42
2022-10-04 14:15:00.000 -0400,Alan,544.0,61.08,0.34,13.74,64.29,7.42
2022-10-04 14:30:00.000 -0400,Alan,543.0,61.93,0.34,13.7,65.02,7.43
2022-10-04 14:45:00.000 -0400,Alan,550.6,61.23,0.34,13.76,67.89,7.43
2022-10-04 15:00:00.000 -0400,Alan,548.3,60.04,0.34,13.76,65.0,7.43
2022-10-04 15:15:00.000 -0400,Alan,544.3,60.71,0.34,13.73,61.72,7.43
2022-10-04 15:30:00.000 -0400,Alan,542.7,60.38,0.34,13.74,67.15,7.43
2022-10-04 15:45:00.000 -0400,Alan,548.1,61.67,0.34,13.77,58.39,7.43
2022-10-04 16:00:00.000 -0400,Alan,545.2,60.98,0.34,13.76,64.74,7.43
2022-10-04 16:15:00.000 -0400,Alan,542.9,63.4,0.34,13.78,63.09,7.44
2022-10-04 16:30:00.000 -0400,Alan,542.7,61.75,0.34,13.74,66.47,7.43
2022-10-04 16:45:00.000 -0400,Alan,542.9,60.98,0.34,13.74,63.02,7.43
2022-10-04 17:00:00.000 -0400,Alan,544.9,63.05,0.34,13.78,66.63,7.43
2022-10-04 17:15:00.000 -0400,Alan,543.8,63.18,0.34,13.78,65.89,7.43
2022-10-04 17:30:00.000 -0400,Alan,544.5,61.24,0.34,13.78,65.65,7.43
2022-10-04 17:45:00.000 -0400,Alan,548.1,61.49,0.34,13.79,62.26,7.43
2022-10-04 18:00:00.000 -0400,Alan,547.6,60.72,0.34,13.79,63.18,7.43
2022-10-04 18:15:00.000 -0400,Alan,542.7,63.02,0.34,13.75,66.66,7.43
2022-10-04 18:30:00.000 -0400,Alan,542.8,62.19,0.34,13.75,61.97,7.42
2022-10-04 18:45:00.000 -0400,Alan,542.4,61.37,0.34,13.74,63.23,7.42
2022-10-04 19:00:00.000 -0400,Alan,540.3,61.41,0.34,13.73,60.42,7.41
2022-10-04 19:15:00.000 -0400,Alan,538.2,60.79,0.34,13.72,63.87,7.4
2022-10-04 19:30:00.000 -0400,Alan,537.5,60.07,0.34,13.72,62.16,7.4
2022-10-04 19:45:00.000 -0400,Alan,540.3,59.48,0.34,13.73,65.79,7.39
2022-10-04 20:00:00.000 -0400,Alan,541.1,58.99,0.34,13.74,63.74,7.39
2022-10-04 20:15:00.000 -0400,Alan,542.4,58.35,0.34,13.74,64.55,7.39
2022-10-04 20:30:00.000 -0400,Alan,543.9,57.0,0.34,13.75,63.43,7.39
2022-10-04 20:45:00.000 -0400,Alan,543.0,57.02,0.34,13.75,62.82,7.38
2022-10-04 21:00:00.000 -0400,Alan,543.6,56.57,0.34,13.75,64.21,7.38
2022-10-04 21:15:00.000 -0400,Alan,538.8,57.09,0.34,13.71,69.29,7.38
2022-10-04 21:30:00.000 -0400,Alan,533.7,57.66,0.33,13.69,67.94,7.38
2022-10-04 21:45:00.000 -0400,Alan,535.5,54.87,0.33,13.7,63.57,7.37
2022-10-04 22:00:00.000 -0400,Alan,531.9,56.31,0.33,13.68,61.71,7.37
2022-10-04 22:15:00.000 -0400,Alan,534.8,55.68,0.33,13.68,62.49,7.36
2022-10-04 22:30:00.000 -0400,Alan,529.0,55.92,0.33,13.64,60.83,7.36
2022-10-04 22:45:00.000 -0400,Alan,532.0,56.0,0.33,13.65,64.89,7.35
2022-10-04 23:00:00.000 -0400,Alan,524.9,55.65,0.33,13.61,61.94,7.35
2022-10-04 23:15:00.000 -0400,Alan,526.0,55.0,0.33,13.62,61.93,7.34
2022-10-04 23:30:00.000 -0400,Alan,522.0,54.37,0.33,13.58,62.92,7.33
2022-10-04 23:45:00.000 -0400,Alan,519.8,54.0,0.33,13.59,64.78,7.33
2022-10-05 00:00:00.000 -0400,Alan,524.7,52.42,0.33,13.6,62.97,7.32
2022-10-05 00:15:00.000 -0400,Alan,526.3,53.98,0.33,13.6,62.41,7.31
2022-10-05 00:30:00.000 -0400,Alan,526.9,54.4,0.33,13.61,65.73,7.32
2022-10-05 00:45:00.000 -0400,Alan,528.3,54.01,0.33,13.62,64.16,7.32
2022-10-05 01:00:00.000 -0400,Alan,531.4,53.13,0.33,13.64,64.5,7.32
2022-10-05 01:15:00.000 -0400,Alan,532.2,53.25,0.33,13.64,63.17,7.32
2022-10-05 01:30:00.000 -0400,Alan,534.5,52.09,0.33,13.66,61.01,7.32
2022-10-05 01:45:00.000 -0400,Alan,533.4,52.81,0.33,13.66,63.86,7.32
2022-10-05 02:00:00.000 -0400,Alan,534.7,51.96,0.33,13.66,63.19,7.32
2022-10-05 02:15:00.000 -0400,Alan,534.7,53.22,0.33,13.67,65.16,7.33
2022-10-05 02:30:00.000 -0400,Alan,535.7,50.56,0.34,13.67,61.63,7.32
2022-10-05 02:45:00.000 -0400,Alan,537.0,50.33,0.34,13.68,63.16,7.32
2022-10-05 03:00:00.000 -0400,Alan,536.9,49.85,0.34,13.68,63.58,7.32
2022-10-05 03:15:00.000 -0400,Alan,538.0,50.61,0.34,13.69,61.9,7.32
2022-10-05 03:30:00.000 -0400,Alan,537.2,51.88,0.34,13.69,62.77,7.32
2022-10-05 03:45:00.000 -0400,Alan,538.2,52.01,0.34,13.7,62.73,7.32
2022-10-05 04:00:00.000 -0400,Alan,539.3,51.18,0.34,13.7,61.85,7.32
2022-10-05 04:15:00.000 -0400,Alan,541.4,51.04,0.34,13.71,62.07,7.32
2022-10-05 04:30:00.000 -0400,Alan,540.0,50.96,0.34,13.71,65.37,7.33
2022-10-05 04:45:00.000 -0400,Alan,502.1,50.76,0.31,13.72,64.8,7.33
2022-10-05 05:00:00.000 -0400,Alan,543.8,49.13,0.34,13.73,69.98,7.32
2022-10-05 05:15:00.000 -0400,Alan,548.6,49.42,0.34,13.76,64.76,7.32
2022-10-05 05:30:00.000 -0400,Alan,549.6,48.07,0.34,13.76,63.45,7.33
2022-10-05 05:45:00.000 -0400,Alan,544.3,46.92,0.34,13.75,63.97,7.32
2022-10-05 06:00:00.000 -0400,Alan,545.2,48.48,0.34,13.75,62.84,7.32
2022-10-05 06:15:00.000 -0400,Alan,545.1,46.43,0.34,13.75,61.63,7.32
2022-10-05 06:30:00.000 -0400,Alan,543.8,47.13,0.34,13.74,61.03,7.32
2022-10-05 06:45:00.000 -0400,Alan,540.9,46.98,0.34,13.74,62.26,7.32
2022-10-05 07:00:00.000 -0400,Alan,543.7,48.18,0.34,13.75,64.92,7.32
2022-10-05 07:15:00.000 -0400,Alan,539.3,47.08,0.34,13.73,62.5,7.31
2022-10-05 07:30:00.000 -0400,Alan,542.5,47.29,0.34,13.74,67.52,7.31
2022-10-05 07:45:00.000 -0400,Alan,539.5,47.24,0.34,13.73,65.22,7.3
2022-10-05 08:00:00.000 -0400,Alan,543.6,44.89,0.34,13.75,64.83,7.3
2022-10-05 08:15:00.000 -0400,Alan,547.1,46.36,0.34,13.77,63.71,7.31
2022-10-05 08:30:00.000 -0400,Alan,546.3,45.28,0.34,13.78,64.16,7.31
2022-10-05 08:45:00.000 -0400,Alan,547.2,44.57,0.34,13.78,62.99,7.31
2022-10-05 09:00:00.000 -0400,Alan,546.4,44.35,0.34,13.78,63.3,7.31
2022-10-05 09:15:00.000 -0400,Alan,537.5,44.02,0.34,13.77,62.4,7.31
2022-10-05 09:30:00.000 -0400,Alan,537.1,43.53,0.34,13.76,64.36,7.3
2022-10-05 09:45:00.000 -0400,Alan,535.7,42.53,0.33,13.76,63.02,7.29
2022-10-05 10:00:00.000 -0400,Alan,491.3,46.78,0.31,13.69,62.76,7.31
2022-10-05 10:15:00.000 -0400,Alan,397.9,57.28,0.25,13.4,65.61,7.34
2022-10-05 10:30:00.000 -0400,Alan,417.8,61.18,0.26,13.42,63.46,7.31
2022-10-05 10:45:00.000 -0400,Alan,416.2,56.74,0.26,13.43,65.45,7.28
2022-10-05 11:00:00.000 -0400,Alan,482.2,49.41,0.3,13.65,64.67,7.25
2022-10-05 11:15:00.000 -0400,Alan,527.4,47.16,0.33,13.73,69.1,7.27
2022-10-05 11:30:00.000 -0400,Alan,527.2,49.05,0.33,13.75,65.51,7.3
2022-10-05 11:45:00.000 -0400,Alan,539.1,48.36,0.34,13.78,65.68,7.32
2022-10-05 12:00:00.000 -0400,Alan,536.8,49.34,0.34,13.78,65.35,7.33
2022-10-05 12:15:00.000 -0400,Alan,535.2,47.97,0.33,13.8,65.76,7.33
2022-10-05 12:30:00.000 -0400,Alan,534.3,49.2,0.33,13.81,64.19,7.33
2022-10-05 12:45:00.000 -0400,Alan,532.9,49.7,0.33,13.81,65.42,7.34
2022-10-05 13:00:00.000 -0400,Alan,531.8,51.59,0.33,13.82,63.78,7.33
2022-10-05 13:15:00.000 -0400,Alan,529.5,51.3,0.33,13.84,63.88,7.34
2022-10-05 13:30:00.000 -0400,Alan,532.9,52.44,0.33,13.86,63.31,7.34
2022-10-05 13:45:00.000 -0400,Alan,533.6,53.82,0.33,13.88,65.07,7.35
2022-10-05 14:00:00.000 -0400,Alan,530.1,52.85,0.33,13.94,60.93,7.34
2022-10-05 14:15:00.000 -0400,Alan,521.8,53.38,0.32,13.92,63.43,7.34
2022-10-05 14:30:00.000 -0400,Alan,519.0,52.65,0.32,13.92,63.04,7.33
2022-10-05 14:45:00.000 -0400,Alan,533.5,51.89,0.33,13.99,60.28,7.33
2022-10-05 15:00:00.000 -0400,Alan,533.1,51.18,0.33,13.96,61.31,7.33
2022-10-05 15:15:00.000 -0400,Alan,534.8,51.67,0.33,13.93,62.07,7.33
2022-10-05 15:30:00.000 -0400,Alan,531.4,51.57,0.33,13.93,63.49,7.33
2022-10-05 15:45:00.000 -0400,Alan,532.4,51.84,0.33,13.92,61.76,7.33
2022-10-05 16:00:00.000 -0400,Alan,534.3,52.26,0.33,13.93,63.15,7.33
2022-10-05 16:15:00.000 -0400,Alan,534.7,50.61,0.33,13.93,62.41,7.34
2022-10-05 16:30:00.000 -0400,Alan,535.4,51.25,0.33,13.93,58.86,7.34
2022-10-05 16:45:00.000 -0400,Alan,537.3,50.57,0.33,13.93,63.5,7.34
2022-10-05 17:00:00.000 -0400,Alan,535.2,49.31,0.33,13.94,62.27,7.33
2022-10-05 17:15:00.000 -0400,Alan,534.9,48.38,0.33,13.94,61.05,7.32
2022-10-05 17:30:00.000 -0400,Alan,532.9,50.15,0.33,13.95,62.67,7.31
2022-10-05 17:45:00.000 -0400,Alan,536.1,45.11,0.33,13.94,60.5,7.31
2022-10-05 18:00:00.000 -0400,Alan,537.6,45.82,0.33,13.94,62.79,7.3
2022-10-05 18:15:00.000 -0400,Alan,534.2,47.97,0.33,13.95,62.99,7.31
2022-10-05 18:30:00.000 -0400,Alan,535.7,49.09,0.33,13.95,62.23,7.31
2022-10-05 18:45:00.000 -0400,Alan,534.7,46.09,0.33,13.95,62.56,7.31
2022-10-05 19:00:00.000 -0400,Alan,540.8,46.08,0.34,13.95,62.65,7.31
2022-10-05 19:15:00.000 -0400,Alan,537.3,48.33,0.33,13.95,64.87,7.31
2022-10-05 19:30:00.000 -0400,Alan,537.9,46.29,0.33,13.96,67.06,7.31
2022-10-05 19:45:00.000 -0400,Alan,539.0,46.95,0.34,13.96,61.54,7.31
2022-10-05 20:00:00.000 -0400,Alan,537.4,47.15,0.33,13.96,63.09,7.31
2022-10-05 20:15:00.000 -0400,Alan,540.3,46.6,0.34,13.96,66.96,7.31
2022-10-05 20:30:00.000 -0400,Alan,538.3,45.14,0.33,13.97,64.19,7.31
2022-10-05 20:45:00.000 -0400,Alan,536.5,46.08,0.33,13.97,64.47,7.3
2022-10-05 21:00:00.000 -0400,Alan,534.8,46.57,0.33,13.98,63.72,7.3
2022-10-05 21:15:00.000 -0400,Alan,536.4,46.19,0.33,13.98,64.07,7.3
2022-10-05 21:30:00.000 -0400,Alan,537.0,44.91,0.33,13.98,63.9,7.29
2022-10-05 21:45:00.000 -0400,Alan,537.0,44.19,0.33,13.99,63.89,7.28
2022-10-05 22:00:00.000 -0400,Alan,535.4,42.83,0.33,14.0,61.11,7.27
2022-10-05 22:15:00.000 -0400,Alan,525.4,48.23,0.33,14.01,62.08,7.28
2022-10-05 22:30:00.000 -0400,Alan,534.9,43.47,0.33,14.0,61.35,7.27
2022-10-05 22:45:00.000 -0400,Alan,536.1,36.19,0.33,14.0,61.42,7.26
2022-10-05 23:00:00.000 -0400,Alan,538.4,38.6,0.33,14.0,63.39,7.25
2022-10-05 23:15:00.000 -0400,Alan,539.4,40.14,0.33,14.0,61.01,7.25
2022-10-05 23:30:00.000 -0400,Alan,540.0,40.12,0.34,14.01,60.53,7.25
2022-10-05 23:45:00.000 -0400,Alan,540.4,32.67,0.34,14.01,62.15,7.24
2022-10-06 00:00:00.000 -0400,Alan,539.9,36.77,0.34,14.01,60.4,7.24
2022-10-06 00:15:00.000 -0400,Alan,538.9,37.2,0.33,14.01,60.76,7.25
2022-10-06 00:30:00.000 -0400,Alan,540.8,36.17,0.34,14.01,60.03,7.25
2022-10-06 00:45:00.000 -0400,Alan,541.0,34.62,0.34,14.01,61.22,7.24
2022-10-06 01:00:00.000 -0400,Alan,541.1,37.92,0.34,14.02,59.91,7.24
2022-10-06 01:15:00.000 -0400,Alan,541.6,34.61,0.34,14.02,59.77,7.24
2022-10-06 01:30:00.000 -0400,Alan,542.5,34.39,0.34,14.03,61.27,7.25
2022-10-06 01:45:00.000 -0400,Alan,543.5,27.63,0.34,14.03,61.62,7.24
2022-10-06 02:00:00.000 -0400,Alan,542.3,33.44,0.34,14.03,62.99,7.24
2022-10-06 02:15:00.000 -0400,Alan,542.8,27.74,0.34,14.03,61.35,7.23
2022-10-06 02:30:00.000 -0400,Alan,543.9,28.7,0.34,14.03,61.9,7.23
2022-10-06 02:45:00.000 -0400,Alan,544.4,25.4,0.34,14.03,64.16,7.23
2022-10-06 03:00:00.000 -0400,Alan,544.2,27.02,0.34,14.03,62.22,7.22
2022-10-06 03:15:00.000 -0400,Alan,543.9,24.1,0.34,14.03,65.8,7.22
2022-10-06 03:30:00.000 -0400,Alan,543.8,24.19,0.34,14.03,63.31,7.22
2022-10-06 03:45:00.000 -0400,Alan,542.4,33.71,0.34,14.03,63.73,7.22
2022-10-06 04:00:00.000 -0400,Alan,542.9,28.42,0.34,14.03,62.26,7.22
2022-10-06 04:15:00.000 -0400,Alan,543.4,22.65,0.34,14.03,63.5,7.21
2022-10-06 04:30:00.000 -0400,Alan,543.6,24.85,0.34,14.04,60.63,7.22
2022-10-06 04:45:00.000 -0400,Alan,543.6,29.49,0.34,14.04,61.19,7.22
2022-10-06 05:00:00.000 -0400,Alan,543.7,22.92,0.34,14.04,61.97,7.22
2022-10-06 05:15:00.000 -0400,Alan,543.5,29.04,0.34,14.04,62.9,7.22
2022-10-06 05:30:00.000 -0400,Alan,543.0,27.02,0.34,14.04,64.49,7.21
2022-10-06 05:45:00.000 -0400,Alan,540.5,29.49,0.34,14.03,62.62,7.21
2022-10-06 06:00:00.000 -0400,Alan,540.6,34.03,0.34,14.03,65.35,7.21
2022-10-06 06:15:00.000 -0400,Alan,540.7,33.67,0.34,14.02,63.41,7.21
2022-10-06 06:30:00.000 -0400,Alan,538.8,33.17,0.33,14.01,65.15,7.21
2022-10-06 06:45:00.000 -0400,Alan,540.0,26.55,0.34,14.02,63.54,7.2
2022-10-06 07:00:00.000 -0400,Alan,538.7,27.57,0.33,14.01,62.76,7.19
2022-10-06 07:15:00.000 -0400,Alan,528.6,37.28,0.33,13.95,64.5,7.2
2022-10-06 07:30:00.000 -0400,Alan,532.2,35.51,0.33,13.97,66.07,7.2
2022-10-06 07:45:00.000 -0400,Alan,532.8,35.41,0.33,13.96,63.45,7.2
2022-10-06 08:00:00.000 -0400,Alan,531.3,36.57,0.33,13.93,66.8,7.21
2022-10-06 08:15:00.000 -0400,Alan,521.1,37.58,0.32,13.9,63.82,7.2
2022-10-06 08:30:00.000 -0400,Alan,527.6,35.6,0.33,13.91,63.3,7.2
2022-10-06 08:45:00.000 -0400,Alan,526.7,36.4,0.33,13.91,64.86,7.2
2022-10-06 09:00:00.000 -0400,Alan,516.1,39.77,0.32,13.83,66.27,7.21
2022-10-06 09:15:00.000 -0400,Alan,510.4,40.45,0.32,13.82,66.16,7.2
2022-10-06 09:30:00.000 -0400,Alan,499.3,42.01,0.31,13.8,64.37,7.2
2022-10-06 09:45:00.000 -0400,Alan,502.2,42.55,0.31,13.8,65.07,7.2
2022-10-06 10:00:00.000 -0400,Alan,483.7,43.01,0.3,13.74,66.83,7.2
2022-10-06 10:15:00.000 -0400,Alan,493.1,42.55,0.31,13.8,64.62,7.2
2022-10-06 10:30:00.000 -0400,Alan,497.4,46.32,0.31,13.82,65.21,7.2
2022-10-06 10:45:00.000 -0400,Alan,414.1,51.27,0.26,13.77,67.69,7.22
2022-10-06 11:00:00.000 -0400,Alan,493.9,50.49,0.31,13.9,66.76,7.21
2022-10-06 11:15:00.000 -0400,Alan,494.3,49.65,0.31,13.95,64.84,7.21
2022-10-06 11:30:00.000 -0400,Alan,493.3,50.45,0.31,14.0,66.9,7.22
2022-10-06 11:45:00.000 -0400,Alan,470.8,62.39,0.29,14.04,67.72,7.24
2022-10-06 12:00:00.000 -0400,Alan,499.3,55.23,0.31,14.09,66.56,7.23
2022-10-06 12:15:00.000 -0400,Alan,488.6,57.74,0.3,14.11,67.44,7.23
2022-10-06 12:30:00.000 -0400,Alan,497.3,61.2,0.31,14.12,68.79,7.25
2022-10-06 12:45:00.000 -0400,Alan,500.9,56.53,0.31,14.14,64.95,7.22
2022-10-06 13:00:00.000 -0400,Alan,496.5,58.94,0.31,14.12,66.45,7.24
2022-10-06 13:15:00.000 -0400,Alan,499.4,55.97,0.31,14.15,64.66,7.25
2022-10-06 13:30:00.000 -0400,Alan,509.4,58.44,0.31,14.18,67.69,7.25
2022-10-06 13:45:00.000 -0400,Alan,517.3,58.05,0.32,14.31,64.18,7.23
2022-10-06 14:00:00.000 -0400,Alan,524.6,58.43,0.32,14.43,67.13,7.27
2022-10-06 14:15:00.000 -0400,Alan,480.9,59.56,0.29,14.45,66.4,7.31
2022-10-06 14:30:00.000 -0400,Alan,525.5,59.63,0.32,14.45,65.16,7.32
2022-10-06 14:45:00.000 -0400,Alan,520.9,60.64,0.32,14.45,66.2,7.33
2022-10-06 15:00:00.000 -0400,Alan,523.4,60.99,0.32,14.43,65.08,7.28
2022-10-06 15:15:00.000 -0400,Alan,519.4,61.96,0.32,14.44,66.53,7.26
2022-10-06 15:30:00.000 -0400,Alan,504.6,64.4,0.31,14.46,66.25,7.27
2022-10-06 15:45:00.000 -0400,Alan,499.2,64.41,0.31,14.47,67.69,7.27
2022-10-06 16:00:00.000 -0400,Alan,496.5,63.65,0.3,14.45,66.14,7.28
2022-10-06 16:15:00.000 -0400,Alan,510.7,60.72,0.31,14.47,63.53,7.28
2022-10-06 16:30:00.000 -0400,Alan,507.7,64.47,0.31,14.47,66.57,7.27
2022-10-06 16:45:00.000 -0400,Alan,510.0,59.31,0.31,14.51,64.96,7.26
2022-10-06 17:00:00.000 -0400,Alan,517.8,61.19,0.32,14.53,65.63,7.26
2022-10-06 17:15:00.000 -0400,Alan,516.4,58.81,0.32,14.52,66.19,7.27
2022-10-06 17:30:00.000 -0400,Alan,523.1,56.97,0.32,14.52,65.31,7.28
2022-10-06 17:45:00.000 -0400,Alan,525.8,50.13,0.32,14.51,65.57,7.27
2022-10-06 18:00:00.000 -0400,Alan,525.4,50.65,0.32,14.51,66.0,7.28
2022-10-06 18:15:00.000 -0400,Alan,513.8,51.06,0.31,14.47,65.34,7.28
2022-10-06 18:30:00.000 -0400,Alan,512.5,53.89,0.31,14.47,64.49,7.28
2022-10-06 18:45:00.000 -0400,Alan,509.9,53.59,0.31,14.47,63.22,7.28
2022-10-06 19:00:00.000 -0400,Alan,508.5,47.02,0.31,14.48,64.52,7.28
2022-10-06 19:15:00.000 -0400,Alan,508.9,43.01,0.31,14.47,63.81,7.26
2022-10-06 19:30:00.000 -0400,Alan,510.8,39.19,0.31,14.49,64.6,7.25
2022-10-06 19:45:00.000 -0400,Alan,505.5,40.49,0.31,14.5,63.13,7.24
2022-10-06 20:00:00.000 -0400,Alan,504.3,41.94,0.31,14.48,63.24,7.25
2022-10-06 20:15:00.000 -0400,Alan,496.9,47.38,0.3,14.46,65.35,7.25
2022-10-06 20:30:00.000 -0400,Alan,498.5,53.04,0.31,14.45,63.95,7.26
2022-10-06 20:45:00.000 -0400,Alan,500.1,49.78,0.31,14.47,64.66,7.25
2022-10-06 21:00:00.000 -0400,Alan,501.2,59.73,0.31,14.47,62.15,7.26
2022-10-06 21:15:00.000 -0400,Alan,494.4,64.47,0.3,14.47,67.47,7.27
2022-10-06 21:30:00.000 -0400,Alan,498.4,53.47,0.3,14.48,60.96,7.27
2022-10-06 21:45:00.000 -0400,Alan,504.1,52.89,0.31,14.52,62.81,7.27
2022-10-06 22:00:00.000 -0400,Alan,505.2,61.76,0.31,14.5,62.97,7.28
2022-10-06 22:15:00.000 -0400,Alan,508.3,57.8,0.31,14.5,62.21,7.27
2022-10-06 22:30:00.000 -0400,Alan,508.2,60.17,0.31,14.5,65.07,7.27
2022-10-06 22:45:00.000 -0400,Alan,505.7,57.88,0.31,14.51,63.22,7.27
2022-10-06 23:00:00.000 -0400,Alan,507.8,55.51,0.31,14.51,64.65,7.27
2022-10-06 23:15:00.000 -0400,Alan,513.0,52.44,0.31,14.53,65.53,7.27
2022-10-06 23:30:00.000 -0400,Alan,514.8,53.0,0.31,14.55,65.71,7.27
2022-10-06 23:45:00.000 -0400,Alan,523.3,52.08,0.32,14.6,68.48,7.23
2022-10-07 00:00:00.000 -0400,Alan,527.6,50.16,0.32,14.62,68.4,7.2
2022-10-07 00:15:00.000 -0400,Alan,533.1,47.21,0.33,14.64,65.39,7.17
2022-10-07 00:30:00.000 -0400,Alan,542.8,44.21,0.33,14.66,66.09,7.15
2022-10-07 00:45:00.000 -0400,Alan,543.2,43.19,0.33,14.68,63.49,7.13
2022-10-07 01:00:00.000 -0400,Alan,560.0,37.67,0.34,14.75,64.81,7.1
2022-10-07 01:15:00.000 -0400,Alan,557.8,42.58,0.34,14.75,64.96,7.09
2022-10-07 01:30:00.000 -0400,Alan,553.1,45.71,0.34,14.73,63.52,7.1
2022-10-07 01:45:00.000 -0400,Alan,549.2,45.49,0.34,14.7,64.34,7.11
2022-10-07 02:00:00.000 -0400,Alan,545.7,45.18,0.33,14.68,64.64,7.12
2022-10-07 02:15:00.000 -0400,Alan,544.7,46.46,0.33,14.7,66.44,7.13
2022-10-07 02:30:00.000 -0400,Alan,547.4,43.76,0.33,14.73,63.67,7.13
2022-10-07 02:45:00.000 -0400,Alan,548.7,47.88,0.33,14.73,62.27,7.13
2022-10-07 03:00:00.000 -0400,Alan,551.5,44.29,0.34,14.72,62.54,7.12
2022-10-07 03:15:00.000 -0400,Alan,558.2,39.57,0.34,14.74,61.08,7.1
2022-10-07 03:30:00.000 -0400,Alan,566.5,37.88,0.35,14.79,60.18,7.09
2022-10-07 03:45:00.000 -0400,Alan,564.2,37.95,0.34,14.78,59.87,7.09
2022-10-07 04:00:00.000 -0400,Alan,571.4,43.67,0.35,14.82,62.46,7.07
2022-10-07 04:15:00.000 -0400,Alan,561.7,43.0,0.34,14.76,61.07,7.08
2022-10-07 04:30:00.000 -0400,Alan,558.4,40.87,0.34,14.73,59.5,7.08
2022-10-07 04:45:00.000 -0400,Alan,551.7,41.71,0.34,14.73,59.56,7.08
2022-10-07 05:00:00.000 -0400,Alan,548.0,43.6,0.33,14.71,59.26,7.1
2022-10-07 05:15:00.000 -0400,Alan,551.9,41.11,0.34,14.75,58.22,7.1
2022-10-07 05:30:00.000 -0400,Alan,550.3,41.28,0.34,14.74,57.67,7.09
2022-10-07 05:45:00.000 -0400,Alan,545.6,39.79,0.33,14.7,58.42,7.09
2022-10-07 06:00:00.000 -0400,Alan,543.1,38.12,0.33,14.7,58.6,7.09
2022-10-07 06:15:00.000 -0400,Alan,542.0,31.33,0.33,14.7,57.63,7.1
2022-10-07 06:30:00.000 -0400,Alan,541.2,33.7,0.33,14.7,57.76,7.1
2022-10-07 06:45:00.000 -0400,Alan,542.1,39.39,0.33,14.71,57.92,7.09
2022-10-07 07:00:00.000 -0400,Alan,543.4,39.06,0.33,14.75,57.87,7.09
2022-10-07 07:15:00.000 -0400,Alan,542.5,41.61,0.33,14.72,59.31,7.09
2022-10-07 07:30:00.000 -0400,Alan,543.0,41.12,0.33,14.75,58.77,7.09
2022-10-07 07:45:00.000 -0400,Alan,541.0,37.18,0.33,14.74,58.97,7.09
2022-10-07 08:00:00.000 -0400,Alan,536.7,42.09,0.33,14.72,58.75,7.1
2022-10-07 08:15:00.000 -0400,Alan,536.7,40.03,0.33,14.73,58.16,7.11
2022-10-07 08:30:00.000 -0400,Alan,528.2,50.55,0.32,14.72,59.24,7.14
2022-10-07 08:45:00.000 -0400,Alan,521.9,53.7,0.32,14.75,59.85,7.15
2022-10-07 09:00:00.000 -0400,Alan,481.5,52.13,0.29,14.72,59.22,7.13
2022-10-07 09:15:00.000 -0400,Alan,451.2,58.95,0.27,14.67,60.58,7.14
2022-10-07 09:30:00.000 -0400,Alan,428.1,59.48,0.26,14.69,60.8,7.14
2022-10-07 09:45:00.000 -0400,Alan,434.3,59.83,0.26,14.68,58.81,7.14
2022-10-07 10:00:00.000 -0400,Alan,453.2,58.8,0.27,14.78,59.8,7.12
2022-10-07 10:15:00.000 -0400,Alan,488.9,52.3,0.3,14.79,58.61,7.11
2022-10-07 10:30:00.000 -0400,Alan,524.6,51.05,0.32,14.76,57.86,7.11
2022-10-07 10:45:00.000 -0400,Alan,511.2,51.7,0.31,14.8,58.11,7.12
2022-10-07 11:00:00.000 -0400,Alan,531.5,44.65,0.32,14.8,57.56,7.1
2022-10-07 11:15:00.000 -0400,Alan,530.7,46.77,0.32,14.82,58.87,7.12
2022-10-07 11:30:00.000 -0400,Alan,531.4,47.39,0.32,14.83,57.27,7.12
2022-10-07 11:45:00.000 -0400,Alan,528.5,45.99,0.32,14.88,59.94,7.13
2022-10-07 12:00:00.000 -0400,Alan,540.9,43.95,0.33,14.95,58.82,7.13
2022-10-07 12:15:00.000 -0400,Alan,526.0,46.02,0.32,14.94,60.83,7.15
2022-10-07 12:30:00.000 -0400,Alan,516.2,51.82,0.31,14.97,59.1,7.14
2022-10-07 12:45:00.000 -0400,Alan,507.8,54.1,0.31,15.02,57.31,7.14
2022-10-07 13:00:00.000 -0400,Alan,484.1,57.93,0.29,15.11,58.15,7.16
2022-10-07 13:15:00.000 -0400,Alan,479.2,59.29,0.29,15.15,59.43,7.17
2022-10-07 13:30:00.000 -0400,Alan,423.4,60.77,0.25,15.21,59.4,7.18
2022-10-07 13:45:00.000 -0400,Alan,438.6,63.6,0.26,15.2,60.08,7.18
2022-10-07 14:00:00.000 -0400,Alan,509.4,67.68,0.31,15.22,59.31,7.19
2022-10-07 14:15:00.000 -0400,Alan,471.3,64.03,0.28,15.33,58.58,7.22
2022-10-07 14:30:00.000 -0400,Alan,445.7,63.11,0.27,15.29,58.41,7.19
2022-10-07 14:45:00.000 -0400,Alan,434.0,63.59,0.26,15.34,54.07,7.17
2022-10-07 15:00:00.000 -0400,Alan,539.2,53.59,0.32,15.35,58.07,7.13
2022-10-07 15:15:00.000 -0400,Alan,558.2,40.9,0.34,15.32,58.39,7.09
2022-10-07 15:30:00.000 -0400,Alan,534.4,54.9,0.32,15.27,58.24,7.16
2022-10-07 15:45:00.000 -0400,Alan,540.2,52.65,0.32,15.27,57.78,7.16
2022-10-07 16:00:00.000 -0400,Alan,541.1,49.6,0.32,15.38,58.93,7.15
2022-10-07 16:15:00.000 -0400,Alan,519.4,56.74,0.31,15.44,57.57,7.14
2022-10-07 16:30:00.000 -0400,Alan,452.4,67.48,0.27,15.54,57.39,7.22
2022-10-07 16:45:00.000 -0400,Alan,467.0,66.3,0.28,15.53,56.97,7.23
2022-10-07 17:00:00.000 -0400,Alan,513.4,71.02,0.31,15.47,59.17,7.23
2022-10-07 17:15:00.000 -0400,Alan,519.9,67.8,0.31,15.44,57.91,7.25
2022-10-07 17:30:00.000 -0400,Alan,509.5,61.79,0.3,15.44,57.02,7.23
2022-10-07 17:45:00.000 -0400,Alan,533.4,59.78,0.32,15.38,58.17,7.21
2022-10-07 18:00:00.000 -0400,Alan,531.7,57.02,0.32,15.42,56.97,7.18
2022-10-07 18:15:00.000 -0400,Alan,551.4,49.05,0.33,15.37,57.77,7.16
2022-10-07 18:30:00.000 -0400,Alan,579.3,46.54,0.35,15.4,58.61,7.14
2022-10-07 18:45:00.000 -0400,Alan,545.2,53.93,0.33,15.43,56.68,7.14
2022-10-07 19:00:00.000 -0400,Alan,542.4,61.06,0.33,15.39,57.58,7.18
2022-10-07 19:15:00.000 -0400,Alan,525.7,66.18,0.31,15.48,58.38,7.23
2022-10-07 19:30:00.000 -0400,Alan,516.9,76.91,0.31,15.54,57.29,7.31
2022-10-07 19:45:00.000 -0400,Alan,481.9,77.6,0.29,15.63,56.91,7.36
2022-10-07 20:00:00.000 -0400,Alan,468.0,70.31,0.28,15.69,57.1,7.35
2022-10-07 20:15:00.000 -0400,Alan,484.8,82.8,0.29,15.62,52.48,7.33
2022-10-07 20:30:00.000 -0400,Alan,540.8,64.67,0.32,15.43,58.8,7.31
2022-10-07 20:45:00.000 -0400,Alan,531.7,59.76,0.32,15.43,58.72,7.29
2022-10-07 21:00:00.000 -0400,Alan,532.9,62.25,0.32,15.44,58.0,7.27
2022-10-07 21:15:00.000 -0400,Alan,531.5,64.33,0.32,15.4,60.15,7.26
2022-10-07 21:30:00.000 -0400,Alan,493.2,78.2,0.29,15.62,58.27,7.33
2022-10-07 21:45:00.000 -0400,Alan,468.9,71.92,0.28,15.73,57.66,7.35
2022-10-07 22:00:00.000 -0400,Alan,512.3,77.16,0.31,15.57,59.12,7.33
2022-10-07 22:15:00.000 -0400,Alan,522.5,75.85,0.31,15.49,57.09,7.35
2022-10-07 22:30:00.000 -0400,Alan,547.1,59.83,0.33,15.33,58.12,7.31
2022-10-07 22:45:00.000 -0400,Alan,512.5,73.3,0.31,15.56,58.58,7.31
2022-10-07 23:00:00.000 -0400,Alan,512.9,65.6,0.31,15.52,59.8,7.3
2022-10-07 23:15:00.000 -0400,Alan,519.5,67.53,0.31,15.53,57.14,7.3
2022-10-07 23:30:00.000 -0400,Alan,520.4,70.98,0.31,15.57,58.08,7.31
2022-10-07 23:45:00.000 -0400,Alan,529.3,66.47,0.32,15.49,58.64,7.3
2022-10-08 00:00:00.000 -0400,Alan,521.7,78.66,0.31,15.54,58.97,7.33
2022-10-08 00:15:00.000 -0400,Alan,525.3,76.32,0.31,15.55,56.75,7.34
2022-10-08 00:30:00.000 -0400,Alan,528.8,72.05,0.32,15.59,58.03,7.34
2022-10-08 00:45:00.000 -0400,Alan,527.6,63.96,0.31,15.56,58.71,7.3
2022-10-08 01:00:00.000 -0400,Alan,558.3,57.74,0.34,15.4,57.65,7.27
2022-10-08 01:15:00.000 -0400,Alan,536.5,64.2,0.32,15.39,58.46,7.29
2022-10-08 01:30:00.000 -0400,Alan,533.0,69.2,0.32,15.46,58.27,7.31
2022-10-08 01:45:00.000 -0400,Alan,536.4,69.28,0.32,15.48,58.29,7.32
2022-10-08 02:00:00.000 -0400,Alan,499.7,68.76,0.3,15.64,57.94,7.33
2022-10-08 02:15:00.000 -0400,Alan,510.7,73.68,0.3,15.63,58.15,7.33
2022-10-08 02:30:00.000 -0400,Alan,487.0,63.89,0.29,15.55,56.79,7.3
2022-10-08 02:45:00.000 -0400,Alan,492.0,57.13,0.29,15.58,58.28,7.25
2022-10-08 03:00:00.000 -0400,Alan,491.6,57.35,0.29,15.63,58.82,7.22
2022-10-08 03:15:00.000 -0400,Alan,464.0,60.73,0.28,15.59,58.98,7.21
2022-10-08 03:30:00.000 -0400,Alan,471.8,58.02,0.28,15.55,59.07,7.2
2022-10-08 03:45:00.000 -0400,Alan,469.8,58.56,0.28,15.48,59.94,7.18
2022-10-08 04:00:00.000 -0400,Alan,475.4,57.96,0.28,15.48,59.59,7.17
2022-10-08 04:15:00.000 -0400,Alan,478.7,53.54,0.29,15.45,60.09,7.15
2022-10-08 04:30:00.000 -0400,Alan,472.2,56.21,0.28,15.38,59.87,7.16
2022-10-08 04:45:00.000 -0400,Alan,462.4,56.55,0.28,15.39,61.58,7.15
2022-10-08 05:00:00.000 -0400,Alan,455.4,56.95,0.27,15.39,59.59,7.17
2022-10-08 05:15:00.000 -0400,Alan,455.7,55.37,0.27,15.36,59.53,7.17
2022-10-08 05:30:00.000 -0400,Alan,451.5,56.8,0.27,15.34,58.76,7.17
2022-10-08 05:45:00.000 -0400,Alan,449.1,56.52,0.27,15.29,58.89,7.18
2022-10-08 06:00:00.000 -0400,Alan,449.7,56.39,0.27,15.24,59.69,7.18
2022-10-08 06:15:00.000 -0400,Alan,449.3,53.2,0.27,15.2,59.45,7.18
2022-10-08 06:30:00.000 -0400,Alan,449.1,54.43,0.27,15.14,58.46,7.18
2022-10-08 06:45:00.000 -0400,Alan,447.5,55.09,0.27,15.1,58.81,7.17
2022-10-08 07:00:00.000 -0400,Alan,444.9,53.39,0.27,15.1,59.06,7.17
2022-10-08 07:15:00.000 -0400,Alan,447.3,54.1,0.27,15.07,59.22,7.17
2022-10-08 07:30:00.000 -0400,Alan,446.1,56.44,0.27,15.05,58.64,7.18
2022-10-08 07:45:00.000 -0400,Alan,446.2,61.14,0.27,15.02,59.47,7.2
2022-10-08 08:00:00.000 -0400,Alan,445.0,65.85,0.27,15.02,58.68,7.21
2022-10-08 08:15:00.000 -0400,Alan,447.5,68.06,0.27,14.95,58.78,7.22
2022-10-08 08:30:00.000 -0400,Alan,444.8,69.38,0.27,14.92,58.31,7.23
2022-10-08 08:45:00.000 -0400,Alan,444.7,67.21,0.27,14.93,59.6,7.23
2022-10-08 09:00:00.000 -0400,Alan,446.6,67.99,0.27,14.93,59.11,7.23
2022-10-08 09:15:00.000 -0400,Alan,445.3,69.55,0.27,14.93,58.5,7.23
2022-10-08 09:30:00.000 -0400,Alan,446.7,70.57,0.27,14.95,59.32,7.24
2022-10-08 09:45:00.000 -0400,Alan,448.5,69.81,0.27,14.96,58.7,7.25
2022-10-08 10:00:00.000 -0400,Alan,448.3,74.1,0.27,14.99,58.73,7.26
2022-10-08 10:15:00.000 -0400,Alan,448.6,73.3,0.27,15.0,59.27,7.27
2022-10-08 10:30:00.000 -0400,Alan,447.9,72.92,0.27,15.04,58.8,7.27
2022-10-08 10:45:00.000 -0400,Alan,448.0,73.93,0.27,15.05,58.26,7.28
2022-10-08 11:00:00.000 -0400,Alan,450.8,76.37,0.27,15.1,58.01,7.29
2022-10-08 11:15:00.000 -0400,Alan,450.8,76.91,0.27,15.12,58.54,7.29
2022-10-08 11:30:00.000 -0400,Alan,451.2,77.76,0.27,15.17,56.85,7.29
2022-10-08 11:45:00.000 -0400,Alan,452.7,77.19,0.27,15.21,57.1,7.29
2022-10-08 12:00:00.000 -0400,Alan,454.8,77.25,0.27,15.31,57.38,7.3
2022-10-08 12:15:00.000 -0400,Alan,455.5,78.33,0.27,15.37,57.14,7.3
2022-10-08 12:30:00.000 -0400,Alan,459.5,78.52,0.27,15.42,56.48,7.3
2022-10-08 12:45:00.000 -0400,Alan,454.5,74.68,0.27,15.44,57.54,7.3
2022-10-08 13:00:00.000 -0400,Alan,448.6,79.8,0.27,15.52,58.6,7.3
2022-10-08 13:15:00.000 -0400,Alan,455.5,81.4,0.27,15.59,58.18,7.3
2022-10-08 13:30:00.000 -0400,Alan,458.9,83.1,0.27,15.87,58.6,7.33
2022-10-08 13:45:00.000 -0400,Alan,457.5,85.0,0.27,15.73,57.93,7.34
2022-10-08 14:00:00.000 -0400,Alan,459.3,82.6,0.27,15.69,56.31,7.33
2022-10-08 14:15:00.000 -0400,Alan,458.5,84.2,0.27,15.64,57.12,7.33
2022-10-08 14:30:00.000 -0400,Alan,459.5,85.7,0.27,15.79,57.14,7.32
2022-10-08 14:45:00.000 -0400,Alan,457.2,85.7,0.27,15.76,56.44,7.33
2022-10-08 15:00:00.000 -0400,Alan,454.0,84.1,0.27,15.78,56.64,7.34
2022-10-08 15:15:00.000 -0400,Alan,454.6,84.6,0.27,15.75,55.34,7.34
2022-10-08 15:30:00.000 -0400,Alan,462.2,89.1,0.27,15.93,55.36,7.35
2022-10-08 15:45:00.000 -0400,Alan,460.7,90.0,0.27,16.0,55.36,7.36
2022-10-08 16:00:00.000 -0400,Alan,456.0,86.8,0.27,15.89,56.85,7.38
2022-10-08 16:15:00.000 -0400,Alan,461.1,88.0,0.27,15.81,56.9,7.36
2022-10-08 16:30:00.000 -0400,Alan,469.8,84.9,0.28,15.77,56.93,7.35
2022-10-08 16:45:00.000 -0400,Alan,473.1,85.6,0.28,15.8,56.63,7.32
2022-10-08 17:00:00.000 -0400,Alan,481.1,79.58,0.29,15.7,56.36,7.34
2022-10-08 17:15:00.000 -0400,Alan,486.7,74.79,0.29,15.72,56.34,7.3
2022-10-08 17:30:00.000 -0400,Alan,471.6,83.1,0.28,15.8,54.47,7.3
2022-10-08 17:45:00.000 -0400,Alan,480.1,92.2,0.28,15.86,56.61,7.33
2022-10-08 18:00:00.000 -0400,Alan,482.9,99.8,0.28,16.05,56.76,7.37
2022-10-08 18:15:00.000 -0400,Alan,479.9,97.2,0.28,16.04,55.77,7.4
2022-10-08 18:30:00.000 -0400,Alan,475.3,90.6,0.28,15.96,55.85,7.41
2022-10-08 18:45:00.000 -0400,Alan,478.7,84.5,0.28,15.9,55.8,7.39
2022-10-08 19:00:00.000 -0400,Alan,485.8,77.89,0.29,15.93,56.46,7.35
2022-10-08 19:15:00.000 -0400,Alan,481.4,79.89,0.28,15.89,55.35,7.35
2022-10-08 19:30:00.000 -0400,Alan,483.2,84.5,0.29,15.84,56.11,7.36
2022-10-08 19:45:00.000 -0400,Alan,483.9,78.94,0.29,15.78,55.75,7.33
2022-10-08 20:00:00.000 -0400,Alan,477.7,78.38,0.28,15.72,54.72,7.33
2022-10-08 20:15:00.000 -0400,Alan,476.2,80.2,0.28,15.67,55.91,7.35
2022-10-08 20:30:00.000 -0400,Alan,477.8,64.25,0.28,15.62,55.68,7.35
2022-10-08 20:45:00.000 -0400,Alan,477.3,73.61,0.28,15.57,55.7,7.36
2022-10-08 21:00:00.000 -0400,Alan,474.4,75.46,0.28,15.53,56.08,7.36
2022-10-08 21:15:00.000 -0400,Alan,476.5,72.24,0.28,15.49,55.28,7.36
2022-10-08 21:30:00.000 -0400,Alan,478.8,72.36,0.29,15.44,55.12,7.35
2022-10-08 21:45:00.000 -0400,Alan,478.1,74.13,0.29,15.41,56.47,7.35
2022-10-08 22:00:00.000 -0400,Alan,479.1,83.3,0.29,15.36,55.95,7.36
2022-10-08 22:15:00.000 -0400,Alan,477.3,73.29,0.29,15.31,55.84,7.36
2022-10-08 22:30:00.000 -0400,Alan,475.2,73.25,0.28,15.24,55.78,7.36
2022-10-08 22:45:00.000 -0400,Alan,477.7,68.73,0.29,15.21,54.5,7.35
2022-10-08 23:00:00.000 -0400,Alan,475.4,77.61,0.29,15.16,56.11,7.36
2022-10-08 23:15:00.000 -0400,Alan,476.1,73.01,0.29,15.14,57.34,7.36
2022-10-08 23:30:00.000 -0400,Alan,475.4,73.07,0.29,15.07,56.27,7.35
2022-10-08 23:45:00.000 -0400,Alan,475.8,70.72,0.29,15.03,56.42,7.35
2022-10-09 00:00:00.000 -0400,Alan,476.1,75.42,0.29,15.0,55.47,7.34
2022-10-09 00:15:00.000 -0400,Alan,475.0,73.47,0.29,14.93,56.17,7.34
2022-10-09 00:30:00.000 -0400,Alan,475.1,67.22,0.29,14.9,56.31,7.33
2022-10-09 00:45:00.000 -0400,Alan,473.4,68.25,0.29,14.85,56.39,7.33
2022-10-09 01:00:00.000 -0400,Alan,473.0,67.82,0.29,14.8,56.47,7.33
2022-10-09 01:15:00.000 -0400,Alan,473.2,73.81,0.29,14.77,57.0,7.34
2022-10-09 01:30:00.000 -0400,Alan,473.6,71.21,0.29,14.71,57.71,7.34
2022-10-09 01:45:00.000 -0400,Alan,471.9,75.57,0.29,14.66,57.9,7.34
2022-10-09 02:00:00.000 -0400,Alan,472.1,68.02,0.29,14.61,58.4,7.34
2022-10-09 02:15:00.000 -0400,Alan,471.8,70.18,0.29,14.57,57.93,7.34
2022-10-09 02:30:00.000 -0400,Alan,471.3,74.99,0.29,14.51,57.98,7.34
2022-10-09 02:45:00.000 -0400,Alan,471.3,73.98,0.29,14.47,57.74,7.33
2022-10-09 03:00:00.000 -0400,Alan,470.7,75.96,0.29,14.41,56.93,7.34
2022-10-09 03:15:00.000 -0400,Alan,470.9,71.7,0.29,14.37,57.85,7.33
2022-10-09 03:30:00.000 -0400,Alan,471.6,73.71,0.29,14.32,56.16,7.33
2022-10-09 03:45:00.000 -0400,Alan,469.4,75.79,0.29,14.26,56.3,7.33
2022-10-09 04:00:00.000 -0400,Alan,470.1,71.22,0.29,14.24,56.22,7.32
2022-10-09 04:15:00.000 -0400,Alan,470.6,75.07,0.29,14.17,57.98,7.32
2022-10-09 04:30:00.000 -0400,Alan,471.8,73.73,0.29,14.15,57.99,7.32
2022-10-09 04:45:00.000 -0400,Alan,471.4,73.11,0.29,14.11,57.62,7.31
2022-10-09 05:00:00.000 -0400,Alan,471.8,71.43,0.29,14.09,56.69,7.31
2022-10-09 05:15:00.000 -0400,Alan,471.6,70.18,0.29,14.03,56.63,7.31
2022-10-09 05:30:00.000 -0400,Alan,472.9,72.36,0.29,14.0,56.72,7.31
2022-10-09 05:45:00.000 -0400,Alan,472.2,70.51,0.29,13.95,58.67,7.3
2022-10-09 06:00:00.000 -0400,Alan,473.0,71.6,0.29,13.92,56.76,7.3
2022-10-09 06:15:00.000 -0400,Alan,474.0,70.46,0.29,13.9,56.29,7.3
2022-10-09 06:30:00.000 -0400,Alan,472.2,72.04,0.29,13.84,57.13,7.31
2022-10-09 06:45:00.000 -0400,Alan,475.1,69.66,0.3,13.84,57.35,7.3
2022-10-09 07:00:00.000 -0400,Alan,479.0,66.54,0.3,13.83,58.36,7.3
2022-10-09 07:15:00.000 -0400,Alan,481.8,62.4,0.3,13.83,56.86,7.3
2022-10-09 07:30:00.000 -0400,Alan,481.8,64.28,0.3,13.82,57.17,7.29
2022-10-09 07:45:00.000 -0400,Alan,480.9,66.53,0.3,13.8,56.28,7.3
2022-10-09 08:00:00.000 -0400,Alan,479.7,68.03,0.3,13.78,55.99,7.3
2022-10-09 08:15:00.000 -0400,Alan,482.0,67.62,0.3,13.76,57.74,7.3
2022-10-09 08:30:00.000 -0400,Alan,482.5,69.91,0.3,13.74,55.66,7.31
2022-10-09 08:45:00.000 -0400,Alan,482.1,71.72,0.3,13.75,56.42,7.32
2022-10-09 09:00:00.000 -0400,Alan,484.5,73.67,0.3,13.8,56.99,7.33
2022-10-09 09:15:00.000 -0400,Alan,486.5,73.19,0.3,13.84,57.95,7.33
2022-10-09 09:30:00.000 -0400,Alan,488.6,74.36,0.3,13.94,55.82,7.34
2022-10-09 09:45:00.000 -0400,Alan,492.4,73.39,0.3,14.14,55.31,7.36
2022-10-09 10:00:00.000 -0400,Alan,494.8,75.28,0.31,14.08,55.21,7.37
2022-10-09 10:15:00.000 -0400,Alan,497.3,73.93,0.31,14.31,55.82,7.37
2022-10-09 10:30:00.000 -0400,Alan,497.9,75.91,0.3,14.51,55.46,7.38
2022-10-09 10:45:00.000 -0400,Alan,496.9,77.3,0.3,14.48,54.11,7.4
2022-10-09 11:00:00.000 -0400,Alan,499.1,79.8,0.3,14.55,55.92,7.41
2022-10-09 11:15:00.000 -0400,Alan,500.0,83.0,0.3,14.75,52.89,7.43
2022-10-09 11:30:00.000 -0400,Alan,499.7,81.9,0.3,14.66,56.11,7.44
2022-10-09 11:45:00.000 -0400,Alan,499.5,83.0,0.3,14.78,56.12,7.44
2022-10-09 12:00:00.000 -0400,Alan,498.5,81.8,0.3,14.65,56.01,7.44
2022-10-09 12:15:00.000 -0400,Alan,496.2,86.2,0.3,14.51,54.27,7.45
2022-10-09 12:30:00.000 -0400,Alan,497.2,86.5,0.3,14.51,55.18,7.46
2022-10-09 12:45:00.000 -0400,Alan,495.8,87.6,0.3,14.5,56.18,7.47
2022-10-09 13:00:00.000 -0400,Alan,498.3,88.3,0.3,14.64,55.24,7.48
2022-10-09 13:15:00.000 -0400,Alan,497.2,89.1,0.3,14.81,55.19,7.48
2022-10-09 13:30:00.000 -0400,Alan,499.5,90.4,0.3,14.81,55.53,7.49
2022-10-09 13:45:00.000 -0400,Alan,498.9,92.0,0.3,14.72,54.86,7.5
2022-10-09 14:00:00.000 -0400,Alan,496.6,93.9,0.3,14.74,53.6,7.51
2022-10-09 14:15:00.000 -0400,Alan,498.9,96.1,0.3,14.8,54.67,7.53
2022-10-09 14:30:00.000 -0400,Alan,496.0,99.2,0.3,14.76,54.52,7.54
2022-10-09 14:45:00.000 -0400,Alan,495.4,100.6,0.3,14.8,55.09,7.56
2022-10-09 15:00:00.000 -0400,Alan,495.7,103.9,0.3,14.82,55.43,7.57
2022-10-09 15:15:00.000 -0400,Alan,498.5,101.2,0.3,14.92,54.85,7.57
2022-10-09 15:30:00.000 -0400,Alan,498.3,100.6,0.3,14.97,55.78,7.57
2022-10-09 15:45:00.000 -0400,Alan,501.9,96.9,0.3,14.95,57.06,7.57
2022-10-09 16:00:00.000 -0400,Alan,501.0,102.1,0.3,15.04,56.13,7.57
2022-10-09 16:15:00.000 -0400,Alan,503.1,101.6,0.3,15.19,55.52,7.58
2022-10-09 16:30:00.000 -0400,Alan,504.6,97.8,0.3,15.14,55.41,7.58
2022-10-09 16:45:00.000 -0400,Alan,505.2,93.2,0.31,14.99,54.97,7.55
2022-10-09 17:00:00.000 -0400,Alan,501.4,94.2,0.3,14.99,55.84,7.54
2022-10-09 17:15:00.000 -0400,Alan,501.5,96.2,0.3,15.0,54.68,7.54
2022-10-09 17:30:00.000 -0400,Alan,501.1,93.7,0.3,15.03,55.46,7.53
2022-10-09 17:45:00.000 -0400,Alan,501.1,91.3,0.3,15.14,54.93,7.53
2022-10-09 18:00:00.000 -0400,Alan,504.5,94.5,0.3,15.31,54.17,7.54
2022-10-09 18:15:00.000 -0400,Alan,508.6,96.0,0.31,15.19,53.76,7.54
2022-10-09 18:30:00.000 -0400,Alan,512.3,94.9,0.31,15.12,53.33,7.52
2022-10-09 18:45:00.000 -0400,Alan,509.4,92.0,0.31,14.99,52.81,7.5
2022-10-09 19:00:00.000 -0400,Alan,505.6,87.8,0.31,14.87,53.05,7.49
2022-10-09 19:15:00.000 -0400,Alan,506.2,87.1,0.31,14.9,53.28,7.46
2022-10-09 19:30:00.000 -0400,Alan,506.3,90.3,0.31,14.97,53.26,7.44
2022-10-09 19:45:00.000 -0400,Alan,506.3,86.1,0.31,15.02,56.9,7.43
2022-10-09 20:00:00.000 -0400,Alan,505.7,87.4,0.31,15.04,52.81,7.44
2022-10-09 20:15:00.000 -0400,Alan,505.9,92.0,0.31,15.09,52.27,7.44
2022-10-09 20:30:00.000 -0400,Alan,505.0,89.3,0.3,15.06,55.75,7.44
2022-10-09 20:45:00.000 -0400,Alan,507.1,83.3,0.31,15.05,52.25,7.44
2022-10-09 21:00:00.000 -0400,Alan,504.1,88.4,0.3,15.06,52.26,7.44
2022-10-09 21:15:00.000 -0400,Alan,506.5,88.1,0.31,15.07,51.78,7.44
2022-10-09 21:30:00.000 -0400,Alan,508.5,85.4,0.31,15.06,52.24,7.44
2022-10-09 21:45:00.000 -0400,Alan,511.6,83.9,0.31,15.02,52.24,7.42
2022-10-09 22:00:00.000 -0400,Alan,514.0,77.78,0.31,15.05,52.44,7.41
2022-10-09 22:15:00.000 -0400,Alan,523.1,80.2,0.32,15.09,52.92,7.39
2022-10-09 22:30:00.000 -0400,Alan,536.7,78.02,0.32,15.1,52.87,7.36
2022-10-09 22:45:00.000 -0400,Alan,539.6,75.98,0.33,15.13,53.04,7.31
2022-10-09 23:00:00.000 -0400,Alan,528.1,75.79,0.32,15.05,53.06,7.32
2022-10-09 23:15:00.000 -0400,Alan,519.4,71.88,0.31,15.0,59.8,7.34
2022-10-09 23:30:00.000 -0400,Alan,518.1,76.2,0.31,14.96,52.45,7.35
2022-10-09 23:45:00.000 -0400,Alan,516.9,76.82,0.31,14.9,56.34,7.37
2022-10-10 00:00:00.000 -0400,Alan,515.4,77.19,0.31,14.87,52.21,7.37
2022-10-10 00:15:00.000 -0400,Alan,513.3,78.94,0.31,14.83,52.57,7.37
2022-10-10 00:30:00.000 -0400,Alan,514.0,78.32,0.31,14.79,52.31,7.38
2022-10-10 00:45:00.000 -0400,Alan,513.5,76.95,0.31,14.75,52.12,7.38
2022-10-10 01:00:00.000 -0400,Alan,510.9,80.8,0.31,14.72,52.27,7.37
2022-10-10 01:15:00.000 -0400,Alan,509.4,79.98,0.31,14.68,52.53,7.38
2022-10-10 01:30:00.000 -0400,Alan,507.6,77.91,0.31,14.65,52.14,7.39
2022-10-10 01:45:00.000 -0400,Alan,507.0,73.65,0.31,14.61,52.15,7.39
2022-10-10 02:00:00.000 -0400,Alan,507.6,75.35,0.31,14.56,52.09,7.38
2022-10-10 02:15:00.000 -0400,Alan,507.8,77.86,0.31,14.53,52.15,7.39
2022-10-10 02:30:00.000 -0400,Alan,507.0,78.81,0.31,14.48,56.21,7.39
2022-10-10 02:45:00.000 -0400,Alan,505.6,75.51,0.31,14.46,52.03,7.39
2022-10-10 03:00:00.000 -0400,Alan,506.3,75.35,0.31,14.41,52.26,7.39
2022-10-10 03:15:00.000 -0400,Alan,505.5,75.23,0.31,14.37,52.42,7.39
2022-10-10 03:30:00.000 -0400,Alan,504.8,76.73,0.31,14.32,52.56,7.39
2022-10-10 03:45:00.000 -0400,Alan,504.4,75.33,0.31,14.33,53.04,7.38
2022-10-10 04:00:00.000 -0400,Alan,503.8,77.67,0.31,14.29,51.93,7.38
2022-10-10 04:15:00.000 -0400,Alan,502.5,76.33,0.31,14.26,52.18,7.38
2022-10-10 04:30:00.000 -0400,Alan,502.6,76.21,0.31,14.23,52.12,7.38
2022-10-10 04:45:00.000 -0400,Alan,502.6,74.8,0.31,14.21,51.95,7.38
2022-10-10 05:00:00.000 -0400,Alan,503.8,70.9,0.31,14.21,52.15,7.38
2022-10-10 05:15:00.000 -0400,Alan,502.5,74.52,0.31,14.17,52.07,7.37
2022-10-10 05:30:00.000 -0400,Alan,502.3,73.25,0.31,14.14,52.13,7.37
2022-10-10 05:45:00.000 -0400,Alan,500.8,72.24,0.31,14.11,51.79,7.36
2022-10-10 06:00:00.000 -0400,Alan,501.1,72.61,0.31,14.1,51.68,7.36
2022-10-10 06:15:00.000 -0400,Alan,500.2,72.28,0.31,14.06,51.74,7.36
2022-10-10 06:30:00.000 -0400,Alan,500.4,72.04,0.31,14.05,51.84,7.35
2022-10-10 06:45:00.000 -0400,Alan,500.9,70.62,0.31,14.04,52.05,7.35
2022-10-10 07:00:00.000 -0400,Alan,500.8,72.41,0.31,14.02,51.77,7.35
2022-10-10 07:15:00.000 -0400,Alan,499.4,73.31,0.31,14.0,51.77,7.34
2022-10-10 07:30:00.000 -0400,Alan,500.0,71.15,0.31,13.98,51.76,7.35
2022-10-10 07:45:00.000 -0400,Alan,499.6,72.42,0.31,13.97,51.97,7.35
2022-10-10 08:00:00.000 -0400,Alan,498.7,72.61,0.31,13.96,52.04,7.35
2022-10-10 08:15:00.000 -0400,Alan,498.2,77.0,0.31,13.95,51.7,7.36
2022-10-10 08:30:00.000 -0400,Alan,498.9,77.18,0.31,13.97,52.41,7.37
2022-10-10 08:45:00.000 -0400,Alan,499.4,79.05,0.31,13.98,53.06,7.38
2022-10-10 09:00:00.000 -0400,Alan,498.5,74.94,0.31,13.99,52.3,7.38
2022-10-10 09:15:00.000 -0400,Alan,496.7,77.01,0.31,14.0,52.03,7.38
2022-10-10 09:30:00.000 -0400,Alan,495.2,77.84,0.31,14.02,52.36,7.39
2022-10-10 09:45:00.000 -0400,Alan,494.5,77.93,0.31,14.09,52.23,7.39
2022-10-10 10:00:00.000 -0400,Alan,495.7,78.43,0.31,14.15,53.12,7.39
2022-10-10 10:15:00.000 -0400,Alan,495.1,78.36,0.31,14.18,53.63,7.4
2022-10-10 10:30:00.000 -0400,Alan,497.2,81.9,0.31,14.29,52.3,7.41
2022-10-10 10:45:00.000 -0400,Alan,496.3,83.8,0.31,14.29,55.25,7.42
2022-10-10 11:00:00.000 -0400,Alan,497.2,83.7,0.31,14.38,52.96,7.43
2022-10-10 11:15:00.000 -0400,Alan,499.7,84.7,0.31,14.45,53.36,7.44
2022-10-10 11:30:00.000 -0400,Alan,498.2,85.9,0.31,14.4,52.97,7.44
2022-10-10 11:45:00.000 -0400,Alan,500.1,86.2,0.31,14.5,52.69,7.44
2022-10-10 12:00:00.000 -0400,Alan,499.5,87.5,0.31,14.53,52.86,7.45
2022-10-10 12:15:00.000 -0400,Alan,498.7,87.9,0.31,14.48,53.0,7.45
2022-10-10 12:30:00.000 -0400,Alan,499.8,87.3,0.31,14.54,52.84,7.46
2022-10-10 12:45:00.000 -0400,Alan,500.3,90.1,0.31,14.54,53.02,7.46
2022-10-10 13:00:00.000 -0400,Alan,499.7,90.1,0.31,14.56,52.58,7.47
2022-10-10 13:15:00.000 -0400,Alan,496.9,90.7,0.3,14.61,52.7,7.48
2022-10-10 13:30:00.000 -0400,Alan,498.9,91.8,0.3,14.6,52.43,7.48
2022-10-10 13:45:00.000 -0400,Alan,502.2,91.9,0.31,14.72,51.9,7.49
2022-10-10 14:00:00.000 -0400,Alan,498.7,96.5,0.3,14.7,52.84,7.5
2022-10-10 14:15:00.000 -0400,Alan,500.4,98.5,0.3,14.73,52.8,7.51
2022-10-10 14:30:00.000 -0400,Alan,501.7,96.1,0.3,14.82,52.26,7.52
2022-10-10 14:45:00.000 -0400,Alan,504.0,93.9,0.31,14.82,52.57,7.52
2022-10-10 15:00:00.000 -0400,Alan,500.0,94.3,0.3,14.79,53.0,7.52
2022-10-10 15:15:00.000 -0400,Alan,500.6,91.7,0.3,14.74,52.52,7.52
2022-10-10 15:30:00.000 -0400,Alan,500.8,93.6,0.3,14.71,53.93,7.5
2022-10-10 15:45:00.000 -0400,Alan,501.6,91.4,0.3,14.81,52.6,7.5
2022-10-10 16:00:00.000 -0400,Alan,499.1,93.9,0.3,14.88,52.72,7.5
2022-10-10 16:15:00.000 -0400,Alan,501.3,89.3,0.3,14.92,52.2,7.5
2022-10-10 16:30:00.000 -0400,Alan,503.6,83.5,0.3,14.98,52.49,7.48
2022-10-10 16:45:00.000 -0400,Alan,504.2,82.5,0.31,14.95,52.41,7.47
2022-10-10 17:00:00.000 -0400,Alan,502.9,80.7,0.3,14.97,52.32,7.46
2022-10-10 17:15:00.000 -0400,Alan,504.9,84.9,0.31,14.93,53.25,7.45
2022-10-10 17:30:00.000 -0400,Alan,505.6,79.31,0.31,14.9,52.96,7.44
2022-10-10 17:45:00.000 -0400,Alan,505.0,85.0,0.31,14.89,52.9,7.44
2022-10-10 18:00:00.000 -0400,Alan,507.6,82.2,0.31,14.84,53.18,7.44
2022-10-10 18:15:00.000 -0400,Alan,509.5,72.99,0.31,14.86,53.88,7.43
2022-10-10 18:30:00.000 -0400,Alan,494.9,79.78,0.3,14.88,53.87,7.42
2022-10-10 18:45:00.000 -0400,Alan,510.2,80.1,0.31,14.86,53.35,7.42
2022-10-10 19:00:00.000 -0400,Alan,511.1,79.68,0.31,14.84,53.62,7.41
2022-10-10 19:15:00.000 -0400,Alan,511.6,80.3,0.31,14.82,54.15,7.4
2022-10-10 19:30:00.000 -0400,Alan,512.7,81.3,0.31,14.83,53.62,7.39
2022-10-10 19:45:00.000 -0400,Alan,513.6,78.28,0.31,14.83,54.5,7.38
2022-10-10 20:00:00.000 -0400,Alan,514.4,75.01,0.31,14.84,54.56,7.37
2022-10-10 20:15:00.000 -0400,Alan,515.2,72.03,0.31,14.87,54.51,7.36
2022-10-10 20:30:00.000 -0400,Alan,514.6,85.4,0.31,14.92,55.89,7.37
2022-10-10 20:45:00.000 -0400,Alan,513.7,82.3,0.31,14.95,56.1,7.38
2022-10-10 21:00:00.000 -0400,Alan,507.9,75.02,0.31,14.97,56.48,7.39
2022-10-10 21:15:00.000 -0400,Alan,511.2,78.36,0.31,14.97,56.12,7.39
2022-10-10 21:30:00.000 -0400,Alan,517.4,83.9,0.31,14.95,56.42,7.38
2022-10-10 21:45:00.000 -0400,Alan,517.0,84.7,0.31,14.94,56.37,7.38
2022-10-10 22:00:00.000 -0400,Alan,514.8,84.6,0.31,14.93,56.82,7.37
2022-10-10 22:15:00.000 -0400,Alan,519.4,80.9,0.31,14.93,56.1,7.37
2022-10-10 22:30:00.000 -0400,Alan,523.2,80.4,0.32,14.94,56.34,7.36
2022-10-10 22:45:00.000 -0400,Alan,532.5,77.55,0.32,14.99,56.13,7.34
2022-10-10 23:00:00.000 -0400,Alan,547.6,75.58,0.33,15.05,56.28,7.3
2022-10-10 23:15:00.000 -0400,Alan,555.1,77.36,0.34,15.08,56.57,7.26
2022-10-10 23:30:00.000 -0400,Alan,538.0,75.57,0.33,15.01,56.56,7.26
2022-10-10 23:45:00.000 -0400,Alan,528.3,75.28,0.32,14.96,57.13,7.28
2022-10-11 00:00:00.000 -0400,Alan,532.0,74.46,0.32,14.95,56.54,7.29
2022-10-11 00:15:00.000 -0400,Alan,529.6,75.28,0.32,14.91,56.64,7.29
2022-10-11 00:30:00.000 -0400,Alan,523.9,76.61,0.32,14.86,56.9,7.31
2022-10-11 00:45:00.000 -0400,Alan,522.1,77.74,0.32,14.8,56.74,7.32
2022-10-11 01:00:00.000 -0400,Alan,520.0,77.07,0.32,14.79,56.75,7.33
2022-10-11 01:15:00.000 -0400,Alan,517.3,80.2,0.31,14.75,56.44,7.33
2022-10-11 01:30:00.000 -0400,Alan,516.3,80.1,0.31,14.74,56.95,7.33
2022-10-11 01:45:00.000 -0400,Alan,516.8,80.1,0.31,14.7,56.6,7.33
2022-10-11 02:00:00.000 -0400,Alan,518.0,77.94,0.32,14.68,56.68,7.33
2022-10-11 02:15:00.000 -0400,Alan,515.7,80.3,0.31,14.64,57.71,7.32
2022-10-11 02:30:00.000 -0400,Alan,511.3,84.0,0.31,14.59,57.55,7.34
2022-10-11 02:45:00.000 -0400,Alan,508.2,86.0,0.31,14.53,58.1,7.37
2022-10-11 03:00:00.000 -0400,Alan,508.9,80.6,0.31,14.5,57.7,7.38
2022-10-11 03:15:00.000 -0400,Alan,510.4,82.1,0.31,14.46,57.87,7.39
2022-10-11 03:30:00.000 -0400,Alan,508.0,81.3,0.31,14.42,57.91,7.38
2022-10-11 03:45:00.000 -0400,Alan,507.7,82.5,0.31,14.39,96.2,7.39
2022-10-11 04:00:00.000 -0400,Alan,511.2,79.14,0.31,14.35,72.98,7.38
2022-10-11 04:15:00.000 -0400,Alan,506.7,79.05,0.31,14.3,83.8,7.38
2022-10-11 04:30:00.000 -0400,Alan,507.8,79.93,0.31,14.28,78.83,7.38
2022-10-11 04:45:00.000 -0400,Alan,506.7,81.3,0.31,14.24,75.18,7.38
2022-10-11 05:00:00.000 -0400,Alan,507.1,80.7,0.31,14.2,57.54,7.38
2022-10-11 05:15:00.000 -0400,Alan,507.3,77.77,0.31,14.16,57.16,7.37
2022-10-11 05:30:00.000 -0400,Alan,505.4,80.7,0.31,14.14,57.86,7.37
2022-10-11 05:45:00.000 -0400,Alan,506.1,78.66,0.31,14.1,57.24,7.37
2022-10-11 06:00:00.000 -0400,Alan,503.6,81.3,0.31,14.05,56.66,7.37
2022-10-11 06:15:00.000 -0400,Alan,503.8,79.83,0.31,14.02,55.93,7.37
2022-10-11 06:30:00.000 -0400,Alan,503.1,79.72,0.31,13.98,56.14,7.37
2022-10-11 06:45:00.000 -0400,Alan,503.8,77.94,0.31,13.97,56.65,7.36
2022-10-11 07:00:00.000 -0400,Alan,496.5,77.04,0.31,13.94,56.15,7.35
2022-10-11 07:15:00.000 -0400,Alan,495.6,78.37,0.31,13.89,56.32,7.35
2022-10-11 07:30:00.000 -0400,Alan,500.3,74.79,0.31,13.88,56.63,7.35
2022-10-11 07:45:00.000 -0400,Alan,503.5,73.0,0.31,13.85,55.7,7.35
2022-10-11 08:00:00.000 -0400,Alan,504.2,71.77,0.31,13.82,55.75,7.36
2022-10-11 08:15:00.000 -0400,Alan,500.3,72.01,0.31,13.79,55.84,7.36
2022-10-11 08:30:00.000 -0400,Alan,499.5,71.92,0.31,13.78,56.73,7.36
2022-10-11 08:45:00.000 -0400,Alan,503.4,75.98,0.31,13.78,57.21,7.36
2022-10-11 09:00:00.000 -0400,Alan,503.4,80.2,0.31,13.78,56.71,7.37
2022-10-11 09:15:00.000 -0400,Alan,501.4,83.1,0.31,13.79,57.74,7.38
2022-10-11 09:30:00.000 -0400,Alan,502.3,83.1,0.31,13.84,57.04,7.39
2022-10-11 09:45:00.000 -0400,Alan,500.5,82.1,0.31,13.89,57.17,7.39
2022-10-11 10:00:00.000 -0400,Alan,501.0,79.09,0.31,13.97,57.04,7.4
2022-10-11 10:15:00.000 -0400,Alan,502.8,83.3,0.31,14.03,57.35,7.41
2022-10-11 10:30:00.000 -0400,Alan,503.6,84.6,0.31,14.18,57.92,7.42
2022-10-11 10:45:00.000 -0400,Alan,502.5,85.6,0.31,14.18,58.14,7.43
2022-10-11 11:00:00.000 -0400,Alan,503.5,85.1,0.31,14.19,56.96,7.43
2022-10-11 11:15:00.000 -0400,Alan,505.8,86.8,0.31,14.35,57.72,7.44
2022-10-11 11:30:00.000 -0400,Alan,507.3,87.8,0.31,14.36,57.45,7.45
2022-10-11 11:45:00.000 -0400,Alan,503.8,88.6,0.31,14.33,56.19,7.46
2022-10-11 12:00:00.000 -0400,Alan,507.7,92.2,0.31,14.45,56.04,7.47
2022-10-11 12:15:00.000 -0400,Alan,507.1,90.0,0.31,14.44,55.65,7.48
2022-10-11 12:30:00.000 -0400,Alan,508.1,95.0,0.31,14.54,55.73,7.49
2022-10-11 12:45:00.000 -0400,Alan,506.3,91.1,0.31,14.64,56.0,7.5
2022-10-11 13:00:00.000 -0400,Alan,506.9,92.6,0.31,14.66,55.73,7.5
2022-10-11 13:15:00.000 -0400,Alan,509.2,94.0,0.31,14.76,55.53,7.51
2022-10-11 13:30:00.000 -0400,Alan,505.0,94.0,0.31,14.73,55.22,7.51
2022-10-11 13:45:00.000 -0400,Alan,505.6,92.7,0.31,14.54,55.38,7.52
2022-10-11 14:00:00.000 -0400,Alan,506.3,95.7,0.31,14.56,54.99,7.53
2022-10-11 14:15:00.000 -0400,Alan,508.7,95.7,0.31,14.65,55.05,7.54
2022-10-11 14:30:00.000 -0400,Alan,509.7,98.0,0.31,14.69,54.63,7.55
2022-10-11 14:45:00.000 -0400,Alan,504.2,99.8,0.31,14.65,54.22,7.56
2022-10-11 15:00:00.000 -0400,Alan,510.0,96.9,0.31,14.71,54.41,7.56
2022-10-11 15:15:00.000 -0400,Alan,508.1,98.2,0.31,14.69,53.72,7.58
2022-10-11 15:30:00.000 -0400,Alan,505.6,93.5,0.31,14.76,53.93,7.56
2022-10-11 15:45:00.000 -0400,Alan,509.9,92.8,0.31,14.76,53.93,7.55
2022-10-11 16:00:00.000 -0400,Alan,508.7,100.6,0.31,14.78,53.63,7.56
2022-10-11 16:15:00.000 -0400,Alan,508.5,95.9,0.31,14.76,54.17,7.55
2022-10-11 16:30:00.000 -0400,Alan,510.4,89.2,0.31,14.82,52.92,7.54
2022-10-11 16:45:00.000 -0400,Alan,508.6,89.1,0.31,14.78,53.34,7.53
2022-10-11 17:00:00.000 -0400,Alan,509.5,82.8,0.31,14.8,52.89,7.51
2022-10-11 17:15:00.000 -0400,Alan,508.9,84.2,0.31,14.77,52.89,7.49
2022-10-11 17:30:00.000 -0400,Alan,510.9,84.0,0.31,14.83,52.77,7.49
2022-10-11 17:45:00.000 -0400,Alan,511.2,81.5,0.31,14.87,53.5,7.47
2022-10-11 18:00:00.000 -0400,Alan,513.0,80.3,0.31,14.86,53.49,7.47
2022-10-11 18:15:00.000 -0400,Alan,513.1,86.2,0.31,14.8,53.28,7.47
2022-10-11 18:30:00.000 -0400,Alan,511.3,90.2,0.31,14.75,54.08,7.47
2022-10-11 18:45:00.000 -0400,Alan,511.3,92.1,0.31,14.71,53.52,7.48
2022-10-11 19:00:00.000 -0400,Alan,511.6,87.2,0.31,14.72,53.66,7.48
2022-10-11 19:15:00.000 -0400,Alan,509.6,87.2,0.31,14.66,54.26,7.47
2022-10-11 19:30:00.000 -0400,Alan,510.9,83.7,0.31,14.74,53.48,7.46
2022-10-11 19:45:00.000 -0400,Alan,512.9,85.6,0.31,14.73,53.95,7.46
2022-10-11 20:00:00.000 -0400,Alan,513.4,86.0,0.31,14.77,53.56,7.46
2022-10-11 20:15:00.000 -0400,Alan,512.7,86.4,0.31,14.82,53.08,7.45
2022-10-11 20:30:00.000 -0400,Alan,511.2,84.6,0.31,14.81,53.71,7.45
2022-10-11 20:45:00.000 -0400,Alan,513.8,84.4,0.31,14.8,53.84,7.44
2022-10-11 21:00:00.000 -0400,Alan,513.1,80.4,0.31,14.8,53.39,7.44
2022-10-11 21:15:00.000 -0400,Alan,513.5,84.6,0.31,14.81,53.73,7.44
2022-10-11 21:30:00.000 -0400,Alan,512.5,83.5,0.31,14.82,54.2,7.45
2022-10-11 21:45:00.000 -0400,Alan,512.8,86.8,0.31,14.84,54.56,7.45
2022-10-11 22:00:00.000 -0400,Alan,511.1,83.0,0.31,14.85,54.13,7.45
2022-10-11 22:15:00.000 -0400,Alan,512.8,86.1,0.31,14.83,54.04,7.45
2022-10-11 22:30:00.000 -0400,Alan,510.7,84.0,0.31,14.83,54.46,7.44
2022-10-11 22:45:00.000 -0400,Alan,511.7,84.0,0.31,14.83,54.11,7.44
2022-10-11 23:00:00.000 -0400,Alan,512.5,80.5,0.31,14.82,54.23,7.43
2022-10-11 23:15:00.000 -0400,Alan,512.7,83.0,0.31,14.83,54.44,7.43
2022-10-11 23:30:00.000 -0400,Alan,514.1,80.5,0.31,14.83,54.1,7.43
2022-10-11 23:45:00.000 -0400,Alan,513.9,84.5,0.31,14.83,54.1,7.44
2022-10-12 00:00:00.000 -0400,Alan,515.4,86.9,0.31,14.86,54.34,7.44
2022-10-12 00:15:00.000 -0400,Alan,519.1,86.3,0.32,14.87,54.77,7.4
2022-10-12 00:30:00.000 -0400,Alan,534.0,84.6,0.32,14.92,53.63,7.39
2022-10-12 00:45:00.000 -0400,Alan,528.3,83.2,0.32,14.88,53.4,7.38
2022-10-12 01:00:00.000 -0400,Alan,531.7,80.7,0.32,14.9,53.63,7.37
2022-10-12 01:15:00.000 -0400,Alan,537.7,77.16,0.33,14.91,54.03,7.34
2022-10-12 01:30:00.000 -0400,Alan,531.5,74.39,0.32,14.87,53.98,7.33
2022-10-12 01:45:00.000 -0400,Alan,530.2,75.09,0.32,14.88,54.47,7.33
2022-10-12 02:00:00.000 -0400,Alan,528.2,75.6,0.32,14.85,54.57,7.33
2022-10-12 02:15:00.000 -0400,Alan,525.0,75.14,0.32,14.84,53.56,7.33
2022-10-12 02:30:00.000 -0400,Alan,526.2,77.19,0.32,14.81,53.53,7.34
2022-10-12 02:45:00.000 -0400,Alan,522.2,78.93,0.32,14.81,53.37,7.35
2022-10-12 03:00:00.000 -0400,Alan,525.9,75.34,0.32,14.79,52.89,7.34
2022-10-12 03:15:00.000 -0400,Alan,524.2,73.26,0.32,14.76,53.2,7.33
2022-10-12 03:30:00.000 -0400,Alan,524.8,72.77,0.32,14.73,53.08,7.33
2022-10-12 03:45:00.000 -0400,Alan,525.1,73.19,0.32,14.7,53.26,7.33
2022-10-12 04:00:00.000 -0400,Alan,523.3,74.96,0.32,14.65,53.37,7.33
2022-10-12 04:15:00.000 -0400,Alan,521.1,75.81,0.32,14.65,53.32,7.33
2022-10-12 04:30:00.000 -0400,Alan,521.5,75.77,0.32,14.61,53.15,7.33
2022-10-12 04:45:00.000 -0400,Alan,520.9,73.27,0.32,14.58,53.06,7.32
2022-10-12 05:00:00.000 -0400,Alan,517.3,75.41,0.32,14.54,53.56,7.34
2022-10-12 05:15:00.000 -0400,Alan,515.9,78.18,0.32,14.49,53.32,7.36
2022-10-12 05:30:00.000 -0400,Alan,516.6,77.33,0.32,14.47,53.2,7.36
2022-10-12 05:45:00.000 -0400,Alan,519.5,75.36,0.32,14.45,53.22,7.36
2022-10-12 06:00:00.000 -0400,Alan,517.5,73.44,0.32,14.4,53.78,7.36
2022-10-12 06:15:00.000 -0400,Alan,515.1,75.65,0.32,14.36,53.51,7.36
2022-10-12 06:30:00.000 -0400,Alan,516.4,73.17,0.32,14.32,53.56,7.36
2022-10-12 06:45:00.000 -0400,Alan,515.3,75.74,0.32,14.29,52.88,7.36
2022-10-12 07:00:00.000 -0400,Alan,514.5,80.4,0.32,14.25,52.53,7.36
2022-10-12 07:15:00.000 -0400,Alan,514.6,78.61,0.32,14.23,52.45,7.36
2022-10-12 07:30:00.000 -0400,Alan,514.1,79.62,0.32,14.22,52.74,7.36
2022-10-12 07:45:00.000 -0400,Alan,513.4,80.6,0.32,14.18,53.16,7.36
2022-10-12 08:00:00.000 -0400,Alan,512.1,76.97,0.32,14.15,53.38,7.37
2022-10-12 08:15:00.000 -0400,Alan,512.7,74.67,0.32,14.14,53.67,7.36
2022-10-12 08:30:00.000 -0400,Alan,512.6,80.8,0.32,14.12,52.8,7.37
2022-10-12 08:45:00.000 -0400,Alan,511.7,78.84,0.32,14.12,52.7,7.38
2022-10-12 09:00:00.000 -0400,Alan,512.1,82.6,0.32,14.12,52.89,7.39
2022-10-12 09:15:00.000 -0400,Alan,514.1,80.6,0.32,14.14,52.91,7.38
2022-10-12 09:30:00.000 -0400,Alan,514.7,83.2,0.32,14.17,54.03,7.38
2022-10-12 09:45:00.000 -0400,Alan,513.1,87.1,0.32,14.2,54.24,7.39
2022-10-12 10:00:00.000 -0400,Alan,513.8,83.3,0.32,14.23,54.14,7.4
2022-10-12 10:15:00.000 -0400,Alan,511.9,88.5,0.32,14.29,54.15,7.41
2022-10-12 10:30:00.000 -0400,Alan,511.5,89.4,0.31,14.4,54.18,7.43
2022-10-12 10:45:00.000 -0400,Alan,512.3,94.2,0.31,14.47,54.1,7.45
2022-10-12 11:00:00.000 -0400,Alan,512.3,93.4,0.31,14.4,53.89,7.46
2022-10-12 11:15:00.000 -0400,Alan,511.8,94.6,0.31,14.43,53.45,7.47
2022-10-12 11:30:00.000 -0400,Alan,512.9,95.1,0.31,14.53,53.28,7.48
2022-10-12 11:45:00.000 -0400,Alan,514.4,96.2,0.31,14.62,53.13,7.49
2022-10-12 12:00:00.000 -0400,Alan,514.2,96.8,0.31,14.65,52.74,7.5
2022-10-12 12:15:00.000 -0400,Alan,514.4,98.8,0.31,14.67,52.97,7.51
2022-10-12 12:30:00.000 -0400,Alan,514.2,97.9,0.31,14.63,52.96,7.52
2022-10-12 12:45:00.000 -0400,Alan,514.5,99.3,0.31,14.62,53.08,7.52
2022-10-12 13:00:00.000 -0400,Alan,514.6,99.8,0.31,14.68,52.66,7.53
2022-10-12 13:15:00.000 -0400,Alan,516.0,101.5,0.31,14.69,52.91,7.54
2022-10-12 13:30:00.000 -0400,Alan,515.3,101.0,0.31,14.78,53.02,7.55
2022-10-12 13:45:00.000 -0400,Alan,515.8,103.5,0.31,14.86,52.7,7.55
2022-10-12 14:00:00.000 -0400,Alan,514.5,104.2,0.31,14.92,53.05,7.56
2022-10-12 14:15:00.000 -0400,Alan,517.4,103.2,0.31,14.89,52.93,7.57
2022-10-12 14:30:00.000 -0400,Alan,517.5,102.7,0.31,14.86,53.2,7.56
2022-10-12 14:45:00.000 -0400,Alan,517.7,103.4,0.31,14.89,52.93,7.56
2022-10-12 15:00:00.000 -0400,Alan,517.6,106.2,0.31,14.95,52.85,7.57
2022-10-12 15:15:00.000 -0400,Alan,517.0,105.3,0.31,14.95,52.53,7.58
2022-10-12 15:30:00.000 -0400,Alan,516.3,105.4,0.31,14.96,53.15,7.58
2022-10-12 15:45:00.000 -0400,Alan,516.9,106.7,0.31,15.04,52.95,7.57
2022-10-12 16:00:00.000 -0400,Alan,517.6,105.3,0.31,15.07,52.68,7.57
2022-10-12 16:15:00.000 -0400,Alan,518.9,104.7,0.31,15.03,52.9,7.58
2022-10-12 16:30:00.000 -0400,Alan,517.1,106.1,0.31,15.06,51.97,7.57
2022-10-12 16:45:00.000 -0400,Alan,519.4,106.3,0.31,15.08,51.73,7.58
2022-10-12 17:00:00.000 -0400,Alan,518.4,107.3,0.31,15.09,52.14,7.58
2022-10-12 17:15:00.000 -0400,Alan,517.6,105.3,0.31,15.01,52.61,7.58
2022-10-12 17:30:00.000 -0400,Alan,518.1,104.0,0.31,14.99,52.18,7.57
2022-10-12 17:45:00.000 -0400,Alan,520.7,102.9,0.32,14.88,52.19,7.57
2022-10-12 18:00:00.000 -0400,Alan,522.1,102.8,0.32,14.97,54.81,7.56
2022-10-12 18:15:00.000 -0400,Alan,521.4,103.6,0.32,14.98,52.98,7.55
2022-10-12 18:30:00.000 -0400,Alan,521.4,103.8,0.31,15.05,51.53,7.55
2022-10-12 18:45:00.000 -0400,Alan,520.8,102.2,0.31,15.01,52.08,7.55
2022-10-12 19:00:00.000 -0400,Alan,520.6,103.0,0.31,15.0,52.4,7.55
2022-10-12 19:15:00.000 -0400,Alan,518.6,101.4,0.31,14.99,51.71,7.53
2022-10-12 19:30:00.000 -0400,Alan,518.4,102.3,0.31,15.03,52.2,7.54
2022-10-12 19:45:00.000 -0400,Alan,518.6,101.0,0.31,15.0,52.24,7.53
2022-10-12 20:00:00.000 -0400,Alan,520.5,101.5,0.31,15.0,52.02,7.53
2022-10-12 20:15:00.000 -0400,Alan,517.3,99.5,0.31,14.99,51.86,7.52
2022-10-12 20:30:00.000 -0400,Alan,517.1,97.6,0.31,15.04,52.09,7.51
2022-10-12 20:45:00.000 -0400,Alan,517.6,97.2,0.31,15.1,51.58,7.51
2022-10-12 21:00:00.000 -0400,Alan,518.0,94.7,0.31,15.09,51.47,7.5
2022-10-12 21:15:00.000 -0400,Alan,518.4,90.7,0.31,15.11,51.81,7.49
2022-10-12 21:30:00.000 -0400,Alan,517.3,99.4,0.31,15.12,51.79,7.49
2022-10-12 21:45:00.000 -0400,Alan,518.4,93.5,0.31,15.08,51.42,7.48
2022-10-12 22:00:00.000 -0400,Alan,516.3,92.3,0.31,15.08,51.38,7.47
2022-10-12 22:15:00.000 -0400,Alan,513.8,96.6,0.31,15.07,51.16,7.46
2022-10-12 22:30:00.000 -0400,Alan,513.3,95.5,0.31,15.05,51.22,7.46
2022-10-12 22:45:00.000 -0400,Alan,516.7,95.1,0.31,15.02,51.36,7.45
2022-10-12 23:00:00.000 -0400,Alan,516.5,95.9,0.31,15.0,51.37,7.44
2022-10-12 23:15:00.000 -0400,Alan,517.5,95.6,0.31,14.99,51.4,7.44
2022-10-12 23:30:00.000 -0400,Alan,516.3,95.6,0.31,14.98,51.68,7.44
2022-10-12 23:45:00.000 -0400,Alan,518.2,94.7,0.31,14.99,51.4,7.43
2022-10-13 00:00:00.000 -0400,Alan,516.5,95.2,0.31,15.01,51.73,7.43
2022-10-13 00:15:00.000 -0400,Alan,519.2,94.9,0.31,15.11,52.37,7.43
2022-10-13 00:30:00.000 -0400,Alan,522.8,94.6,0.32,15.12,52.83,7.43
2022-10-13 00:45:00.000 -0400,Alan,524.0,92.0,0.32,15.12,52.5,7.41
2022-10-13 01:00:00.000 -0400,Alan,525.5,92.5,0.32,15.13,52.56,7.4
2022-10-13 01:15:00.000 -0400,Alan,527.9,90.0,0.32,15.18,51.9,7.39
2022-10-13 01:30:00.000 -0400,Alan,532.9,91.8,0.32,15.17,52.14,7.38
2022-10-13 01:45:00.000 -0400,Alan,531.2,92.1,0.32,15.11,51.94,7.37
2022-10-13 02:00:00.000 -0400,Alan,529.8,90.4,0.32,15.07,51.97,7.37
2022-10-13 02:15:00.000 -0400,Alan,533.8,87.5,0.32,15.08,51.93,7.36
2022-10-13 02:30:00.000 -0400,Alan,546.0,84.6,0.33,15.17,52.42,7.34
2022-10-13 02:45:00.000 -0400,Alan,551.0,82.5,0.33,15.22,52.64,7.31
2022-10-13 03:00:00.000 -0400,Alan,548.3,82.3,0.33,15.21,52.72,7.29
2022-10-13 03:15:00.000 -0400,Alan,541.9,80.4,0.33,15.21,52.5,7.28
2022-10-13 03:30:00.000 -0400,Alan,538.5,85.7,0.32,15.19,52.44,7.32
2022-10-13 03:45:00.000 -0400,Alan,526.5,90.9,0.32,15.13,52.27,7.34
2022-10-13 04:00:00.000 -0400,Alan,525.4,87.4,0.32,15.15,52.02,7.37
2022-10-13 04:15:00.000 -0400,Alan,529.2,84.4,0.32,15.17,52.37,7.37
2022-10-13 04:30:00.000 -0400,Alan,529.1,85.8,0.32,15.14,52.64,7.38
2022-10-13 04:45:00.000 -0400,Alan,521.1,86.7,0.31,15.14,52.23,7.39
2022-10-13 05:00:00.000 -0400,Alan,524.9,91.9,0.32,15.13,52.72,7.41
2022-10-13 05:15:00.000 -0400,Alan,528.9,92.6,0.32,15.12,52.53,7.42
2022-10-13 05:30:00.000 -0400,Alan,524.9,88.8,0.32,15.1,52.46,7.43
2022-10-13 05:45:00.000 -0400,Alan,524.4,92.0,0.32,15.08,52.48,7.43
2022-10-13 06:00:00.000 -0400,Alan,524.1,91.0,0.32,15.08,52.45,7.44
2022-10-13 06:15:00.000 -0400,Alan,532.8,84.6,0.32,15.12,52.75,7.42
2022-10-13 06:30:00.000 -0400,Alan,530.3,86.0,0.32,15.11,52.84,7.4
2022-10-13 06:45:00.000 -0400,Alan,533.2,89.2,0.32,15.12,52.85,7.39
2022-10-13 07:00:00.000 -0400,Alan,525.5,88.5,0.32,15.15,52.95,7.38
2022-10-13 07:15:00.000 -0400,Alan,527.3,88.2,0.32,15.14,52.86,7.39
2022-10-13 07:30:00.000 -0400,Alan,522.1,90.5,0.31,15.17,52.53,7.4
2022-10-13 07:45:00.000 -0400,Alan,526.5,90.5,0.32,15.16,53.33,7.41
2022-10-13 08:00:00.000 -0400,Alan,527.5,91.3,0.32,15.14,52.86,7.42
2022-10-13 08:15:00.000 -0400,Alan,520.9,92.0,0.31,15.16,52.52,7.43
2022-10-13 08:30:00.000 -0400,Alan,525.4,93.1,0.32,15.17,52.67,7.44
2022-10-13 08:45:00.000 -0400,Alan,522.5,92.7,0.31,15.18,53.61,7.44
2022-10-13 09:00:00.000 -0400,Alan,509.2,95.4,0.31,15.19,52.98,7.45
2022-10-13 09:15:00.000 -0400,Alan,518.4,97.6,0.31,15.21,52.93,7.47
2022-10-13 09:30:00.000 -0400,Alan,514.2,100.1,0.31,15.22,53.0,7.49
2022-10-13 09:45:00.000 -0400,Alan,514.9,100.3,0.31,15.23,52.64,7.51
2022-10-13 10:00:00.000 -0400,Alan,521.3,100.9,0.31,15.27,52.3,7.53
2022-10-13 10:15:00.000 -0400,Alan,521.5,105.1,0.31,15.29,52.83,7.54
2022-10-13 10:30:00.000 -0400,Alan,521.9,101.5,0.31,15.27,52.08,7.55
2022-10-13 10:45:00.000 -0400,Alan,521.9,103.6,0.31,15.33,52.54,7.54
2022-10-13 11:00:00.000 -0400,Alan,525.0,103.7,0.31,15.39,51.82,7.54
2022-10-13 11:15:00.000 -0400,Alan,525.7,99.2,0.32,15.31,52.32,7.54
2022-10-13 11:30:00.000 -0400,Alan,526.0,105.4,0.31,15.51,51.97,7.55
2022-10-13 11:45:00.000 -0400,Alan,526.6,105.6,0.31,15.54,51.91,7.57
2022-10-13 12:00:00.000 -0400,Alan,525.7,104.6,0.31,15.4,52.11,7.56
2022-10-13 12:15:00.000 -0400,Alan,527.4,100.2,0.32,15.38,52.18,7.55
2022-10-13 12:30:00.000 -0400,Alan,526.8,96.4,0.32,15.26,52.62,7.52
2022-10-13 12:45:00.000 -0400,Alan,528.8,92.0,0.32,15.25,52.5,7.48
2022-10-13 13:00:00.000 -0400,Alan,533.9,91.3,0.32,15.18,52.6,7.44
2022-10-13 13:15:00.000 -0400,Alan,533.3,97.1,0.32,15.27,52.93,7.43
2022-10-13 13:30:00.000 -0400,Alan,529.1,98.4,0.32,15.3,51.95,7.44
2022-10-13 13:45:00.000 -0400,Alan,527.1,96.9,0.32,15.31,52.81,7.45
2022-10-13 14:00:00.000 -0400,Alan,521.7,112.6,0.31,15.27,52.76,7.47
2022-10-13 14:15:00.000 -0400,Alan,519.7,111.6,0.31,15.31,52.68,7.51
2022-10-13 14:30:00.000 -0400,Alan,522.3,116.2,0.31,15.36,52.59,7.55
2022-10-13 14:45:00.000 -0400,Alan,519.2,115.4,0.31,15.33,51.98,7.57
2022-10-13 15:00:00.000 -0400,Alan,522.3,117.2,0.31,15.33,53.26,7.59
2022-10-13 15:15:00.000 -0400,Alan,525.9,110.8,0.32,15.31,52.07,7.59
2022-10-13 15:30:00.000 -0400,Alan,523.8,112.0,0.31,15.33,52.28,7.58
2022-10-13 15:45:00.000 -0400,Alan,526.1,107.6,0.32,15.34,52.2,7.57
2022-10-13 16:00:00.000 -0400,Alan,525.8,106.1,0.32,15.35,52.74,7.55
2022-10-13 16:15:00.000 -0400,Alan,526.6,106.3,0.32,15.38,53.04,7.54
2022-10-13 16:30:00.000 -0400,Alan,526.1,103.1,0.32,15.37,53.03,7.54
2022-10-13 16:45:00.000 -0400,Alan,525.4,106.1,0.31,15.38,53.23,7.54
2022-10-13 17:00:00.000 -0400,Alan,523.8,102.2,0.31,15.43,52.35,7.54
2022-10-13 17:15:00.000 -0400,Alan,526.9,104.6,0.32,15.44,52.52,7.53
2022-10-13 17:30:00.000 -0400,Alan,532.9,106.4,0.32,15.5,52.34,7.53
2022-10-13 17:45:00.000 -0400,Alan,529.2,106.3,0.32,15.47,52.32,7.54
2022-10-13 18:00:00.000 -0400,Alan,532.2,105.0,0.32,15.48,53.18,7.54
2022-10-13 18:15:00.000 -0400,Alan,530.0,104.1,0.32,15.43,53.13,7.51
2022-10-13 18:30:00.000 -0400,Alan,529.5,103.9,0.32,15.43,52.77,7.51
2022-10-13 18:45:00.000 -0400,Alan,527.3,103.4,0.32,15.45,53.67,7.5
2022-10-13 19:00:00.000 -0400,Alan,527.7,98.0,0.32,15.37,52.77,7.5
2022-10-13 19:15:00.000 -0400,Alan,535.4,96.2,0.32,15.34,52.84,7.47
2022-10-13 19:30:00.000 -0400,Alan,536.4,96.4,0.32,15.37,52.8,7.45
2022-10-13 19:45:00.000 -0400,Alan,536.8,97.7,0.32,15.39,53.64,7.46
2022-10-13 20:00:00.000 -0400,Alan,533.5,103.1,0.32,15.42,53.62,7.46
2022-10-13 20:15:00.000 -0400,Alan,526.4,104.2,0.31,15.5,52.64,7.48
2022-10-13 20:30:00.000 -0400,Alan,531.5,104.0,0.32,15.45,53.56,7.5
2022-10-13 20:45:00.000 -0400,Alan,530.0,105.5,0.32,15.58,53.28,7.5
2022-10-13 21:00:00.000 -0400,Alan,529.2,102.5,0.32,15.55,53.47,7.52
2022-10-13 21:15:00.000 -0400,Alan,527.5,107.2,0.32,15.5,53.44,7.53
2022-10-13 21:30:00.000 -0400,Alan,532.1,99.8,0.32,15.41,53.14,7.53
2022-10-13 21:45:00.000 -0400,Alan,528.1,99.7,0.32,15.47,53.15,7.51
2022-10-13 22:00:00.000 -0400,Alan,528.6,101.7,0.32,15.43,53.71,7.5
2022-10-13 22:15:00.000 -0400,Alan,532.7,101.6,0.32,15.43,53.37,7.49
2022-10-13 22:30:00.000 -0400,Alan,528.9,108.1,0.32,15.54,53.58,7.5
2022-10-13 22:45:00.000 -0400,Alan,528.4,109.6,0.31,15.62,53.15,7.51
2022-10-13 23:00:00.000 -0400,Alan,531.6,112.9,0.32,15.74,53.38,7.53
2022-10-13 23:15:00.000 -0400,Alan,528.8,117.6,0.31,15.76,53.35,7.57
2022-10-13 23:30:00.000 -0400,Alan,526.0,112.6,0.31,15.63,53.13,7.58
2022-10-13 23:45:00.000 -0400,Alan,529.2,104.7,0.32,15.54,53.5,7.57
2022-10-14 00:00:00.000 -0400,Alan,532.5,111.1,0.32,15.62,53.79,7.56
2022-10-14 00:15:00.000 -0400,Alan,530.2,112.2,0.32,15.64,53.57,7.56
2022-10-14 00:30:00.000 -0400,Alan,539.3,98.0,0.32,15.37,53.98,7.55
2022-10-14 00:45:00.000 -0400,Alan,534.6,93.6,0.32,15.47,52.78,7.48
2022-10-14 01:00:00.000 -0400,Alan,536.7,93.3,0.32,15.36,53.81,7.45
2022-10-14 01:15:00.000 -0400,Alan,535.2,87.3,0.32,15.36,53.76,7.41
2022-10-14 01:30:00.000 -0400,Alan,531.6,94.2,0.32,15.4,53.78,7.4
2022-10-14 01:45:00.000 -0400,Alan,527.0,103.8,0.31,15.55,53.97,7.45
2022-10-14 02:00:00.000 -0400,Alan,529.5,107.7,0.32,15.55,53.23,7.5
2022-10-14 02:15:00.000 -0400,Alan,527.3,103.8,0.32,15.4,53.93,7.5
2022-10-14 02:30:00.000 -0400,Alan,526.7,96.8,0.32,15.43,53.51,7.5
2022-10-14 02:45:00.000 -0400,Alan,533.2,96.2,0.32,15.42,53.12,7.49
2022-10-14 03:00:00.000 -0400,Alan,525.6,101.9,0.31,15.5,53.7,7.49
2022-10-14 03:15:00.000 -0400,Alan,526.3,104.4,0.31,15.56,53.75,7.51
2022-10-14 03:30:00.000 -0400,Alan,526.0,100.8,0.31,15.61,53.1,7.5
2022-10-14 03:45:00.000 -0400,Alan,527.8,105.0,0.31,15.61,54.32,7.51
2022-10-14 04:00:00.000 -0400,Alan,523.4,99.8,0.31,15.51,53.59,7.5
2022-10-14 04:15:00.000 -0400,Alan,452.5,97.6,0.27,15.29,54.37,7.52
2022-10-14 04:30:00.000 -0400,Alan,439.3,92.1,0.26,15.17,53.76,7.49
2022-10-14 04:45:00.000 -0400,Alan,454.0,93.8,0.27,15.13,54.03,7.47
2022-10-14 05:00:00.000 -0400,Alan,426.1,94.3,0.26,15.14,53.37,7.44
2022-10-14 05:15:00.000 -0400,Alan,425.3,96.1,0.25,15.18,54.64,7.44
2022-10-14 05:30:00.000 -0400,Alan,396.8,92.5,0.24,15.1,54.2,7.44
2022-10-14 05:45:00.000 -0400,Alan,363.4,85.8,0.22,14.86,53.83,7.43
2022-10-14 06:00:00.000 -0400,Alan,385.2,83.2,0.23,14.88,52.88,7.39
2022-10-14 06:15:00.000 -0400,Alan,348.9,79.46,0.21,14.8,53.03,7.36
2022-10-14 06:30:00.000 -0400,Alan,329.2,75.59,0.2,14.69,53.84,7.33
2022-10-14 06:45:00.000 -0400,Alan,318.5,69.05,0.19,14.61,54.32,7.28
2022-10-14 07:00:00.000 -0400,Alan,326.9,72.81,0.2,14.64,54.08,7.24
2022-10-14 07:15:00.000 -0400,Alan,344.7,70.49,0.21,14.72,54.01,7.2
2022-10-14 07:30:00.000 -0400,Alan,342.9,78.86,0.21,14.73,54.23,7.19
2022-10-14 07:45:00.000 -0400,Alan,338.4,76.35,0.2,14.66,54.35,7.2
2022-10-14 08:00:00.000 -0400,Alan,352.4,82.7,0.21,14.74,54.58,7.2
2022-10-14 08:15:00.000 -0400,Alan,355.8,82.2,0.21,14.75,54.66,7.21
2022-10-14 08:30:00.000 -0400,Alan,352.3,80.8,0.21,14.76,54.64,7.21
2022-10-14 08:45:00.000 -0400,Alan,357.6,80.5,0.22,14.73,53.47,7.21
2022-10-14 09:00:00.000 -0400,Alan,347.5,76.4,0.21,14.65,54.13,7.21
2022-10-14 09:15:00.000 -0400,Alan,352.5,76.32,0.21,14.65,54.5,7.19
2022-10-14 09:30:00.000 -0400,Alan,358.2,80.3,0.22,14.65,54.57,7.2
2022-10-14 09:45:00.000 -0400,Alan,363.5,78.96,0.22,14.69,54.21,7.19
2022-10-14 10:00:00.000 -0400,Alan,368.2,81.2,0.22,14.71,54.84,7.21
2022-10-14 10:15:00.000 -0400,Alan,471.9,94.6,0.28,15.19,53.91,7.22
2022-10-14 10:30:00.000 -0400,Alan,500.1,103.9,0.3,15.41,53.97,7.28
2022-10-14 10:45:00.000 -0400,Alan,487.4,108.5,0.29,15.38,53.09,7.37
2022-10-14 11:00:00.000 -0400,Alan,473.7,116.7,0.28,15.51,52.95,7.43
2022-10-14 11:15:00.000 -0400,Alan,470.6,119.3,0.28,15.48,52.7,7.51
2022-10-14 11:30:00.000 -0400,Alan,449.0,116.9,0.27,15.41,52.46,7.55
2022-10-14 11:45:00.000 -0400,Alan,429.9,111.5,0.26,15.41,52.16,7.55
2022-10-14 12:00:00.000 -0400,Alan,413.7,108.2,0.25,15.4,52.1,7.55
2022-10-14 12:15:00.000 -0400,Alan,388.7,102.9,0.23,15.23,52.14,7.53
2022-10-14 12:30:00.000 -0400,Alan,421.2,113.7,0.25,15.41,52.0,7.51
2022-10-14 12:45:00.000 -0400,Alan,435.2,121.9,0.26,15.47,51.77,7.53
2022-10-14 13:00:00.000 -0400,Alan,421.7,113.8,0.25,15.31,51.49,7.55
2022-10-14 13:15:00.000 -0400,Alan,431.3,119.3,0.26,15.37,51.53,7.55
2022-10-14 13:30:00.000 -0400,Alan,430.6,123.0,0.26,15.54,51.77,7.57
2022-10-14 13:45:00.000 -0400,Alan,424.2,118.9,0.25,15.71,51.49,7.59
2022-10-14 14:00:00.000 -0400,Alan,410.2,114.3,0.24,15.72,51.59,7.59
2022-10-14 14:15:00.000 -0400,Alan,423.1,119.0,0.25,15.7,51.69,7.58
2022-10-14 14:30:00.000 -0400,Alan,443.6,121.9,0.26,15.45,51.82,7.59
2022-10-14 14:45:00.000 -0400,Alan,428.9,119.2,0.25,15.64,52.0,7.61
2022-10-14 15:00:00.000 -0400,Alan,423.7,115.7,0.25,15.64,51.58,7.6
2022-10-14 15:15:00.000 -0400,Alan,424.5,115.3,0.25,15.7,51.8,7.59
2022-10-14 15:30:00.000 -0400,Alan,442.9,120.3,0.26,15.6,52.06,7.58
2022-10-14 15:45:00.000 -0400,Alan,465.0,116.7,0.28,15.52,52.01,7.57
2022-10-14 16:00:00.000 -0400,Alan,486.2,129.3,0.29,15.65,51.38,7.58
2022-10-14 16:15:00.000 -0400,Alan,478.7,130.1,0.28,15.69,51.55,7.6
2022-10-14 16:30:00.000 -0400,Alan,469.2,130.4,0.28,15.71,51.29,7.63
2022-10-14 16:45:00.000 -0400,Alan,448.8,129.5,0.27,15.76,50.91,7.65
2022-10-14 17:00:00.000 -0400,Alan,445.8,129.1,0.26,15.73,51.01,7.65
2022-10-14 17:15:00.000 -0400,Alan,453.1,123.4,0.27,15.77,50.98,7.65
2022-10-14 17:30:00.000 -0400,Alan,472.7,124.7,0.28,15.73,51.91,7.64
2022-10-14 17:45:00.000 -0400,Alan,474.2,125.7,0.28,15.76,51.0,7.63
2022-10-14 18:00:00.000 -0400,Alan,467.4,122.5,0.28,15.77,50.72,7.63
2022-10-14 18:15:00.000 -0400,Alan,460.6,116.0,0.27,15.77,51.11,7.62
2022-10-14 18:30:00.000 -0400,Alan,454.3,109.1,0.27,15.78,50.76,7.61
2022-10-14 18:45:00.000 -0400,Alan,449.5,113.5,0.27,15.76,51.01,7.6
2022-10-14 19:00:00.000 -0400,Alan,451.6,113.3,0.27,15.76,51.63,7.6
2022-10-14 19:15:00.000 -0400,Alan,452.7,115.1,0.27,15.74,50.98,7.59
2022-10-14 19:30:00.000 -0400,Alan,456.2,113.0,0.27,15.71,51.26,7.58
2022-10-14 19:45:00.000 -0400,Alan,455.6,115.6,0.27,15.72,51.64,7.57
2022-10-14 20:00:00.000 -0400,Alan,455.3,111.2,0.27,15.72,51.4,7.56
2022-10-14 20:15:00.000 -0400,Alan,463.6,106.7,0.27,15.73,51.35,7.56
2022-10-14 20:30:00.000 -0400,Alan,474.0,105.9,0.28,15.8,51.6,7.52
2022-10-14 20:45:00.000 -0400,Alan,484.3,96.3,0.29,15.82,52.2,7.46
2022-10-14 21:00:00.000 -0400,Alan,501.7,90.1,0.3,15.91,51.59,7.41
2022-10-14 21:15:00.000 -0400,Alan,506.4,83.2,0.3,15.92,52.27,7.35
2022-10-14 21:30:00.000 -0400,Alan,506.1,80.9,0.3,15.88,52.25,7.3
2022-10-14 21:45:00.000 -0400,Alan,500.6,78.3,0.3,15.87,52.51,7.27
2022-10-14 22:00:00.000 -0400,Alan,481.1,75.84,0.28,15.84,53.98,7.26
2022-10-14 22:15:00.000 -0400,Alan,474.0,79.21,0.28,15.79,53.72,7.26
2022-10-14 22:30:00.000 -0400,Alan,464.0,75.37,0.27,15.73,53.32,7.25
2022-10-14 22:45:00.000 -0400,Alan,461.8,79.69,0.27,15.72,53.29,7.25
2022-10-14 23:00:00.000 -0400,Alan,470.9,79.66,0.28,15.71,53.73,7.24
2022-10-14 23:15:00.000 -0400,Alan,461.6,82.0,0.27,15.69,53.66,7.24
2022-10-14 23:30:00.000 -0400,Alan,457.7,82.0,0.27,15.61,53.54,7.25
2022-10-14 23:45:00.000 -0400,Alan,456.3,87.1,0.27,15.62,53.06,7.26
2022-10-15 00:00:00.000 -0400,Alan,452.5,88.1,0.27,15.54,52.72,7.28
2022-10-15 00:15:00.000 -0400,Alan,452.0,90.3,0.27,15.51,53.52,7.3
2022-10-15 00:30:00.000 -0400,Alan,449.4,89.2,0.27,15.46,52.95,7.3
2022-10-15 00:45:00.000 -0400,Alan,449.0,90.5,0.27,15.42,52.83,7.32
2022-10-15 01:00:00.000 -0400,Alan,455.7,85.0,0.27,15.42,52.97,7.32
2022-10-15 01:15:00.000 -0400,Alan,452.2,85.2,0.27,15.36,52.97,7.32
2022-10-15 01:30:00.000 -0400,Alan,450.5,87.9,0.27,15.32,52.8,7.33
2022-10-15 01:45:00.000 -0400,Alan,448.8,90.4,0.27,15.28,53.03,7.34
2022-10-15 02:00:00.000 -0400,Alan,451.5,89.9,0.27,15.25,52.65,7.35
2022-10-15 02:15:00.000 -0400,Alan,449.1,88.5,0.27,15.21,52.15,7.34
2022-10-15 02:30:00.000 -0400,Alan,450.5,86.2,0.27,15.16,52.46,7.34
2022-10-15 02:45:00.000 -0400,Alan,448.3,84.4,0.27,15.11,52.98,7.34
2022-10-15 03:00:00.000 -0400,Alan,447.0,88.5,0.27,15.06,52.53,7.34
2022-10-15 03:15:00.000 -0400,Alan,449.9,88.4,0.27,15.03,53.37,7.34
2022-10-15 03:30:00.000 -0400,Alan,449.9,86.7,0.27,14.99,52.81,7.34
2022-10-15 03:45:00.000 -0400,Alan,447.9,83.8,0.27,14.95,52.73,7.34
2022-10-15 04:00:00.000 -0400,Alan,448.0,86.0,0.27,14.91,53.79,7.35
2022-10-15 04:15:00.000 -0400,Alan,447.6,84.0,0.27,14.87,53.08,7.35
2022-10-15 04:30:00.000 -0400,Alan,448.1,82.4,0.27,14.83,52.55,7.34
2022-10-15 04:45:00.000 -0400,Alan,448.5,83.1,0.27,14.79,52.79,7.34
2022-10-15 05:00:00.000 -0400,Alan,449.5,83.1,0.27,14.77,53.53,7.33
2022-10-15 05:15:00.000 -0400,Alan,449.1,81.5,0.27,14.72,52.61,7.33
2022-10-15 05:30:00.000 -0400,Alan,448.1,82.3,0.27,14.66,53.59,7.33
2022-10-15 05:45:00.000 -0400,Alan,450.9,80.7,0.27,14.65,53.78,7.33
2022-10-15 06:00:00.000 -0400,Alan,448.1,81.4,0.27,14.57,54.19,7.33
2022-10-15 06:15:00.000 -0400,Alan,446.8,82.4,0.27,14.53,53.73,7.32
2022-10-15 06:30:00.000 -0400,Alan,449.2,76.63,0.27,14.51,53.7,7.31
2022-10-15 06:45:00.000 -0400,Alan,447.8,80.6,0.27,14.45,53.83,7.31
2022-10-15 07:00:00.000 -0400,Alan,446.5,81.8,0.27,14.41,53.55,7.31
2022-10-15 07:15:00.000 -0400,Alan,448.3,78.44,0.27,14.39,54.1,7.31
2022-10-15 07:30:00.000 -0400,Alan,446.5,79.65,0.27,14.35,53.73,7.3
2022-10-15 07:45:00.000 -0400,Alan,447.0,81.1,0.27,14.32,53.75,7.3
2022-10-15 08:00:00.000 -0400,Alan,446.8,80.9,0.27,14.3,53.9,7.3
2022-10-15 08:15:00.000 -0400,Alan,447.6,82.3,0.27,14.27,53.44,7.3
2022-10-15 08:30:00.000 -0400,Alan,447.5,81.6,0.27,14.25,53.81,7.3
2022-10-15 08:45:00.000 -0400,Alan,445.7,83.3,0.27,14.24,53.41,7.3
2022-10-15 09:00:00.000 -0400,Alan,447.8,81.9,0.27,14.25,53.43,7.31
2022-10-15 09:15:00.000 -0400,Alan,457.0,75.45,0.28,14.3,53.76,7.31
2022-10-15 09:30:00.000 -0400,Alan,461.5,84.3,0.28,14.37,53.76,7.31
2022-10-15 09:45:00.000 -0400,Alan,464.9,86.2,0.28,14.41,54.21,7.32
2022-10-15 10:00:00.000 -0400,Alan,465.1,86.5,0.28,14.48,53.71,7.33
2022-10-15 10:15:00.000 -0400,Alan,471.4,85.6,0.29,14.63,54.33,7.33
2022-10-15 10:30:00.000 -0400,Alan,467.4,83.5,0.28,14.66,54.77,7.33
2022-10-15 10:45:00.000 -0400,Alan,476.4,86.7,0.29,14.74,55.28,7.35
2022-10-15 11:00:00.000 -0400,Alan,483.5,86.2,0.29,14.9,54.72,7.35
2022-10-15 11:15:00.000 -0400,Alan,491.8,85.0,0.3,15.08,54.5,7.36
2022-10-15 11:30:00.000 -0400,Alan,488.7,85.8,0.29,15.1,53.56,7.37
2022-10-15 11:45:00.000 -0400,Alan,494.8,85.4,0.3,15.09,54.53,7.37
2022-10-15 12:00:00.000 -0400,Alan,488.7,86.8,0.3,14.96,53.52,7.38
2022-10-15 12:15:00.000 -0400,Alan,489.7,90.3,0.3,15.01,54.03,7.39
2022-10-15 12:30:00.000 -0400,Alan,491.8,94.1,0.3,14.95,53.32,7.41
2022-10-15 12:45:00.000 -0400,Alan,489.6,93.9,0.3,14.99,53.56,7.42
2022-10-15 13:00:00.000 -0400,Alan,490.5,96.4,0.3,15.15,53.47,7.43
2022-10-15 13:15:00.000 -0400,Alan,494.5,98.4,0.3,15.24,53.65,7.45
2022-10-15 13:30:00.000 -0400,Alan,493.3,102.9,0.3,15.25,53.82,7.46
2022-10-15 13:45:00.000 -0400,Alan,495.7,108.1,0.3,15.37,52.67,7.49
2022-10-15 14:00:00.000 -0400,Alan,493.0,119.9,0.3,15.26,52.86,7.52
2022-10-15 14:15:00.000 -0400,Alan,487.6,115.1,0.29,15.23,52.78,7.56
2022-10-15 14:30:00.000 -0400,Alan,491.7,119.2,0.29,15.29,52.94,7.58
2022-10-15 14:45:00.000 -0400,Alan,489.5,115.8,0.29,15.24,52.45,7.6
2022-10-15 15:00:00.000 -0400,Alan,492.6,114.3,0.3,15.25,52.21,7.61
2022-10-15 15:15:00.000 -0400,Alan,494.0,117.5,0.3,15.33,52.37,7.62
2022-10-15 15:30:00.000 -0400,Alan,493.5,117.7,0.3,15.41,52.31,7.63
2022-10-15 15:45:00.000 -0400,Alan,490.2,116.6,0.29,15.43,52.03,7.64
2022-10-15 16:00:00.000 -0400,Alan,493.1,114.5,0.3,15.32,53.12,7.64
2022-10-15 16:15:00.000 -0400,Alan,497.5,118.1,0.3,15.37,52.45,7.64
2022-10-15 16:30:00.000 -0400,Alan,494.4,115.0,0.3,15.44,53.13,7.64
2022-10-15 16:45:00.000 -0400,Alan,494.3,115.3,0.3,15.46,52.64,7.64
2022-10-15 17:00:00.000 -0400,Alan,493.9,111.7,0.3,15.42,52.27,7.64
2022-10-15 17:15:00.000 -0400,Alan,494.4,116.3,0.3,15.47,52.76,7.64
2022-10-15 17:30:00.000 -0400,Alan,492.4,116.1,0.29,15.42,52.25,7.64
2022-10-15 17:45:00.000 -0400,Alan,495.4,113.2,0.3,15.44,51.79,7.64
2022-10-15 18:00:00.000 -0400,Alan,493.9,111.6,0.3,15.43,51.99,7.63
2022-10-15 18:15:00.000 -0400,Alan,489.8,110.2,0.29,15.39,53.13,7.63
2022-10-15 18:30:00.000 -0400,Alan,493.3,109.0,0.29,15.42,52.66,7.62
2022-10-15 18:45:00.000 -0400,Alan,494.8,110.9,0.3,15.49,53.8,7.61
2022-10-15 19:00:00.000 -0400,Alan,493.4,112.1,0.29,15.46,52.76,7.61
2022-10-15 19:15:00.000 -0400,Alan,494.6,108.1,0.29,15.52,53.18,7.61
2022-10-15 19:30:00.000 -0400,Alan,498.9,109.7,0.3,15.51,52.49,7.6
2022-10-15 19:45:00.000 -0400,Alan,499.0,111.0,0.3,15.48,52.82,7.6
2022-10-15 20:00:00.000 -0400,Alan,492.6,104.2,0.29,15.42,52.89,7.59
2022-10-15 20:15:00.000 -0400,Alan,500.0,100.7,0.3,15.4,52.86,7.57
2022-10-15 20:30:00.000 -0400,Alan,494.2,98.0,0.3,15.45,53.11,7.55
2022-10-15 20:45:00.000 -0400,Alan,499.9,109.1,0.3,15.52,52.84,7.55
2022-10-15 21:00:00.000 -0400,Alan,503.8,101.8,0.3,15.55,53.08,7.55
2022-10-15 21:15:00.000 -0400,Alan,504.1,100.3,0.3,15.56,52.67,7.54
2022-10-15 21:30:00.000 -0400,Alan,500.8,103.0,0.3,15.55,53.16,7.53
2022-10-15 21:45:00.000 -0400,Alan,507.0,101.0,0.3,15.49,52.98,7.53
2022-10-15 22:00:00.000 -0400,Alan,521.2,88.4,0.31,15.57,53.0,7.47
2022-10-15 22:15:00.000 -0400,Alan,526.5,89.3,0.31,15.55,54.16,7.43
2022-10-15 22:30:00.000 -0400,Alan,514.9,87.4,0.31,15.56,53.54,7.39
2022-10-15 22:45:00.000 -0400,Alan,502.2,91.1,0.3,15.5,53.91,7.41
2022-10-15 23:00:00.000 -0400,Alan,499.9,93.0,0.3,15.51,53.58,7.43
2022-10-15 23:15:00.000 -0400,Alan,500.6,88.2,0.3,15.51,54.3,7.43
2022-10-15 23:30:00.000 -0400,Alan,508.7,86.6,0.3,15.53,54.19,7.42
2022-10-15 23:45:00.000 -0400,Alan,514.1,81.5,0.31,15.52,54.24,7.41
2022-10-16 00:00:00.000 -0400,Alan,501.6,81.6,0.3,15.46,54.12,7.4
2022-10-16 00:15:00.000 -0400,Alan,497.4,81.2,0.3,15.43,54.39,7.4
2022-10-16 00:30:00.000 -0400,Alan,495.5,81.4,0.3,15.42,54.94,7.4
2022-10-16 00:45:00.000 -0400,Alan,499.7,77.98,0.3,15.42,54.78,7.39
2022-10-16 01:00:00.000 -0400,Alan,503.1,74.24,0.3,15.42,53.73,7.37
2022-10-16 01:15:00.000 -0400,Alan,507.8,68.54,0.3,15.44,53.99,7.35
2022-10-16 01:30:00.000 -0400,Alan,506.0,70.01,0.3,15.43,54.02,7.34
2022-10-16 01:45:00.000 -0400,Alan,506.2,74.76,0.3,15.38,54.13,7.36
2022-10-16 02:00:00.000 -0400,Alan,506.1,72.06,0.3,15.36,54.5,7.35
2022-10-16 02:15:00.000 -0400,Alan,503.2,74.24,0.3,15.34,54.22,7.36
2022-10-16 02:30:00.000 -0400,Alan,502.9,80.8,0.3,15.3,54.03,7.37
2022-10-16 02:45:00.000 -0400,Alan,500.9,81.4,0.3,15.26,54.52,7.38
2022-10-16 03:00:00.000 -0400,Alan,498.8,82.4,0.3,15.23,54.04,7.38
2022-10-16 03:15:00.000 -0400,Alan,498.9,84.9,0.3,15.19,54.49,7.38
2022-10-16 03:30:00.000 -0400,Alan,497.8,86.6,0.3,15.16,53.92,7.39
2022-10-16 03:45:00.000 -0400,Alan,498.2,85.9,0.3,15.13,54.17,7.39
2022-10-16 04:00:00.000 -0400,Alan,496.3,82.3,0.3,15.09,54.15,7.4
2022-10-16 04:15:00.000 -0400,Alan,496.0,82.0,0.3,15.07,54.18,7.39
2022-10-16 04:30:00.000 -0400,Alan,497.3,80.6,0.3,15.02,54.47,7.39
2022-10-16 04:45:00.000 -0400,Alan,497.9,79.79,0.3,14.99,54.47,7.4
2022-10-16 05:00:00.000 -0400,Alan,496.5,80.8,0.3,14.95,54.93,7.4
2022-10-16 05:15:00.000 -0400,Alan,497.4,78.23,0.3,14.92,55.81,7.4
2022-10-16 05:30:00.000 -0400,Alan,498.5,81.2,0.3,14.88,55.28,7.4
2022-10-16 05:45:00.000 -0400,Alan,496.8,78.7,0.3,14.84,55.11,7.39
2022-10-16 06:00:00.000 -0400,Alan,496.8,81.2,0.3,14.81,55.07,7.39
2022-10-16 06:15:00.000 -0400,Alan,496.7,77.77,0.3,14.78,54.83,7.39
2022-10-16 06:30:00.000 -0400,Alan,496.7,80.3,0.3,14.74,55.43,7.39
2022-10-16 06:45:00.000 -0400,Alan,496.3,82.3,0.3,14.73,54.85,7.39
2022-10-16 07:00:00.000 -0400,Alan,495.8,76.03,0.3,14.68,55.32,7.38
2022-10-16 07:15:00.000 -0400,Alan,495.8,74.29,0.3,14.65,54.89,7.38
2022-10-16 07:30:00.000 -0400,Alan,495.3,77.3,0.3,14.63,54.9,7.37
2022-10-16 07:45:00.000 -0400,Alan,491.8,78.45,0.3,14.59,54.74,7.37
2022-10-16 08:00:00.000 -0400,Alan,495.1,79.75,0.3,14.57,55.33,7.38
2022-10-16 08:15:00.000 -0400,Alan,494.1,80.8,0.3,14.54,54.23,7.38
2022-10-16 08:30:00.000 -0400,Alan,492.9,84.2,0.3,14.54,55.26,7.38
2022-10-16 08:45:00.000 -0400,Alan,495.8,84.4,0.3,14.53,55.76,7.38
2022-10-16 09:00:00.000 -0400,Alan,495.1,84.1,0.3,14.53,56.15,7.39
2022-10-16 09:15:00.000 -0400,Alan,495.2,85.4,0.3,14.54,55.52,7.39
2022-10-16 09:30:00.000 -0400,Alan,498.2,83.3,0.3,14.59,54.63,7.38
2022-10-16 09:45:00.000 -0400,Alan,498.1,85.0,0.3,14.61,58.31,7.39
2022-10-16 10:00:00.000 -0400,Alan,496.9,88.1,0.3,14.66,55.17,7.4
2022-10-16 10:15:00.000 -0400,Alan,495.1,88.6,0.3,14.71,56.09,7.4
2022-10-16 10:30:00.000 -0400,Alan,495.6,90.0,0.3,14.72,55.27,7.41
2022-10-16 10:45:00.000 -0400,Alan,493.3,91.4,0.3,14.78,54.94,7.42
2022-10-16 11:00:00.000 -0400,Alan,492.8,92.1,0.3,14.79,55.31,7.43
2022-10-16 11:15:00.000 -0400,Alan,493.2,96.5,0.3,14.93,55.64,7.45
2022-10-16 11:30:00.000 -0400,Alan,493.5,96.9,0.3,14.94,54.85,7.46
2022-10-16 11:45:00.000 -0400,Alan,493.3,95.9,0.3,15.02,54.45,7.46
2022-10-16 12:00:00.000 -0400,Alan,494.4,102.1,0.3,15.07,54.7,7.48
2022-10-16 12:15:00.000 -0400,Alan,493.6,105.0,0.3,15.11,55.5,7.5
2022-10-16 12:30:00.000 -0400,Alan,494.2,101.4,0.3,15.22,53.83,7.52
2022-10-16 12:45:00.000 -0400,Alan,494.9,108.4,0.3,15.21,54.48,7.53
2022-10-16 13:00:00.000 -0400,Alan,496.2,107.3,0.3,15.23,54.73,7.55
2022-10-16 13:15:00.000 -0400,Alan,496.5,106.9,0.3,15.13,54.11,7.56
2022-10-16 13:30:00.000 -0400,Alan,496.4,110.3,0.3,15.11,54.52,7.56
2022-10-16 13:45:00.000 -0400,Alan,495.3,108.9,0.3,15.07,54.38,7.57
2022-10-16 14:00:00.000 -0400,Alan,495.5,109.1,0.3,15.05,54.36,7.58
2022-10-16 14:15:00.000 -0400,Alan,496.3,108.7,0.3,15.13,54.94,7.59
2022-10-16 14:30:00.000 -0400,Alan,497.9,114.2,0.3,15.19,54.75,7.6
2022-10-16 14:45:00.000 -0400,Alan,498.9,113.8,0.3,15.24,54.02,7.6
2022-10-16 15:00:00.000 -0400,Alan,498.6,112.3,0.3,15.25,53.2,7.6
2022-10-16 15:15:00.000 -0400,Alan,500.2,111.9,0.3,15.22,54.43,7.6
2022-10-16 15:30:00.000 -0400,Alan,498.5,112.3,0.3,15.15,53.74,7.6
2022-10-16 15:45:00.000 -0400,Alan,495.7,113.6,0.3,15.09,53.89,7.61
2022-10-16 16:00:00.000 -0400,Alan,496.0,113.4,0.3,15.1,54.37,7.61
2022-10-16 16:15:00.000 -0400,Alan,497.7,112.0,0.3,15.12,54.03,7.61
2022-10-16 16:30:00.000 -0400,Alan,499.5,107.5,0.3,15.15,53.85,7.6
2022-10-16 16:45:00.000 -0400,Alan,499.2,97.3,0.3,15.21,54.23,7.58
2022-10-16 17:00:00.000 -0400,Alan,500.5,93.0,0.3,15.25,54.36,7.56
2022-10-16 17:15:00.000 -0400,Alan,499.8,92.8,0.3,15.23,54.03,7.54
2022-10-16 17:30:00.000 -0400,Alan,499.5,96.7,0.3,15.2,54.74,7.54
2022-10-16 17:45:00.000 -0400,Alan,498.0,102.0,0.3,15.18,54.79,7.54
2022-10-16 18:00:00.000 -0400,Alan,498.0,94.8,0.3,15.18,54.26,7.54
2022-10-16 18:15:00.000 -0400,Alan,497.8,100.1,0.3,15.19,54.15,7.54
2022-10-16 18:30:00.000 -0400,Alan,497.4,94.3,0.3,15.19,54.13,7.54
2022-10-16 18:45:00.000 -0400,Alan,503.6,92.4,0.3,15.23,54.33,7.54
2022-10-16 19:00:00.000 -0400,Alan,503.2,92.7,0.3,15.24,54.78,7.52
2022-10-16 19:15:00.000 -0400,Alan,506.1,98.1,0.3,15.26,55.13,7.51
2022-10-16 19:30:00.000 -0400,Alan,499.3,97.3,0.3,15.22,54.41,7.51
2022-10-16 19:45:00.000 -0400,Alan,503.0,88.8,0.3,15.25,55.07,7.51
2022-10-16 20:00:00.000 -0400,Alan,507.7,90.6,0.3,15.25,55.26,7.48
2022-10-16 20:15:00.000 -0400,Alan,511.5,83.0,0.31,15.28,54.64,7.47
2022-10-16 20:30:00.000 -0400,Alan,525.5,90.1,0.32,15.34,55.86,7.44
2022-10-16 20:45:00.000 -0400,Alan,523.8,93.4,0.31,15.27,55.07,7.41
2022-10-16 21:00:00.000 -0400,Alan,518.7,87.5,0.31,15.26,56.01,7.4
2022-10-16 21:15:00.000 -0400,Alan,531.0,86.0,0.32,15.3,55.29,7.37
2022-10-16 21:30:00.000 -0400,Alan,513.2,86.8,0.31,15.22,55.51,7.38
2022-10-16 21:45:00.000 -0400,Alan,517.0,82.0,0.31,15.24,55.53,7.37
2022-10-16 22:00:00.000 -0400,Alan,518.3,76.68,0.31,15.22,54.94,7.36
2022-10-16 22:15:00.000 -0400,Alan,514.4,79.6,0.31,15.21,55.71,7.35
2022-10-16 22:30:00.000 -0400,Alan,509.8,84.7,0.31,15.18,55.86,7.36
2022-10-16 22:45:00.000 -0400,Alan,507.8,76.11,0.31,15.16,55.68,7.36
2022-10-16 23:00:00.000 -0400,Alan,506.2,81.8,0.3,15.13,55.17,7.37
2022-10-16 23:15:00.000 -0400,Alan,499.9,80.2,0.3,15.09,55.39,7.37
2022-10-16 23:30:00.000 -0400,Alan,504.5,82.6,0.3,15.07,54.85,7.38
2022-10-16 23:45:00.000 -0400,Alan,501.1,87.5,0.3,15.04,55.78,7.39
2022-10-17 00:00:00.000 -0400,Alan,500.3,94.6,0.3,15.0,55.94,7.39
2022-10-17 00:15:00.000 -0400,Alan,504.6,90.6,0.3,14.99,54.95,7.39
2022-10-17 00:30:00.000 -0400,Alan,500.4,91.1,0.3,14.96,54.85,7.39
2022-10-17 00:45:00.000 -0400,Alan,500.6,85.0,0.3,14.92,55.58,7.4
2022-10-17 01:00:00.000 -0400,Alan,499.4,86.1,0.3,14.89,54.85,7.4
2022-10-17 01:15:00.000 -0400,Alan,499.7,84.8,0.3,14.87,55.31,7.4
2022-10-17 01:30:00.000 -0400,Alan,497.3,86.0,0.3,14.84,55.85,7.41
2022-10-17 01:45:00.000 -0400,Alan,496.9,85.4,0.3,14.81,55.73,7.41
2022-10-17 02:00:00.000 -0400,Alan,495.2,92.2,0.3,14.78,56.34,7.41
2022-10-17 02:15:00.000 -0400,Alan,492.9,91.4,0.3,14.76,55.83,7.42
2022-10-17 02:30:00.000 -0400,Alan,497.9,89.5,0.3,14.74,55.61,7.42
2022-10-17 02:45:00.000 -0400,Alan,497.8,88.8,0.3,14.72,55.2,7.42
2022-10-17 03:00:00.000 -0400,Alan,495.8,81.8,0.3,14.7,55.76,7.42
2022-10-17 03:15:00.000 -0400,Alan,498.0,88.8,0.3,14.68,55.11,7.42
2022-10-17 03:30:00.000 -0400,Alan,492.1,88.9,0.3,14.66,55.51,7.41
2022-10-17 03:45:00.000 -0400,Alan,493.7,88.9,0.3,14.64,55.86,7.41
2022-10-17 04:00:00.000 -0400,Alan,493.7,89.9,0.3,14.62,55.71,7.4
2022-10-17 04:15:00.000 -0400,Alan,494.5,85.3,0.3,14.61,55.35,7.41
2022-10-17 04:30:00.000 -0400,Alan,493.9,83.3,0.3,14.59,55.56,7.4
2022-10-17 04:45:00.000 -0400,Alan,495.0,86.5,0.3,14.57,55.11,7.41
2022-10-17 05:00:00.000 -0400,Alan,491.0,89.9,0.3,14.56,55.55,7.41
2022-10-17 05:15:00.000 -0400,Alan,493.6,88.7,0.3,14.54,55.64,7.41
2022-10-17 05:30:00.000 -0400,Alan,493.6,88.8,0.3,14.51,55.75,7.41
2022-10-17 05:45:00.000 -0400,Alan,492.7,87.4,0.3,14.49,55.62,7.41
2022-10-17 06:00:00.000 -0400,Alan,492.4,87.8,0.3,14.48,55.71,7.4
2022-10-17 06:15:00.000 -0400,Alan,492.7,85.5,0.3,14.48,56.71,7.39
2022-10-17 06:30:00.000 -0400,Alan,494.2,85.9,0.3,14.47,56.76,7.4
2022-10-17 06:45:00.000 -0400,Alan,493.7,83.8,0.3,14.44,56.94,7.39
2022-10-17 07:00:00.000 -0400,Alan,492.2,84.6,0.3,14.44,55.57,7.39
2022-10-17 07:15:00.000 -0400,Alan,491.9,84.7,0.3,14.43,55.93,7.39
2022-10-17 07:30:00.000 -0400,Alan,493.2,82.8,0.3,14.43,55.74,7.38
2022-10-17 07:45:00.000 -0400,Alan,493.2,84.5,0.3,14.43,56.21,7.38
2022-10-17 08:00:00.000 -0400,Alan,492.3,87.2,0.3,14.42,56.37,7.38
2022-10-17 08:15:00.000 -0400,Alan,493.3,87.3,0.3,14.42,56.58,7.39
2022-10-17 08:30:00.000 -0400,Alan,492.8,83.5,0.3,14.42,56.26,7.38
2022-10-17 08:45:00.000 -0400,Alan,491.7,83.4,0.3,14.43,55.94,7.37
2022-10-17 09:00:00.000 -0400,Alan,491.6,81.9,0.3,14.44,55.47,7.37
2022-10-17 09:15:00.000 -0400,Alan,490.3,81.8,0.3,14.46,55.42,7.37
2022-10-17 09:30:00.000 -0400,Alan,491.1,83.6,0.3,14.46,55.95,7.37
2022-10-17 09:45:00.000 -0400,Alan,489.6,85.9,0.3,14.48,55.58,7.38
2022-10-17 10:00:00.000 -0400,Alan,491.2,87.0,0.3,14.52,56.5,7.38
2022-10-17 10:15:00.000 -0400,Alan,488.6,91.3,0.3,14.54,56.05,7.4
2022-10-17 10:30:00.000 -0400,Alan,493.0,93.7,0.3,14.61,57.01,7.42
2022-10-17 10:45:00.000 -0400,Alan,492.8,96.7,0.3,14.69,56.68,7.44
2022-10-17 11:00:00.000 -0400,Alan,489.8,95.9,0.3,14.72,56.02,7.45
2022-10-17 11:15:00.000 -0400,Alan,492.4,94.2,0.3,14.75,56.65,7.46
2022-10-17 11:30:00.000 -0400,Alan,492.9,98.8,0.3,14.74,55.89,7.47
2022-10-17 11:45:00.000 -0400,Alan,493.5,96.4,0.3,14.75,55.53,7.48
2022-10-17 12:00:00.000 -0400,Alan,490.1,100.1,0.3,14.76,55.09,7.49
2022-10-17 12:15:00.000 -0400,Alan,489.9,101.7,0.3,14.8,54.95,7.51
2022-10-17 12:30:00.000 -0400,Alan,492.0,103.3,0.3,14.87,56.25,7.52
2022-10-17 12:45:00.000 -0400,Alan,493.2,104.4,0.3,14.88,55.79,7.54
2022-10-17 13:00:00.000 -0400,Alan,491.0,104.7,0.3,14.88,56.07,7.55
2022-10-17 13:15:00.000 -0400,Alan,489.3,107.8,0.3,14.81,55.87,7.57
2022-10-17 13:30:00.000 -0400,Alan,492.7,106.8,0.3,14.85,56.02,7.57
2022-10-17 13:45:00.000 -0400,Alan,492.3,107.2,0.3,14.84,55.32,7.57
2022-10-17 14:00:00.000 -0400,Alan,491.0,111.2,0.3,14.88,55.31,7.59
2022-10-17 14:15:00.000 -0400,Alan,491.1,112.4,0.3,14.91,55.18,7.6
2022-10-17 14:30:00.000 -0400,Alan,492.6,109.1,0.3,14.9,54.72,7.61
2022-10-17 14:45:00.000 -0400,Alan,491.6,110.0,0.3,14.91,55.68,7.62
2022-10-17 15:00:00.000 -0400,Alan,489.9,107.1,0.3,14.86,55.86,7.62
2022-10-17 15:15:00.000 -0400,Alan,491.1,112.1,0.3,14.97,55.01,7.62
2022-10-17 15:30:00.000 -0400,Alan,490.4,114.2,0.3,14.95,54.59,7.63
2022-10-17 15:45:00.000 -0400,Alan,492.9,114.3,0.3,14.94,54.17,7.63
2022-10-17 16:00:00.000 -0400,Alan,492.7,118.6,0.3,15.01,54.27,7.65
2022-10-17 16:15:00.000 -0400,Alan,489.1,120.8,0.29,15.09,54.03,7.66
2022-10-17 16:30:00.000 -0400,Alan,494.0,112.3,0.3,15.07,54.49,7.66
2022-10-17 16:45:00.000 -0400,Alan,493.6,117.3,0.3,14.99,52.27,7.66
2022-10-17 17:00:00.000 -0400,Alan,493.2,115.2,0.3,14.98,51.8,7.66
2022-10-17 17:15:00.000 -0400,Alan,495.1,114.2,0.3,15.0,52.3,7.67
2022-10-17 17:30:00.000 -0400,Alan,488.9,114.4,0.3,14.98,53.05,7.67
2022-10-17 17:45:00.000 -0400,Alan,492.4,115.5,0.3,15.07,52.92,7.66
2022-10-17 18:00:00.000 -0400,Alan,491.6,111.2,0.3,14.99,53.33,7.66
2022-10-17 18:15:00.000 -0400,Alan,493.6,108.4,0.3,15.03,53.76,7.65
2022-10-17 18:30:00.000 -0400,Alan,494.5,110.6,0.3,15.05,53.22,7.65
2022-10-17 18:45:00.000 -0400,Alan,501.0,102.4,0.3,15.09,53.33,7.63
2022-10-17 19:00:00.000 -0400,Alan,504.6,97.6,0.3,15.16,53.45,7.55
2022-10-17 19:15:00.000 -0400,Alan,517.8,87.5,0.31,15.37,54.5,7.45
2022-10-17 19:30:00.000 -0400,Alan,502.5,91.3,0.3,15.27,54.48,7.41
2022-10-17 19:45:00.000 -0400,Alan,499.5,94.3,0.3,15.13,54.65,7.42
2022-10-17 20:00:00.000 -0400,Alan,513.0,95.9,0.31,15.15,55.13,7.4
2022-10-17 20:15:00.000 -0400,Alan,517.7,93.0,0.31,15.16,55.12,7.39
2022-10-17 20:30:00.000 -0400,Alan,515.9,97.1,0.31,15.1,55.17,7.39
2022-10-17 20:45:00.000 -0400,Alan,517.0,97.5,0.31,15.12,56.03,7.38
2022-10-17 21:00:00.000 -0400,Alan,513.0,91.2,0.31,15.11,55.73,7.38
2022-10-17 21:15:00.000 -0400,Alan,513.5,94.8,0.31,15.08,56.08,7.38
2022-10-17 21:30:00.000 -0400,Alan,513.5,86.7,0.31,15.05,55.18,7.37
2022-10-17 21:45:00.000 -0400,Alan,509.5,89.3,0.31,15.04,56.64,7.37
2022-10-17 22:00:00.000 -0400,Alan,507.2,87.0,0.31,15.05,56.04,7.36
2022-10-17 22:15:00.000 -0400,Alan,508.2,91.7,0.31,15.06,56.02,7.37
2022-10-17 22:30:00.000 -0400,Alan,500.2,86.1,0.3,15.03,55.85,7.36
2022-10-17 22:45:00.000 -0400,Alan,504.0,82.6,0.3,15.05,56.03,7.35
2022-10-17 23:00:00.000 -0400,Alan,505.5,85.0,0.3,15.07,57.0,7.36
2022-10-17 23:15:00.000 -0400,Alan,504.7,79.41,0.3,15.08,55.47,7.36
2022-10-17 23:30:00.000 -0400,Alan,506.9,92.3,0.31,15.07,55.29,7.38
2022-10-17 23:45:00.000 -0400,Alan,502.5,89.9,0.3,15.09,56.02,7.38
2022-10-18 00:00:00.000 -0400,Alan,502.1,87.6,0.3,15.08,56.03,7.38
2022-10-18 00:15:00.000 -0400,Alan,503.0,90.9,0.3,15.09,56.19,7.38
2022-10-18 00:30:00.000 -0400,Alan,492.5,92.1,0.3,15.06,55.6,7.38
2022-10-18 00:45:00.000 -0400,Alan,500.0,87.6,0.3,15.06,56.57,7.33
2022-10-18 01:00:00.000 -0400,Alan,477.7,88.6,0.29,15.01,56.03,7.33
2022-10-18 01:15:00.000 -0400,Alan,406.1,74.42,0.25,14.7,56.83,7.33
2022-10-18 01:30:00.000 -0400,Alan,416.9,72.46,0.25,14.73,56.19,7.28
2022-10-18 01:45:00.000 -0400,Alan,429.3,61.05,0.26,14.77,55.88,7.23
2022-10-18 02:00:00.000 -0400,Alan,431.0,65.05,0.26,14.77,56.37,7.19
2022-10-18 02:15:00.000 -0400,Alan,467.4,64.92,0.28,14.89,56.04,7.18
2022-10-18 02:30:00.000 -0400,Alan,470.1,74.59,0.28,14.88,55.73,7.19
2022-10-18 02:45:00.000 -0400,Alan,473.3,72.28,0.29,14.88,55.3,7.2
2022-10-18 03:00:00.000 -0400,Alan,475.8,72.52,0.29,14.86,55.77,7.2
2022-10-18 03:15:00.000 -0400,Alan,481.5,68.25,0.29,14.85,55.75,7.21
2022-10-18 03:30:00.000 -0400,Alan,483.3,72.3,0.29,14.86,55.89,7.21
2022-10-18 03:45:00.000 -0400,Alan,484.5,70.53,0.29,14.85,55.78,7.21
2022-10-18 04:00:00.000 -0400,Alan,488.3,66.5,0.3,14.85,56.13,7.22
2022-10-18 04:15:00.000 -0400,Alan,486.6,64.68,0.29,14.83,55.38,7.21
2022-10-18 04:30:00.000 -0400,Alan,483.5,66.61,0.29,14.81,55.8,7.22
2022-10-18 04:45:00.000 -0400,Alan,475.6,65.37,0.29,14.77,55.84,7.21
2022-10-18 05:00:00.000 -0400,Alan,475.2,71.04,0.29,14.75,55.71,7.21
2022-10-18 05:15:00.000 -0400,Alan,472.9,68.05,0.29,14.72,55.18,7.2
2022-10-18 05:30:00.000 -0400,Alan,452.3,61.77,0.27,14.63,55.32,7.21
2022-10-18 05:45:00.000 -0400,Alan,447.6,66.89,0.27,14.57,56.11,7.21
2022-10-18 06:00:00.000 -0400,Alan,434.5,67.51,0.26,14.47,54.92,7.22
2022-10-18 06:15:00.000 -0400,Alan,425.8,68.26,0.26,14.41,55.32,7.22
2022-10-18 06:30:00.000 -0400,Alan,426.9,70.76,0.26,14.38,55.16,7.22
2022-10-18 06:45:00.000 -0400,Alan,423.0,61.89,0.26,14.35,55.8,7.21
2022-10-18 07:00:00.000 -0400,Alan,419.0,60.44,0.26,14.29,55.96,7.21
2022-10-18 07:15:00.000 -0400,Alan,421.5,66.06,0.26,14.29,56.11,7.2
2022-10-18 07:30:00.000 -0400,Alan,421.2,63.79,0.26,14.25,55.72,7.2
2022-10-18 07:45:00.000 -0400,Alan,425.4,70.96,0.26,14.25,55.93,7.2
2022-10-18 08:00:00.000 -0400,Alan,421.6,70.99,0.26,14.24,56.55,7.21
2022-10-18 08:15:00.000 -0400,Alan,424.7,73.09,0.26,14.23,55.18,7.22
2022-10-18 08:30:00.000 -0400,Alan,432.8,75.83,0.27,14.27,55.48,7.22
2022-10-18 08:45:00.000 -0400,Alan,432.3,75.17,0.26,14.25,55.06,7.23
2022-10-18 09:00:00.000 -0400,Alan,432.5,77.6,0.27,14.25,55.68,7.23
2022-10-18 09:15:00.000 -0400,Alan,433.2,77.6,0.27,14.22,55.52,7.24
2022-10-18 09:30:00.000 -0400,Alan,434.3,77.22,0.27,14.23,55.17,7.24
2022-10-18 09:45:00.000 -0400,Alan,434.1,75.8,0.27,14.21,55.16,7.25
2022-10-18 10:00:00.000 -0400,Alan,430.9,76.22,0.26,14.21,54.57,7.26
2022-10-18 10:15:00.000 -0400,Alan,442.3,80.8,0.27,14.31,56.0,7.26
2022-10-18 10:30:00.000 -0400,Alan,430.7,79.01,0.26,14.25,55.12,7.27
2022-10-18 10:45:00.000 -0400,Alan,442.0,82.5,0.27,14.39,55.26,7.27
2022-10-18 11:00:00.000 -0400,Alan,468.1,86.3,0.29,14.53,55.36,7.3
2022-10-18 11:15:00.000 -0400,Alan,450.9,87.6,0.27,14.5,55.21,7.33
2022-10-18 11:30:00.000 -0400,Alan,477.1,88.2,0.29,14.76,54.72,7.35
2022-10-18 11:45:00.000 -0400,Alan,472.5,90.0,0.29,14.76,55.59,7.36
2022-10-18 12:00:00.000 -0400,Alan,489.3,88.5,0.3,14.94,54.53,7.37
2022-10-18 12:15:00.000 -0400,Alan,481.6,89.7,0.29,14.9,55.33,7.39
2022-10-18 12:30:00.000 -0400,Alan,476.7,90.9,0.29,14.89,54.6,7.39
2022-10-18 12:45:00.000 -0400,Alan,483.1,92.3,0.29,15.0,54.93,7.41
2022-10-18 13:00:00.000 -0400,Alan,476.9,92.7,0.29,14.98,55.07,7.42
2022-10-18 13:15:00.000 -0400,Alan,474.0,95.5,0.29,14.97,54.61,7.42
2022-10-18 13:30:00.000 -0400,Alan,478.8,95.3,0.29,14.98,55.57,7.43
2022-10-18 13:45:00.000 -0400,Alan,476.8,96.9,0.29,15.0,55.07,7.44
2022-10-18 14:00:00.000 -0400,Alan,475.9,98.2,0.29,15.02,54.51,7.44
2022-10-18 14:15:00.000 -0400,Alan,476.2,104.1,0.29,15.02,55.3,7.46
2022-10-18 14:30:00.000 -0400,Alan,467.6,104.6,0.28,14.95,54.79,7.49
2022-10-18 14:45:00.000 -0400,Alan,470.0,109.1,0.28,14.92,55.23,7.5
2022-10-18 15:00:00.000 -0400,Alan,474.7,112.6,0.29,14.94,55.16,7.51
2022-10-18 15:15:00.000 -0400,Alan,479.0,117.6,0.29,14.97,54.91,7.55
2022-10-18 15:30:00.000 -0400,Alan,482.2,111.2,0.29,15.13,53.83,7.56
2022-10-18 15:45:00.000 -0400,Alan,480.9,109.6,0.29,15.07,53.98,7.56
2022-10-18 16:00:00.000 -0400,Alan,477.9,110.1,0.29,15.06,54.35,7.55
2022-10-18 16:15:00.000 -0400,Alan,479.8,111.2,0.29,15.04,54.69,7.55
2022-10-18 16:30:00.000 -0400,Alan,477.5,110.0,0.29,15.03,54.82,7.55
2022-10-18 16:45:00.000 -0400,Alan,479.4,111.9,0.29,15.02,55.06,7.55
2022-10-18 17:00:00.000 -0400,Alan,477.0,111.9,0.29,14.97,53.91,7.56
2022-10-18 17:15:00.000 -0400,Alan,480.5,109.9,0.29,15.03,54.35,7.55
2022-10-18 17:30:00.000 -0400,Alan,482.2,112.5,0.29,15.1,54.75,7.56
2022-10-18 17:45:00.000 -0400,Alan,482.4,111.5,0.29,15.14,54.1,7.56
2022-10-18 18:00:00.000 -0400,Alan,484.1,113.4,0.29,15.19,54.63,7.56
2022-10-18 18:15:00.000 -0400,Alan,484.2,108.4,0.29,15.16,53.71,7.56
2022-10-18 18:30:00.000 -0400,Alan,482.6,110.5,0.29,15.14,54.37,7.56
2022-10-18 18:45:00.000 -0400,Alan,485.0,109.8,0.29,15.17,54.22,7.56
2022-10-18 19:00:00.000 -0400,Alan,484.0,107.4,0.29,15.14,54.5,7.56
2022-10-18 19:15:00.000 -0400,Alan,482.4,103.6,0.29,15.09,54.66,7.55
2022-10-18 19:30:00.000 -0400,Alan,481.7,105.2,0.29,15.06,54.42,7.54
2022-10-18 19:45:00.000 -0400,Alan,481.6,102.8,0.29,15.01,54.6,7.53
2022-10-18 20:00:00.000 -0400,Alan,479.6,100.1,0.29,14.96,54.95,7.51
2022-10-18 20:15:00.000 -0400,Alan,483.9,98.2,0.29,14.93,55.97,7.48
2022-10-18 20:30:00.000 -0400,Alan,482.4,94.8,0.29,14.9,55.82,7.46
2022-10-18 20:45:00.000 -0400,Alan,484.6,98.6,0.29,14.86,55.03,7.45
2022-10-18 21:00:00.000 -0400,Alan,494.7,91.5,0.3,14.87,55.29,7.42
2022-10-18 21:15:00.000 -0400,Alan,490.2,95.1,0.3,14.81,54.98,7.43
2022-10-18 21:30:00.000 -0400,Alan,493.6,91.4,0.3,14.77,55.52,7.41
2022-10-18 21:45:00.000 -0400,Alan,485.8,95.6,0.3,14.7,55.59,7.42
2022-10-18 22:00:00.000 -0400,Alan,483.8,92.3,0.29,14.67,55.13,7.43
2022-10-18 22:15:00.000 -0400,Alan,483.1,92.9,0.29,14.64,55.18,7.42
2022-10-18 22:30:00.000 -0400,Alan,486.1,91.1,0.3,14.59,56.07,7.42
2022-10-18 22:45:00.000 -0400,Alan,484.9,90.6,0.3,14.56,56.28,7.42
2022-10-18 23:00:00.000 -0400,Alan,484.3,90.5,0.3,14.5,56.11,7.41
2022-10-18 23:15:00.000 -0400,Alan,482.9,87.1,0.3,14.44,55.36,7.41
2022-10-18 23:30:00.000 -0400,Alan,481.9,88.8,0.3,14.4,55.46,7.41
2022-10-18 23:45:00.000 -0400,Alan,483.5,86.3,0.3,14.36,55.3,7.42
2022-10-19 00:00:00.000 -0400,Alan,479.1,90.5,0.29,14.32,55.42,7.42
2022-10-19 00:15:00.000 -0400,Alan,482.4,89.8,0.3,14.27,56.04,7.42
2022-10-19 00:30:00.000 -0400,Alan,480.7,86.3,0.3,14.22,55.67,7.41
2022-10-19 00:45:00.000 -0400,Alan,481.0,88.7,0.3,14.18,56.05,7.4
2022-10-19 01:00:00.000 -0400,Alan,479.4,85.1,0.3,14.14,56.47,7.39
2022-10-19 01:15:00.000 -0400,Alan,478.9,87.9,0.3,14.1,57.37,7.38
2022-10-19 01:30:00.000 -0400,Alan,479.0,81.6,0.3,14.06,56.75,7.37
2022-10-19 01:45:00.000 -0400,Alan,478.7,82.8,0.3,14.01,56.41,7.37
2022-10-19 02:00:00.000 -0400,Alan,477.5,82.6,0.3,13.96,56.24,7.36
2022-10-19 02:15:00.000 -0400,Alan,477.0,82.9,0.3,13.92,56.32,7.36
2022-10-19 02:30:00.000 -0400,Alan,478.6,82.1,0.3,13.89,56.62,7.36
2022-10-19 02:45:00.000 -0400,Alan,477.8,84.3,0.3,13.84,56.24,7.35
2022-10-19 03:00:00.000 -0400,Alan,477.5,81.5,0.3,13.82,57.25,7.34
2022-10-19 03:15:00.000 -0400,Alan,477.4,80.9,0.3,13.77,56.87,7.34
2022-10-19 03:30:00.000 -0400,Alan,475.4,80.6,0.3,13.75,56.58,7.34
2022-10-19 03:45:00.000 -0400,Alan,475.6,79.78,0.3,13.69,56.94,7.33
2022-10-19 04:00:00.000 -0400,Alan,475.1,78.66,0.3,13.66,57.15,7.33
2022-10-19 04:15:00.000 -0400,Alan,474.6,78.1,0.3,13.65,56.53,7.32
2022-10-19 04:30:00.000 -0400,Alan,474.0,76.98,0.3,13.61,56.65,7.31
2022-10-19 04:45:00.000 -0400,Alan,473.7,75.39,0.3,13.56,57.1,7.31
2022-10-19 05:00:00.000 -0400,Alan,472.9,73.15,0.3,13.54,57.0,7.31
2022-10-19 05:15:00.000 -0400,Alan,472.5,75.32,0.3,13.48,58.16,7.31
2022-10-19 05:30:00.000 -0400,Alan,472.1,72.47,0.3,13.46,56.52,7.31
2022-10-19 05:45:00.000 -0400,Alan,471.4,74.59,0.3,13.42,57.9,7.31
2022-10-19 06:00:00.000 -0400,Alan,471.4,72.32,0.3,13.39,57.38,7.31
2022-10-19 06:15:00.000 -0400,Alan,471.7,72.98,0.3,13.37,58.08,7.31
2022-10-19 06:30:00.000 -0400,Alan,470.8,71.46,0.3,13.34,57.94,7.31
2022-10-19 06:45:00.000 -0400,Alan,469.8,72.22,0.3,13.3,57.39,7.31
2022-10-19 07:00:00.000 -0400,Alan,470.1,69.77,0.3,13.25,57.26,7.31
2022-10-19 07:15:00.000 -0400,Alan,469.5,73.18,0.3,13.22,57.88,7.31
2022-10-19 07:30:00.000 -0400,Alan,468.3,76.63,0.3,13.17,57.29,7.31
2022-10-19 07:45:00.000 -0400,Alan,467.9,74.74,0.3,13.14,57.63,7.31
2022-10-19 08:00:00.000 -0400,Alan,468.5,76.02,0.3,13.15,58.71,7.31
2022-10-19 08:15:00.000 -0400,Alan,468.4,75.95,0.3,13.13,57.44,7.31
2022-10-19 08:30:00.000 -0400,Alan,468.3,75.55,0.3,13.12,58.32,7.32
2022-10-19 08:45:00.000 -0400,Alan,467.8,76.7,0.3,13.1,58.92,7.32
2022-10-19 09:00:00.000 -0400,Alan,467.7,80.5,0.3,13.12,58.82,7.33
2022-10-19 09:15:00.000 -0400,Alan,467.7,80.6,0.3,13.16,59.6,7.35
2022-10-19 09:30:00.000 -0400,Alan,468.2,79.06,0.3,13.17,58.42,7.35
2022-10-19 09:45:00.000 -0400,Alan,469.4,80.6,0.3,13.25,58.13,7.36
2022-10-19 10:00:00.000 -0400,Alan,473.3,80.2,0.3,13.5,58.52,7.36
2022-10-19 10:15:00.000 -0400,Alan,473.4,80.4,0.3,13.5,57.62,7.37
2022-10-19 10:30:00.000 -0400,Alan,476.2,82.9,0.3,13.73,59.32,7.38
2022-10-19 10:45:00.000 -0400,Alan,477.3,82.5,0.3,13.83,57.67,7.39
2022-10-19 11:00:00.000 -0400,Alan,478.6,82.8,0.3,13.81,58.31,7.39
2022-10-19 11:15:00.000 -0400,Alan,478.9,82.1,0.3,13.89,58.09,7.39
2022-10-19 11:30:00.000 -0400,Alan,480.8,82.4,0.3,13.95,57.85,7.39
2022-10-19 11:45:00.000 -0400,Alan,483.3,84.7,0.3,14.2,58.88,7.4
2022-10-19 12:00:00.000 -0400,Alan,483.8,86.1,0.3,14.26,57.58,7.41
2022-10-19 12:15:00.000 -0400,Alan,484.7,86.3,0.3,14.39,58.94,7.41
2022-10-19 12:30:00.000 -0400,Alan,485.5,87.8,0.3,14.43,58.18,7.41
2022-10-19 12:45:00.000 -0400,Alan,485.5,89.6,0.3,14.23,58.43,7.42
2022-10-19 13:00:00.000 -0400,Alan,484.9,88.8,0.3,14.2,58.65,7.42
2022-10-19 13:15:00.000 -0400,Alan,483.6,89.5,0.3,14.08,58.48,7.43
2022-10-19 13:30:00.000 -0400,Alan,489.0,92.5,0.3,14.53,57.8,7.43
2022-10-19 13:45:00.000 -0400,Alan,479.2,92.2,0.3,14.03,58.2,7.44
2022-10-19 14:00:00.000 -0400,Alan,482.8,93.3,0.3,14.07,57.63,7.45
2022-10-19 14:15:00.000 -0400,Alan,480.5,94.6,0.3,13.96,58.94,7.45
2022-10-19 14:30:00.000 -0400,Alan,479.1,95.8,0.3,13.88,59.1,7.46
2022-10-19 14:45:00.000 -0400,Alan,480.4,95.7,0.3,13.97,57.74,7.47
2022-10-19 15:00:00.000 -0400,Alan,480.6,95.9,0.3,14.09,58.49,7.47
2022-10-19 15:15:00.000 -0400,Alan,481.7,99.9,0.3,14.18,58.24,7.48
2022-10-19 15:30:00.000 -0400,Alan,480.8,98.8,0.3,14.12,58.38,7.49
2022-10-19 15:45:00.000 -0400,Alan,479.8,100.2,0.3,14.04,58.06,7.5
2022-10-19 16:00:00.000 -0400,Alan,482.3,100.5,0.3,14.14,58.63,7.5
2022-10-19 16:15:00.000 -0400,Alan,481.8,100.7,0.3,14.06,57.91,7.5
2022-10-19 16:30:00.000 -0400,Alan,482.2,100.0,0.3,14.21,57.79,7.51
2022-10-19 16:45:00.000 -0400,Alan,483.7,100.2,0.3,14.26,57.73,7.5
2022-10-19 17:00:00.000 -0400,Alan,483.1,100.0,0.3,14.21,58.16,7.49
2022-10-19 17:15:00.000 -0400,Alan,493.5,96.7,0.3,14.4,58.31,7.48
2022-10-19 17:30:00.000 -0400,Alan,491.1,94.7,0.3,14.4,57.95,7.46
2022-10-19 17:45:00.000 -0400,Alan,490.2,90.5,0.3,14.37,57.77,7.45
2022-10-19 18:00:00.000 -0400,Alan,495.4,86.7,0.3,14.25,57.72,7.43
2022-10-19 18:15:00.000 -0400,Alan,494.2,86.3,0.3,14.2,58.01,7.41
2022-10-19 18:30:00.000 -0400,Alan,496.8,85.8,0.31,14.16,58.33,7.39
2022-10-19 18:45:00.000 -0400,Alan,492.4,88.7,0.3,14.12,58.2,7.39
2022-10-19 19:00:00.000 -0400,Alan,491.6,86.1,0.3,14.09,57.71,7.39
2022-10-19 19:15:00.000 -0400,Alan,493.6,85.6,0.3,14.11,58.26,7.37
2022-10-19 19:30:00.000 -0400,Alan,490.6,86.7,0.3,14.1,58.16,7.37
2022-10-19 19:45:00.000 -0400,Alan,486.6,86.1,0.3,14.05,58.04,7.38
2022-10-19 20:00:00.000 -0400,Alan,483.6,83.1,0.3,14.01,58.22,7.37
2022-10-19 20:15:00.000 -0400,Alan,482.2,85.4,0.3,13.95,58.63,7.38
2022-10-19 20:30:00.000 -0400,Alan,483.1,82.5,0.3,13.93,59.11,7.38
2022-10-19 20:45:00.000 -0400,Alan,482.8,83.1,0.3,13.89,58.88,7.37
2022-10-19 21:00:00.000 -0400,Alan,481.8,84.2,0.3,13.84,58.87,7.38
2022-10-19 21:15:00.000 -0400,Alan,484.9,84.9,0.3,13.82,59.71,7.38
2022-10-19 21:30:00.000 -0400,Alan,482.8,84.6,0.3,13.79,59.85,7.37
2022-10-19 21:45:00.000 -0400,Alan,480.3,85.6,0.3,13.74,58.18,7.38
2022-10-19 22:00:00.000 -0400,Alan,481.3,80.2,0.3,13.69,59.69,7.38
2022-10-19 22:15:00.000 -0400,Alan,481.4,83.8,0.3,13.65,59.63,7.38
2022-10-19 22:30:00.000 -0400,Alan,480.0,85.1,0.3,13.61,59.08,7.38
2022-10-19 22:45:00.000 -0400,Alan,480.0,88.5,0.3,13.55,59.68,7.39
2022-10-19 23:00:00.000 -0400,Alan,477.2,87.3,0.3,13.51,60.28,7.4
2022-10-19 23:15:00.000 -0400,Alan,479.3,87.4,0.3,13.49,59.24,7.4
2022-10-19 23:30:00.000 -0400,Alan,478.1,87.1,0.3,13.46,59.98,7.4
2022-10-19 23:45:00.000 -0400,Alan,477.4,87.8,0.3,13.42,59.27,7.4
2022-10-20 00:00:00.000 -0400,Alan,478.2,86.5,0.3,13.36,59.02,7.4
2022-10-20 00:15:00.000 -0400,Alan,477.9,87.4,0.3,13.34,59.29,7.4
2022-10-20 00:30:00.000 -0400,Alan,476.4,85.4,0.3,13.29,59.0,7.4
2022-10-20 00:45:00.000 -0400,Alan,476.7,85.8,0.3,13.25,59.56,7.4
2022-10-20 01:00:00.000 -0400,Alan,477.1,84.6,0.3,13.21,59.12,7.4
2022-10-20 01:15:00.000 -0400,Alan,476.7,84.4,0.3,13.18,61.37,7.4
2022-10-20 01:30:00.000 -0400,Alan,475.6,83.7,0.3,13.13,60.34,7.39
2022-10-20 01:45:00.000 -0400,Alan,475.2,82.1,0.3,13.11,60.05,7.38
2022-10-20 02:00:00.000 -0400,Alan,474.4,81.3,0.3,13.07,58.97,7.38
2022-10-20 02:15:00.000 -0400,Alan,475.1,80.4,0.3,13.05,58.81,7.37
2022-10-20 02:30:00.000 -0400,Alan,473.9,80.6,0.3,13.01,59.48,7.36
2022-10-20 02:45:00.000 -0400,Alan,474.7,80.2,0.3,12.97,60.5,7.36
2022-10-20 03:00:00.000 -0400,Alan,473.9,79.78,0.3,12.92,60.09,7.36
2022-10-20 03:15:00.000 -0400,Alan,473.0,78.58,0.3,12.9,59.07,7.35
2022-10-20 03:30:00.000 -0400,Alan,472.6,80.0,0.3,12.86,59.64,7.36
2022-10-20 03:45:00.000 -0400,Alan,472.2,79.1,0.3,12.84,59.85,7.35
2022-10-20 04:00:00.000 -0400,Alan,472.0,78.95,0.3,12.78,61.28,7.35
2022-10-20 04:15:00.000 -0400,Alan,471.6,77.08,0.3,12.75,60.66,7.35
2022-10-20 04:30:00.000 -0400,Alan,470.3,78.84,0.3,12.71,60.51,7.35
2022-10-20 04:45:00.000 -0400,Alan,470.1,78.74,0.3,12.67,61.87,7.35
2022-10-20 05:00:00.000 -0400,Alan,469.6,76.13,0.3,12.63,61.08,7.34
2022-10-20 05:15:00.000 -0400,Alan,469.8,77.45,0.3,12.59,61.74,7.34
2022-10-20 05:30:00.000 -0400,Alan,469.3,75.43,0.3,12.58,60.92,7.34
2022-10-20 05:45:00.000 -0400,Alan,469.1,75.48,0.3,12.54,61.64,7.34
2022-10-20 06:00:00.000 -0400,Alan,468.9,75.45,0.3,12.52,61.6,7.33
2022-10-20 06:15:00.000 -0400,Alan,468.0,74.97,0.3,12.47,60.82,7.33
2022-10-20 06:30:00.000 -0400,Alan,468.3,75.63,0.3,12.47,61.69,7.33
2022-10-20 06:45:00.000 -0400,Alan,468.0,74.91,0.3,12.42,60.47,7.33
2022-10-20 07:00:00.000 -0400,Alan,467.0,73.57,0.3,12.42,60.48,7.32
2022-10-20 07:15:00.000 -0400,Alan,468.2,73.39,0.3,12.44,61.03,7.32
2022-10-20 07:30:00.000 -0400,Alan,466.7,74.09,0.3,12.35,61.76,7.33
2022-10-20 07:45:00.000 -0400,Alan,466.9,73.23,0.3,12.35,61.7,7.33
2022-10-20 08:00:00.000 -0400,Alan,466.8,72.82,0.3,12.38,62.63,7.33
2022-10-20 08:15:00.000 -0400,Alan,467.0,73.55,0.3,12.35,61.51,7.33
2022-10-20 08:30:00.000 -0400,Alan,466.7,73.74,0.3,12.32,62.08,7.33
2022-10-20 08:45:00.000 -0400,Alan,466.6,75.13,0.3,12.34,62.3,7.33
2022-10-20 09:00:00.000 -0400,Alan,467.9,74.55,0.3,12.36,62.18,7.34
2022-10-20 09:15:00.000 -0400,Alan,467.7,73.59,0.3,12.38,62.27,7.34
2022-10-20 09:30:00.000 -0400,Alan,468.4,76.86,0.3,12.37,62.76,7.34
2022-10-20 09:45:00.000 -0400,Alan,468.7,77.22,0.3,12.44,61.57,7.35
2022-10-20 10:00:00.000 -0400,Alan,469.8,77.53,0.3,12.55,60.81,7.36
2022-10-20 10:15:00.000 -0400,Alan,469.3,78.91,0.3,12.68,61.37,7.37
2022-10-20 10:30:00.000 -0400,Alan,470.6,79.35,0.3,12.79,61.69,7.38
2022-10-20 10:45:00.000 -0400,Alan,472.3,80.9,0.3,12.95,62.17,7.38
2022-10-20 11:00:00.000 -0400,Alan,472.4,81.3,0.3,13.07,61.64,7.39
2022-10-20 11:15:00.000 -0400,Alan,474.3,80.7,0.3,13.17,61.44,7.4
2022-10-20 11:30:00.000 -0400,Alan,475.3,82.1,0.3,13.25,61.44,7.41
2022-10-20 11:45:00.000 -0400,Alan,476.9,82.2,0.3,13.44,62.21,7.4
2022-10-20 12:00:00.000 -0400,Alan,477.3,83.1,0.3,13.47,62.44,7.41
2022-10-20 12:15:00.000 -0400,Alan,476.6,84.0,0.3,13.38,62.55,7.41
2022-10-20 12:30:00.000 -0400,Alan,474.4,85.6,0.3,13.19,62.1,7.42
2022-10-20 12:45:00.000 -0400,Alan,476.2,86.4,0.3,13.2,62.0,7.43
2022-10-20 13:00:00.000 -0400,Alan,477.9,87.7,0.3,13.24,62.22,7.44
2022-10-20 13:15:00.000 -0400,Alan,477.2,88.9,0.3,13.22,63.09,7.45
2022-10-20 13:30:00.000 -0400,Alan,475.1,90.7,0.3,13.23,62.54,7.45
2022-10-20 13:45:00.000 -0400,Alan,477.9,92.9,0.3,13.27,61.65,7.46
2022-10-20 14:00:00.000 -0400,Alan,474.5,96.1,0.3,13.09,61.83,7.47
2022-10-20 14:15:00.000 -0400,Alan,476.5,95.6,0.3,13.24,61.83,7.48
2022-10-20 14:30:00.000 -0400,Alan,476.2,93.1,0.3,13.11,62.93,7.48
2022-10-20 14:45:00.000 -0400,Alan,475.3,93.3,0.3,13.13,63.04,7.48
2022-10-20 15:00:00.000 -0400,Alan,473.4,96.4,0.3,13.04,62.12,7.5
2022-10-20 15:15:00.000 -0400,Alan,475.5,101.8,0.3,13.3,62.57,7.51
2022-10-20 15:30:00.000 -0400,Alan,474.9,100.9,0.3,13.26,62.6,7.51
2022-10-20 15:45:00.000 -0400,Alan,475.1,99.2,0.3,13.23,62.51,7.52
2022-10-20 16:00:00.000 -0400,Alan,475.0,99.0,0.3,13.22,62.36,7.53
2022-10-20 16:15:00.000 -0400,Alan,475.8,100.2,0.3,13.28,63.25,7.53
2022-10-20 16:30:00.000 -0400,Alan,475.8,103.3,0.3,13.28,62.78,7.54
2022-10-20 16:45:00.000 -0400,Alan,477.3,102.0,0.3,13.33,62.67,7.54
2022-10-20 17:00:00.000 -0400,Alan,477.2,104.7,0.3,13.39,62.27,7.54
2022-10-20 17:15:00.000 -0400,Alan,477.1,101.4,0.3,13.42,61.83,7.53
2022-10-20 17:30:00.000 -0400,Alan,477.4,100.3,0.3,13.33,61.77,7.52
2022-10-20 17:45:00.000 -0400,Alan,477.3,101.0,0.3,13.28,62.0,7.51
2022-10-20 18:00:00.000 -0400,Alan,477.6,94.6,0.3,13.25,61.76,7.5
2022-10-20 18:15:00.000 -0400,Alan,477.7,95.0,0.3,13.25,62.23,7.49
2022-10-20 18:30:00.000 -0400,Alan,476.8,96.4,0.3,13.28,61.93,7.49
2022-10-20 18:45:00.000 -0400,Alan,477.8,96.5,0.3,13.31,61.76,7.48
2022-10-20 19:00:00.000 -0400,Alan,477.0,98.9,0.3,13.32,61.87,7.47
2022-10-20 19:15:00.000 -0400,Alan,477.5,100.9,0.3,13.34,61.6,7.47
2022-10-20 19:30:00.000 -0400,Alan,478.3,100.0,0.3,13.35,62.12,7.48
2022-10-20 19:45:00.000 -0400,Alan,478.5,96.0,0.3,13.32,61.81,7.47
2022-10-20 20:00:00.000 -0400,Alan,478.4,93.8,0.3,13.34,61.72,7.46
2022-10-20 20:15:00.000 -0400,Alan,479.7,93.0,0.3,13.33,61.79,7.45
2022-10-20 20:30:00.000 -0400,Alan,486.4,92.4,0.31,13.33,62.77,7.45
2022-10-20 20:45:00.000 -0400,Alan,487.2,90.9,0.31,13.3,61.7,7.43
2022-10-20 21:00:00.000 -0400,Alan,488.0,89.3,0.31,13.31,61.93,7.42
2022-10-20 21:15:00.000 -0400,Alan,488.2,87.0,0.31,13.26,61.96,7.41
2022-10-20 21:30:00.000 -0400,Alan,493.7,82.9,0.31,13.26,61.66,7.39
2022-10-20 21:45:00.000 -0400,Alan,491.7,76.62,0.31,13.23,61.74,7.37
2022-10-20 22:00:00.000 -0400,Alan,488.2,80.3,0.31,13.2,62.03,7.36
2022-10-20 22:15:00.000 -0400,Alan,488.4,81.8,0.31,13.16,62.05,7.35
2022-10-20 22:30:00.000 -0400,Alan,487.2,78.39,0.31,13.13,62.46,7.34
2022-10-20 22:45:00.000 -0400,Alan,484.1,79.96,0.31,13.08,61.52,7.33
2022-10-20 23:00:00.000 -0400,Alan,485.9,75.81,0.31,13.06,62.06,7.32
2022-10-20 23:15:00.000 -0400,Alan,481.7,79.39,0.31,13.02,62.24,7.32
2022-10-20 23:30:00.000 -0400,Alan,483.9,82.5,0.31,12.98,62.43,7.33
2022-10-20 23:45:00.000 -0400,Alan,480.9,82.4,0.31,12.94,62.71,7.34
2022-10-21 00:00:00.000 -0400,Alan,479.0,82.5,0.3,12.88,62.53,7.34
2022-10-21 00:15:00.000 -0400,Alan,476.7,79.7,0.3,12.83,62.97,7.34
2022-10-21 00:30:00.000 -0400,Alan,477.0,80.3,0.3,12.81,62.11,7.36
2022-10-21 00:45:00.000 -0400,Alan,478.1,80.1,0.31,12.75,62.65,7.36
2022-10-21 01:00:00.000 -0400,Alan,476.4,79.17,0.3,12.7,62.73,7.36
2022-10-21 01:15:00.000 -0400,Alan,477.2,80.4,0.31,12.68,62.41,7.36
2022-10-21 01:30:00.000 -0400,Alan,475.5,80.2,0.3,12.64,62.41,7.36
2022-10-21 01:45:00.000 -0400,Alan,475.6,77.94,0.3,12.6,62.84,7.36
2022-10-21 02:00:00.000 -0400,Alan,474.1,79.03,0.3,12.55,63.2,7.35
2022-10-21 02:15:00.000 -0400,Alan,474.8,81.2,0.3,12.52,63.0,7.36
2022-10-21 02:30:00.000 -0400,Alan,473.8,80.7,0.3,12.48,63.29,7.35
2022-10-21 02:45:00.000 -0400,Alan,474.8,79.08,0.31,12.44,62.8,7.35
2022-10-21 03:00:00.000 -0400,Alan,474.4,75.05,0.31,12.41,63.23,7.35
2022-10-21 03:15:00.000 -0400,Alan,473.0,78.8,0.31,12.36,63.56,7.35
2022-10-21 03:30:00.000 -0400,Alan,472.1,77.38,0.3,12.32,63.33,7.35
2022-10-21 03:45:00.000 -0400,Alan,471.9,78.75,0.3,12.29,62.8,7.35
2022-10-21 04:00:00.000 -0400,Alan,471.3,78.89,0.3,12.24,63.94,7.35
2022-10-21 04:15:00.000 -0400,Alan,470.6,78.06,0.3,12.18,63.28,7.35
2022-10-21 04:30:00.000 -0400,Alan,471.1,77.28,0.31,12.15,63.69,7.34
2022-10-21 04:45:00.000 -0400,Alan,470.0,76.92,0.3,12.13,63.38,7.34
2022-10-21 05:00:00.000 -0400,Alan,470.1,76.8,0.31,12.1,63.17,7.34
2022-10-21 05:15:00.000 -0400,Alan,470.4,73.58,0.31,12.05,63.27,7.33
2022-10-21 05:30:00.000 -0400,Alan,468.4,73.48,0.3,12.01,64.03,7.33
2022-10-21 05:45:00.000 -0400,Alan,469.7,72.73,0.31,11.97,63.41,7.33
2022-10-21 06:00:00.000 -0400,Alan,467.5,74.57,0.3,11.94,63.56,7.32
2022-10-21 06:15:00.000 -0400,Alan,467.3,72.81,0.3,11.91,63.77,7.32
2022-10-21 06:30:00.000 -0400,Alan,467.9,72.21,0.31,11.88,64.53,7.32
2022-10-21 06:45:00.000 -0400,Alan,466.6,70.34,0.3,11.84,63.39,7.32
2022-10-21 07:00:00.000 -0400,Alan,466.4,71.87,0.3,11.85,63.99,7.32
2022-10-21 07:15:00.000 -0400,Alan,465.8,70.12,0.3,11.8,63.76,7.31
2022-10-21 07:30:00.000 -0400,Alan,464.9,70.59,0.3,11.77,64.75,7.31
2022-10-21 07:45:00.000 -0400,Alan,465.1,71.57,0.3,11.76,64.11,7.31
2022-10-21 08:00:00.000 -0400,Alan,465.1,72.52,0.31,11.69,64.59,7.31
2022-10-21 08:15:00.000 -0400,Alan,464.8,69.19,0.3,11.68,64.73,7.32
2022-10-21 08:30:00.000 -0400,Alan,464.2,72.89,0.3,11.67,63.93,7.32
2022-10-21 08:45:00.000 -0400,Alan,464.3,71.56,0.3,11.67,64.49,7.32
2022-10-21 09:00:00.000 -0400,Alan,464.4,74.52,0.3,11.68,65.21,7.33
2022-10-21 09:15:00.000 -0400,Alan,464.7,75.81,0.3,11.7,65.53,7.33
2022-10-21 09:30:00.000 -0400,Alan,464.8,75.92,0.3,11.74,65.2,7.33
2022-10-21 09:45:00.000 -0400,Alan,466.4,75.61,0.31,11.8,64.32,7.34
2022-10-21 10:00:00.000 -0400,Alan,466.6,75.53,0.31,11.82,63.93,7.34
2022-10-21 10:15:00.000 -0400,Alan,466.4,75.58,0.3,11.94,64.09,7.34
2022-10-21 10:30:00.000 -0400,Alan,467.8,77.03,0.3,12.06,64.36,7.34
2022-10-21 10:45:00.000 -0400,Alan,467.8,77.12,0.3,12.12,64.25,7.35
2022-10-21 11:00:00.000 -0400,Alan,467.8,78.55,0.3,12.18,64.63,7.36
2022-10-21 11:15:00.000 -0400,Alan,470.9,79.07,0.3,12.32,64.25,7.37
2022-10-21 11:30:00.000 -0400,Alan,470.2,80.2,0.3,12.34,64.82,7.37
2022-10-21 11:45:00.000 -0400,Alan,471.7,81.7,0.3,12.41,65.03,7.38
2022-10-21 12:00:00.000 -0400,Alan,469.7,83.8,0.3,12.47,64.5,7.39
2022-10-21 12:15:00.000 -0400,Alan,470.0,93.6,0.3,12.51,65.14,7.41
2022-10-21 12:30:00.000 -0400,Alan,469.0,88.1,0.3,12.39,65.08,7.43
2022-10-21 12:45:00.000 -0400,Alan,467.4,89.0,0.3,12.39,65.02,7.43
2022-10-21 13:00:00.000 -0400,Alan,467.3,89.1,0.3,12.3,66.15,7.45
2022-10-21 13:15:00.000 -0400,Alan,472.9,94.0,0.3,12.52,64.69,7.46
2022-10-21 13:30:00.000 -0400,Alan,467.7,92.5,0.3,12.43,65.91,7.47
2022-10-21 13:45:00.000 -0400,Alan,471.0,95.4,0.3,12.62,64.58,7.48
2022-10-21 14:00:00.000 -0400,Alan,469.2,92.1,0.3,12.41,64.38,7.5
2022-10-21 14:15:00.000 -0400,Alan,467.4,93.9,0.3,12.42,64.69,7.5
2022-10-21 14:30:00.000 -0400,Alan,467.6,92.9,0.3,12.42,64.57,7.5
2022-10-21 14:45:00.000 -0400,Alan,470.6,90.7,0.3,12.46,65.21,7.49
2022-10-21 15:00:00.000 -0400,Alan,470.2,87.5,0.3,12.5,65.17,7.47
2022-10-21 15:15:00.000 -0400,Alan,472.2,95.3,0.3,12.62,65.48,7.48
2022-10-21 15:30:00.000 -0400,Alan,470.8,92.0,0.3,12.64,65.36,7.49
2022-10-21 15:45:00.000 -0400,Alan,470.8,96.5,0.3,12.6,65.86,7.49
2022-10-21 16:00:00.000 -0400,Alan,469.0,98.4,0.3,12.52,65.5,7.5
2022-10-21 16:15:00.000 -0400,Alan,468.8,95.7,0.3,12.5,66.32,7.51
2022-10-21 16:30:00.000 -0400,Alan,469.5,91.8,0.3,12.48,65.64,7.5
2022-10-21 16:45:00.000 -0400,Alan,470.3,90.9,0.3,12.52,65.3,7.49
2022-10-21 17:00:00.000 -0400,Alan,470.6,93.6,0.3,12.58,65.28,7.49
2022-10-21 17:15:00.000 -0400,Alan,471.7,91.9,0.3,12.63,66.05,7.49
2022-10-21 17:30:00.000 -0400,Alan,473.3,84.8,0.3,12.63,65.31,7.48
2022-10-21 17:45:00.000 -0400,Alan,476.4,82.3,0.3,12.7,65.69,7.46
2022-10-21 18:00:00.000 -0400,Alan,475.0,78.07,0.3,12.67,65.77,7.45
2022-10-21 18:15:00.000 -0400,Alan,472.5,83.2,0.3,12.64,65.76,7.44
2022-10-21 18:30:00.000 -0400,Alan,470.5,92.3,0.3,12.56,66.12,7.45
2022-10-21 18:45:00.000 -0400,Alan,469.2,93.7,0.3,12.5,66.84,7.45
2022-10-21 19:00:00.000 -0400,Alan,468.3,94.1,0.3,12.49,65.98,7.46
2022-10-21 19:15:00.000 -0400,Alan,469.2,92.1,0.3,12.48,66.05,7.46
2022-10-21 19:30:00.000 -0400,Alan,469.6,90.1,0.3,12.49,66.43,7.46
2022-10-21 19:45:00.000 -0400,Alan,469.8,90.7,0.3,12.49,66.79,7.45
2022-10-21 20:00:00.000 -0400,Alan,469.9,88.1,0.3,12.51,66.88,7.45
2022-10-21 20:15:00.000 -0400,Alan,470.9,86.6,0.3,12.53,66.79,7.44
2022-10-21 20:30:00.000 -0400,Alan,471.5,86.8,0.3,12.54,66.88,7.44
2022-10-21 20:45:00.000 -0400,Alan,472.2,84.7,0.3,12.55,66.94,7.43
2022-10-21 21:00:00.000 -0400,Alan,472.3,84.1,0.3,12.56,67.11,7.42
2022-10-21 21:15:00.000 -0400,Alan,471.8,83.5,0.3,12.53,67.37,7.42
2022-10-21 21:30:00.000 -0400,Alan,472.0,84.1,0.3,12.58,67.24,7.41
2022-10-21 21:45:00.000 -0400,Alan,472.8,84.3,0.3,12.53,67.5,7.41
2022-10-21 22:00:00.000 -0400,Alan,472.9,86.7,0.3,12.58,67.04,7.41
2022-10-21 22:15:00.000 -0400,Alan,471.7,85.2,0.3,12.56,67.19,7.41
2022-10-21 22:30:00.000 -0400,Alan,472.4,84.1,0.3,12.58,67.27,7.41
2022-10-21 22:45:00.000 -0400,Alan,474.3,81.4,0.3,12.58,67.32,7.4
2022-10-21 23:00:00.000 -0400,Alan,478.0,77.0,0.31,12.61,67.69,7.4
2022-10-21 23:15:00.000 -0400,Alan,482.5,83.4,0.31,12.63,67.55,7.39
2022-10-21 23:30:00.000 -0400,Alan,484.6,80.3,0.31,12.63,67.33,7.38
2022-10-21 23:45:00.000 -0400,Alan,484.5,82.2,0.31,12.63,67.57,7.37
2022-10-22 00:00:00.000 -0400,Alan,484.1,77.46,0.31,12.61,67.63,7.37
2022-10-22 00:15:00.000 -0400,Alan,483.8,79.08,0.31,12.59,68.44,7.36
2022-10-22 00:30:00.000 -0400,Alan,487.0,79.46,0.31,12.6,67.71,7.35
2022-10-22 00:45:00.000 -0400,Alan,487.7,77.78,0.31,12.58,67.61,7.34
2022-10-22 01:00:00.000 -0400,Alan,489.0,79.16,0.31,12.57,67.57,7.33
2022-10-22 01:15:00.000 -0400,Alan,488.1,79.81,0.31,12.54,67.75,7.32
2022-10-22 01:30:00.000 -0400,Alan,486.1,76.87,0.31,12.5,67.59,7.32
2022-10-22 01:45:00.000 -0400,Alan,484.9,78.51,0.31,12.46,67.16,7.32
2022-10-22 02:00:00.000 -0400,Alan,483.3,79.31,0.31,12.42,67.46,7.32
2022-10-22 02:15:00.000 -0400,Alan,481.1,72.8,0.31,12.39,67.56,7.32
2022-10-22 02:30:00.000 -0400,Alan,479.3,79.48,0.31,12.35,67.74,7.33
2022-10-22 02:45:00.000 -0400,Alan,479.5,80.3,0.31,12.31,68.48,7.33
2022-10-22 03:00:00.000 -0400,Alan,479.7,79.39,0.31,12.28,68.02,7.34
2022-10-22 03:15:00.000 -0400,Alan,479.4,79.97,0.31,12.23,68.32,7.34
2022-10-22 03:30:00.000 -0400,Alan,478.0,79.43,0.31,12.2,68.19,7.33
2022-10-22 03:45:00.000 -0400,Alan,477.0,76.58,0.31,12.16,68.91,7.34
2022-10-22 04:00:00.000 -0400,Alan,476.3,73.76,0.31,12.11,68.72,7.34
2022-10-22 04:15:00.000 -0400,Alan,475.5,75.71,0.31,12.07,68.57,7.34
2022-10-22 04:30:00.000 -0400,Alan,475.7,76.98,0.31,12.04,68.74,7.34
2022-10-22 04:45:00.000 -0400,Alan,474.2,72.91,0.31,11.99,68.95,7.34
2022-10-22 05:00:00.000 -0400,Alan,473.5,75.11,0.31,11.96,69.25,7.35
2022-10-22 05:15:00.000 -0400,Alan,473.0,77.38,0.31,11.91,69.61,7.35
2022-10-22 05:30:00.000 -0400,Alan,472.4,74.55,0.31,11.88,69.59,7.35
2022-10-22 05:45:00.000 -0400,Alan,471.3,76.97,0.31,11.84,69.82,7.34
2022-10-22 06:00:00.000 -0400,Alan,470.3,75.99,0.31,11.8,70.15,7.34
2022-10-22 06:15:00.000 -0400,Alan,470.1,74.94,0.31,11.75,69.93,7.33
2022-10-22 06:30:00.000 -0400,Alan,469.8,74.47,0.31,11.72,70.17,7.34
2022-10-22 06:45:00.000 -0400,Alan,471.2,74.61,0.31,11.67,71.11,7.34
2022-10-22 07:00:00.000 -0400,Alan,470.1,69.68,0.31,11.64,70.49,7.33
2022-10-22 07:15:00.000 -0400,Alan,468.7,71.76,0.31,11.61,70.96,7.33
2022-10-22 07:30:00.000 -0400,Alan,469.3,73.61,0.31,11.58,70.69,7.33
2022-10-22 07:45:00.000 -0400,Alan,467.5,72.61,0.31,11.54,70.68,7.34
2022-10-22 08:00:00.000 -0400,Alan,468.0,73.48,0.31,11.53,70.49,7.34
2022-10-22 08:15:00.000 -0400,Alan,466.3,75.0,0.31,11.51,70.96,7.34
2022-10-22 08:30:00.000 -0400,Alan,466.7,74.02,0.31,11.47,71.31,7.34
2022-10-22 08:45:00.000 -0400,Alan,466.9,71.56,0.31,11.47,71.09,7.34
2022-10-22 09:00:00.000 -0400,Alan,467.1,66.99,0.31,11.5,71.29,7.35
2022-10-22 09:15:00.000 -0400,Alan,466.5,68.62,0.31,11.52,71.19,7.35
2022-10-22 09:30:00.000 -0400,Alan,466.1,74.52,0.31,11.49,70.67,7.36
2022-10-22 09:45:00.000 -0400,Alan,466.3,75.07,0.31,11.56,71.19,7.36
2022-10-22 10:00:00.000 -0400,Alan,467.0,75.03,0.31,11.59,71.61,7.36
2022-10-22 10:15:00.000 -0400,Alan,466.8,77.52,0.31,11.63,71.61,7.37
2022-10-22 10:30:00.000 -0400,Alan,467.3,79.28,0.31,11.73,71.71,7.38
2022-10-22 10:45:00.000 -0400,Alan,470.1,79.9,0.31,11.9,71.81,7.38
2022-10-22 11:00:00.000 -0400,Alan,468.4,76.34,0.31,11.93,71.89,7.39
2022-10-22 11:15:00.000 -0400,Alan,468.8,80.6,0.31,11.93,72.9,7.4
2022-10-22 11:30:00.000 -0400,Alan,471.4,82.2,0.31,12.05,72.55,7.41
2022-10-22 11:45:00.000 -0400,Alan,470.4,82.9,0.31,12.1,72.26,7.42
2022-10-22 12:00:00.000 -0400,Alan,471.6,84.2,0.31,12.19,72.42,7.42
2022-10-22 12:15:00.000 -0400,Alan,472.4,86.7,0.31,12.22,72.47,7.43
2022-10-22 12:30:00.000 -0400,Alan,471.2,84.7,0.31,12.11,72.8,7.44
2022-10-22 12:45:00.000 -0400,Alan,473.2,90.1,0.31,12.25,72.43,7.44
2022-10-22 13:00:00.000 -0400,Alan,474.2,95.8,0.31,12.31,72.41,7.47
2022-10-22 13:15:00.000 -0400,Alan,471.7,92.2,0.31,12.18,72.32,7.47
2022-10-22 13:30:00.000 -0400,Alan,473.3,93.9,0.31,12.2,72.08,7.48
2022-10-22 13:45:00.000 -0400,Alan,473.2,96.0,0.31,12.3,72.59,7.48
2022-10-22 14:00:00.000 -0400,Alan,474.7,98.2,0.31,12.31,72.03,7.5
2022-10-22 14:15:00.000 -0400,Alan,473.6,99.6,0.31,12.3,72.43,7.51
2022-10-22 14:30:00.000 -0400,Alan,472.2,99.8,0.31,12.26,71.68,7.51
2022-10-22 14:45:00.000 -0400,Alan,472.5,103.3,0.3,12.33,73.38,7.52
2022-10-22 15:00:00.000 -0400,Alan,478.6,104.4,0.31,12.36,73.03,7.53
2022-10-22 15:15:00.000 -0400,Alan,477.6,107.5,0.31,12.43,72.85,7.54
2022-10-22 15:30:00.000 -0400,Alan,476.4,106.3,0.31,12.39,73.08,7.55
2022-10-22 15:45:00.000 -0400,Alan,478.5,104.5,0.31,12.44,73.26,7.55
2022-10-22 16:00:00.000 -0400,Alan,477.8,100.9,0.31,12.41,73.2,7.55
2022-10-22 16:15:00.000 -0400,Alan,479.4,100.1,0.31,12.44,72.32,7.54
2022-10-22 16:30:00.000 -0400,Alan,480.8,99.1,0.31,12.43,73.02,7.53
2022-10-22 16:45:00.000 -0400,Alan,480.8,96.2,0.31,12.46,73.13,7.52
2022-10-22 17:00:00.000 -0400,Alan,481.7,91.1,0.31,12.47,74.09,7.5
2022-10-22 17:15:00.000 -0400,Alan,478.5,85.8,0.31,12.43,73.63,7.49
2022-10-22 17:30:00.000 -0400,Alan,477.0,76.41,0.31,12.46,74.16,7.47
2022-10-22 17:45:00.000 -0400,Alan,477.1,84.8,0.31,12.41,74.31,7.46
2022-10-22 18:00:00.000 -0400,Alan,476.5,87.0,0.31,12.42,73.85,7.45
2022-10-22 18:15:00.000 -0400,Alan,478.0,84.9,0.31,12.41,73.99,7.45
2022-10-22 18:30:00.000 -0400,Alan,482.1,92.8,0.31,12.43,75.01,7.44
2022-10-22 18:45:00.000 -0400,Alan,482.0,91.2,0.31,12.48,74.78,7.44
2022-10-22 19:00:00.000 -0400,Alan,480.7,86.2,0.31,12.45,74.67,7.43
2022-10-22 19:15:00.000 -0400,Alan,478.3,80.7,0.31,12.48,74.75,7.43
2022-10-22 19:30:00.000 -0400,Alan,478.9,84.1,0.31,12.44,75.1,7.42
2022-10-22 19:45:00.000 -0400,Alan,479.0,85.7,0.31,12.42,74.82,7.42
2022-10-22 20:00:00.000 -0400,Alan,478.9,84.6,0.31,12.41,74.88,7.41
2022-10-22 20:15:00.000 -0400,Alan,477.8,79.29,0.31,12.39,75.06,7.41
2022-10-22 20:30:00.000 -0400,Alan,476.7,82.6,0.31,12.38,74.78,7.4
2022-10-22 20:45:00.000 -0400,Alan,477.3,78.74,0.31,12.37,74.85,7.39
2022-10-22 21:00:00.000 -0400,Alan,478.0,80.5,0.31,12.37,74.69,7.4
2022-10-22 21:15:00.000 -0400,Alan,477.1,84.7,0.31,12.34,75.07,7.4
2022-10-22 21:30:00.000 -0400,Alan,476.1,85.9,0.31,12.33,75.04,7.4
2022-10-22 21:45:00.000 -0400,Alan,476.3,86.1,0.31,12.35,75.07,7.4
2022-10-22 22:00:00.000 -0400,Alan,477.4,83.7,0.31,12.38,75.1,7.4
2022-10-22 22:15:00.000 -0400,Alan,476.7,86.7,0.31,12.39,74.87,7.39
2022-10-22 22:30:00.000 -0400,Alan,478.3,87.9,0.31,12.47,75.32,7.39
2022-10-22 22:45:00.000 -0400,Alan,478.5,87.6,0.31,12.46,74.97,7.39
2022-10-22 23:00:00.000 -0400,Alan,480.2,88.4,0.31,12.48,74.98,7.39
2022-10-22 23:15:00.000 -0400,Alan,481.5,88.0,0.31,12.52,74.78,7.38
2022-10-22 23:30:00.000 -0400,Alan,483.9,85.6,0.31,12.51,75.12,7.38
2022-10-22 23:45:00.000 -0400,Alan,490.1,83.1,0.31,12.56,75.17,7.37
2022-10-23 00:00:00.000 -0400,Alan,497.1,81.2,0.32,12.59,75.31,7.35
2022-10-23 00:15:00.000 -0400,Alan,498.0,81.1,0.32,12.6,75.01,7.34
2022-10-23 00:30:00.000 -0400,Alan,499.5,79.91,0.32,12.59,75.62,7.33
2022-10-23 00:45:00.000 -0400,Alan,500.4,78.52,0.32,12.59,75.96,7.32
2022-10-23 01:00:00.000 -0400,Alan,500.4,81.8,0.32,12.58,75.51,7.32
2022-10-23 01:15:00.000 -0400,Alan,509.2,79.8,0.33,12.63,75.56,7.31
2022-10-23 01:30:00.000 -0400,Alan,515.0,78.37,0.33,12.66,75.87,7.29
2022-10-23 01:45:00.000 -0400,Alan,513.3,74.11,0.33,12.63,76.07,7.27
2022-10-23 02:00:00.000 -0400,Alan,505.4,80.6,0.32,12.56,76.45,7.27
2022-10-23 02:15:00.000 -0400,Alan,506.3,76.51,0.33,12.6,75.77,7.28
2022-10-23 02:30:00.000 -0400,Alan,508.6,74.78,0.33,12.62,76.16,7.27
2022-10-23 02:45:00.000 -0400,Alan,505.3,78.75,0.32,12.59,76.09,7.28
2022-10-23 03:00:00.000 -0400,Alan,512.0,76.29,0.33,12.64,76.6,7.27
2022-10-23 03:15:00.000 -0400,Alan,511.5,69.65,0.33,12.64,76.68,7.27
2022-10-23 03:30:00.000 -0400,Alan,506.7,73.95,0.33,12.62,76.63,7.27
2022-10-23 03:45:00.000 -0400,Alan,508.1,71.65,0.33,12.64,76.44,7.27
2022-10-23 04:00:00.000 -0400,Alan,506.5,77.23,0.33,12.62,76.75,7.28
2022-10-23 04:15:00.000 -0400,Alan,505.8,75.23,0.32,12.58,77.24,7.28
2022-10-23 04:30:00.000 -0400,Alan,505.4,73.03,0.32,12.6,76.46,7.27
2022-10-23 04:45:00.000 -0400,Alan,507.0,73.66,0.33,12.6,76.71,7.26
2022-10-23 05:00:00.000 -0400,Alan,504.8,73.72,0.32,12.57,76.87,7.26
2022-10-23 05:15:00.000 -0400,Alan,505.9,67.78,0.33,12.55,76.47,7.26
2022-10-23 05:30:00.000 -0400,Alan,504.2,64.59,0.32,12.57,76.63,7.26
2022-10-23 05:45:00.000 -0400,Alan,501.4,73.02,0.32,12.57,76.26,7.26
2022-10-23 06:00:00.000 -0400,Alan,503.7,68.53,0.32,12.55,76.31,7.25
2022-10-23 06:15:00.000 -0400,Alan,501.1,71.45,0.32,12.55,76.25,7.26
2022-10-23 06:30:00.000 -0400,Alan,501.5,74.58,0.32,12.56,76.84,7.26
2022-10-23 06:45:00.000 -0400,Alan,501.1,70.05,0.32,12.55,76.3,7.26
2022-10-23 07:00:00.000 -0400,Alan,501.7,71.79,0.32,12.55,76.6,7.26
2022-10-23 07:15:00.000 -0400,Alan,496.6,70.12,0.32,12.56,76.77,7.27
2022-10-23 07:30:00.000 -0400,Alan,495.1,73.36,0.32,12.55,76.03,7.27
2022-10-23 07:45:00.000 -0400,Alan,492.6,74.98,0.32,12.54,76.1,7.28
2022-10-23 08:00:00.000 -0400,Alan,491.6,78.27,0.32,12.53,75.71,7.28
2022-10-23 08:15:00.000 -0400,Alan,495.2,76.66,0.32,12.52,75.34,7.29
2022-10-23 08:30:00.000 -0400,Alan,489.7,80.2,0.31,12.53,75.33,7.3
2022-10-23 08:45:00.000 -0400,Alan,488.3,80.3,0.31,12.54,76.37,7.32
2022-10-23 09:00:00.000 -0400,Alan,486.3,80.1,0.31,12.56,75.44,7.32
2022-10-23 09:15:00.000 -0400,Alan,488.7,78.92,0.31,12.54,75.51,7.32
2022-10-23 09:30:00.000 -0400,Alan,489.1,80.5,0.31,12.56,75.41,7.31
2022-10-23 09:45:00.000 -0400,Alan,489.7,79.54,0.31,12.56,75.51,7.31
2022-10-23 10:00:00.000 -0400,Alan,489.4,80.3,0.31,12.56,76.12,7.31
2022-10-23 10:15:00.000 -0400,Alan,492.4,81.2,0.32,12.56,75.53,7.32
2022-10-23 10:30:00.000 -0400,Alan,492.8,80.5,0.32,12.55,75.25,7.32
2022-10-23 10:45:00.000 -0400,Alan,489.7,80.4,0.31,12.58,75.37,7.32
2022-10-23 11:00:00.000 -0400,Alan,491.2,79.76,0.32,12.58,75.14,7.32
2022-10-23 11:15:00.000 -0400,Alan,491.9,79.24,0.32,12.57,75.36,7.32
2022-10-23 11:30:00.000 -0400,Alan,491.9,83.1,0.32,12.61,75.07,7.32
2022-10-23 11:45:00.000 -0400,Alan,494.1,82.7,0.32,12.62,75.4,7.33
2022-10-23 12:00:00.000 -0400,Alan,493.0,81.4,0.32,12.6,75.46,7.33
2022-10-23 12:15:00.000 -0400,Alan,494.3,82.7,0.32,12.6,75.4,7.34
2022-10-23 12:30:00.000 -0400,Alan,496.1,84.5,0.32,12.6,75.71,7.34
2022-10-23 12:45:00.000 -0400,Alan,492.4,82.8,0.32,12.6,75.26,7.34
2022-10-23 13:00:00.000 -0400,Alan,492.8,81.4,0.32,12.61,74.83,7.34
2022-10-23 13:15:00.000 -0400,Alan,494.2,83.5,0.32,12.62,74.84,7.33
2022-10-23 13:30:00.000 -0400,Alan,494.6,84.1,0.32,12.65,74.59,7.33
2022-10-23 13:45:00.000 -0400,Alan,491.5,84.9,0.31,12.65,74.33,7.34
2022-10-23 14:00:00.000 -0400,Alan,493.8,85.5,0.32,12.67,74.7,7.35
2022-10-23 14:15:00.000 -0400,Alan,495.2,88.0,0.32,12.73,74.53,7.36
2022-10-23 14:30:00.000 -0400,Alan,491.5,88.7,0.31,12.74,74.1,7.37
2022-10-23 14:45:00.000 -0400,Alan,491.3,96.2,0.31,12.77,73.77,7.38
2022-10-23 15:00:00.000 -0400,Alan,492.9,97.4,0.32,12.74,74.24,7.4
2022-10-23 15:15:00.000 -0400,Alan,492.3,93.3,0.31,12.73,73.65,7.41
2022-10-23 15:30:00.000 -0400,Alan,497.4,87.6,0.32,12.68,73.41,7.39
2022-10-23 15:45:00.000 -0400,Alan,495.8,82.3,0.32,12.66,73.85,7.38
2022-10-23 16:00:00.000 -0400,Alan,497.9,86.9,0.32,12.66,75.45,7.37
2022-10-23 16:15:00.000 -0400,Alan,500.6,84.2,0.32,12.67,74.55,7.36
2022-10-23 16:30:00.000 -0400,Alan,501.3,81.4,0.32,12.7,74.4,7.34
2022-10-23 16:45:00.000 -0400,Alan,497.6,86.7,0.32,12.71,73.9,7.35
2022-10-23 17:00:00.000 -0400,Alan,497.9,87.3,0.32,12.74,73.97,7.35
2022-10-23 17:15:00.000 -0400,Alan,493.3,89.9,0.32,12.74,73.93,7.36
2022-10-23 17:30:00.000 -0400,Alan,491.3,91.0,0.31,12.74,73.37,7.37
2022-10-23 17:45:00.000 -0400,Alan,495.6,87.7,0.32,12.74,73.19,7.37
2022-10-23 18:00:00.000 -0400,Alan,495.7,90.5,0.32,12.74,73.08,7.38
2022-10-23 18:15:00.000 -0400,Alan,495.8,88.4,0.32,12.78,73.15,7.38
2022-10-23 18:30:00.000 -0400,Alan,508.2,88.2,0.32,12.8,73.03,7.37
2022-10-23 18:45:00.000 -0400,Alan,512.6,83.0,0.33,12.81,72.92,7.36
2022-10-23 19:00:00.000 -0400,Alan,513.6,86.4,0.33,12.79,73.32,7.36
2022-10-23 19:15:00.000 -0400,Alan,511.7,82.7,0.33,12.77,72.4,7.34
2022-10-23 19:30:00.000 -0400,Alan,503.5,83.1,0.32,12.73,72.32,7.33
2022-10-23 19:45:00.000 -0400,Alan,507.4,82.2,0.32,12.74,73.26,7.32
2022-10-23 20:00:00.000 -0400,Alan,508.6,80.7,0.33,12.72,72.76,7.31
2022-10-23 20:15:00.000 -0400,Alan,507.8,80.9,0.33,12.73,72.81,7.31
2022-10-23 20:30:00.000 -0400,Alan,512.1,79.17,0.33,12.75,72.51,7.3
2022-10-23 20:45:00.000 -0400,Alan,513.0,80.3,0.33,12.76,72.5,7.3
2022-10-23 21:00:00.000 -0400,Alan,508.0,80.2,0.33,12.76,73.47,7.29
2022-10-23 21:15:00.000 -0400,Alan,513.6,82.1,0.33,12.78,73.53,7.3
2022-10-23 21:30:00.000 -0400,Alan,514.6,79.63,0.33,12.8,73.2,7.29
2022-10-23 21:45:00.000 -0400,Alan,522.7,79.84,0.33,12.82,73.49,7.29
2022-10-23 22:00:00.000 -0400,Alan,517.7,78.15,0.33,12.82,73.19,7.27
2022-10-23 22:15:00.000 -0400,Alan,517.2,79.28,0.33,12.84,73.14,7.28
2022-10-23 22:30:00.000 -0400,Alan,512.7,84.9,0.33,12.82,73.24,7.28
2022-10-23 22:45:00.000 -0400,Alan,512.4,83.3,0.33,12.86,73.11,7.3
2022-10-23 23:00:00.000 -0400,Alan,498.3,83.3,0.32,12.82,73.58,7.31
2022-10-23 23:15:00.000 -0400,Alan,500.6,81.4,0.32,12.8,73.35,7.31
2022-10-23 23:30:00.000 -0400,Alan,511.2,79.68,0.33,12.84,73.34,7.31
2022-10-23 23:45:00.000 -0400,Alan,515.0,79.83,0.33,12.86,73.34,7.29
2022-10-24 00:00:00.000 -0400,Alan,529.4,78.78,0.34,12.89,73.28,7.3
2022-10-24 00:15:00.000 -0400,Alan,519.6,78.14,0.33,12.89,73.2,7.29
2022-10-24 00:30:00.000 -0400,Alan,523.2,78.17,0.33,12.89,73.68,7.28
2022-10-24 00:45:00.000 -0400,Alan,509.0,80.2,0.33,12.84,73.37,7.28
2022-10-24 01:00:00.000 -0400,Alan,520.1,78.6,0.33,12.86,73.4,7.28
2022-10-24 01:15:00.000 -0400,Alan,523.8,75.64,0.33,12.87,73.13,7.26
2022-10-24 01:30:00.000 -0400,Alan,524.3,75.03,0.33,12.86,73.77,7.25
2022-10-24 01:45:00.000 -0400,Alan,524.9,72.33,0.34,12.83,73.73,7.25
2022-10-24 02:00:00.000 -0400,Alan,521.5,73.4,0.33,12.8,73.6,7.24
2022-10-24 02:15:00.000 -0400,Alan,513.2,74.24,0.33,12.76,74.09,7.24
2022-10-24 02:30:00.000 -0400,Alan,522.1,73.87,0.33,12.79,73.63,7.25
2022-10-24 02:45:00.000 -0400,Alan,512.7,73.07,0.33,12.79,73.51,7.24
2022-10-24 03:00:00.000 -0400,Alan,520.6,74.62,0.33,12.84,74.33,7.24
2022-10-24 03:15:00.000 -0400,Alan,526.6,71.64,0.34,12.85,73.68,7.23
2022-10-24 03:30:00.000 -0400,Alan,524.4,73.77,0.34,12.85,73.89,7.23
2022-10-24 03:45:00.000 -0400,Alan,524.1,74.74,0.34,12.83,74.0,7.24
2022-10-24 04:00:00.000 -0400,Alan,519.9,70.57,0.33,12.83,73.89,7.24
2022-10-24 04:15:00.000 -0400,Alan,522.7,70.24,0.33,12.84,74.32,7.22
2022-10-24 04:30:00.000 -0400,Alan,506.6,76.1,0.32,12.81,74.18,7.25
2022-10-24 04:45:00.000 -0400,Alan,495.7,82.1,0.32,12.76,73.05,7.28
2022-10-24 05:00:00.000 -0400,Alan,504.0,80.8,0.32,12.77,73.17,7.29
2022-10-24 05:15:00.000 -0400,Alan,495.7,82.0,0.32,12.78,73.39,7.3
2022-10-24 05:30:00.000 -0400,Alan,488.1,82.7,0.31,12.78,73.08,7.32
2022-10-24 05:45:00.000 -0400,Alan,492.0,86.6,0.31,12.78,73.1,7.34
2022-10-24 06:00:00.000 -0400,Alan,492.2,85.5,0.31,12.8,73.72,7.34
2022-10-24 06:15:00.000 -0400,Alan,502.2,84.6,0.32,12.8,74.43,7.34
2022-10-24 06:30:00.000 -0400,Alan,508.6,77.26,0.32,12.82,73.64,7.33
2022-10-24 06:45:00.000 -0400,Alan,498.9,85.3,0.32,12.79,73.91,7.33
2022-10-24 07:00:00.000 -0400,Alan,493.1,82.8,0.31,12.78,73.79,7.33
2022-10-24 07:15:00.000 -0400,Alan,493.4,86.5,0.32,12.79,73.56,7.35
2022-10-24 07:30:00.000 -0400,Alan,499.6,81.6,0.32,12.79,73.55,7.34
2022-10-24 07:45:00.000 -0400,Alan,507.6,79.81,0.32,12.79,74.25,7.33
2022-10-24 08:00:00.000 -0400,Alan,510.6,74.04,0.33,12.78,74.16,7.31
2022-10-24 08:15:00.000 -0400,Alan,504.3,71.43,0.32,12.75,74.08,7.3
2022-10-24 08:30:00.000 -0400,Alan,507.7,72.06,0.32,12.75,74.04,7.29
2022-10-24 08:45:00.000 -0400,Alan,510.4,70.98,0.33,12.78,74.12,7.28
2022-10-24 09:00:00.000 -0400,Alan,505.9,73.14,0.32,12.77,74.05,7.27
2022-10-24 09:15:00.000 -0400,Alan,490.6,73.03,0.31,12.73,74.3,7.27
2022-10-24 09:30:00.000 -0400,Alan,489.2,77.64,0.31,12.72,74.25,7.29
2022-10-24 09:45:00.000 -0400,Alan,490.3,77.61,0.31,12.75,75.02,7.3
2022-10-24 10:00:00.000 -0400,Alan,501.8,76.98,0.32,12.79,74.46,7.31
2022-10-24 10:15:00.000 -0400,Alan,496.5,86.8,0.32,12.77,74.63,7.33
2022-10-24 10:30:00.000 -0400,Alan,488.1,87.6,0.31,12.79,74.3,7.35
2022-10-24 10:45:00.000 -0400,Alan,481.9,91.9,0.31,12.79,74.59,7.38
2022-10-24 11:00:00.000 -0400,Alan,494.9,89.4,0.32,12.83,74.88,7.39
2022-10-24 11:15:00.000 -0400,Alan,493.2,87.7,0.31,12.86,74.66,7.39
2022-10-24 11:30:00.000 -0400,Alan,490.3,91.3,0.31,12.88,74.67,7.4
2022-10-24 11:45:00.000 -0400,Alan,490.9,90.2,0.31,12.9,74.71,7.4
2022-10-24 12:00:00.000 -0400,Alan,489.2,93.7,0.31,12.89,74.75,7.42
2022-10-24 12:15:00.000 -0400,Alan,487.3,93.9,0.31,12.92,75.08,7.42
2022-10-24 12:30:00.000 -0400,Alan,486.7,102.9,0.31,12.99,75.06,7.45
2022-10-24 12:45:00.000 -0400,Alan,487.5,100.5,0.31,12.97,74.68,7.47
2022-10-24 13:00:00.000 -0400,Alan,488.6,101.5,0.31,12.99,74.52,7.49
2022-10-24 13:15:00.000 -0400,Alan,486.4,100.8,0.31,12.98,74.81,7.5
2022-10-24 13:30:00.000 -0400,Alan,485.4,102.3,0.31,12.99,74.71,7.51
2022-10-24 13:45:00.000 -0400,Alan,487.0,101.6,0.31,12.97,74.83,7.52
2022-10-24 14:00:00.000 -0400,Alan,487.6,99.5,0.31,12.96,74.93,7.52
2022-10-24 14:15:00.000 -0400,Alan,487.4,100.6,0.31,12.97,74.92,7.52
2022-10-24 14:30:00.000 -0400,Alan,488.4,101.7,0.31,12.97,74.89,7.52
2022-10-24 14:45:00.000 -0400,Alan,488.3,99.6,0.31,12.96,74.54,7.52
2022-10-24 15:00:00.000 -0400,Alan,489.7,94.1,0.31,12.97,74.86,7.52
2022-10-24 15:15:00.000 -0400,Alan,499.4,88.5,0.32,12.95,74.52,7.49
2022-10-24 15:30:00.000 -0400,Alan,496.0,95.3,0.32,13.0,74.74,7.47
2022-10-24 15:45:00.000 -0400,Alan,499.5,95.6,0.32,13.01,74.57,7.48
2022-10-24 16:00:00.000 -0400,Alan,500.9,94.6,0.32,13.02,74.49,7.47
2022-10-24 16:15:00.000 -0400,Alan,504.1,87.9,0.32,13.03,74.9,7.44
2022-10-24 16:30:00.000 -0400,Alan,502.2,92.0,0.32,13.03,74.69,7.44
2022-10-24 16:45:00.000 -0400,Alan,497.7,95.6,0.32,13.04,74.88,7.43
2022-10-24 17:00:00.000 -0400,Alan,495.3,97.1,0.31,13.05,75.65,7.44
2022-10-24 17:15:00.000 -0400,Alan,491.6,96.6,0.31,13.05,74.81,7.45
2022-10-24 17:30:00.000 -0400,Alan,498.4,87.0,0.32,13.05,74.76,7.42
2022-10-24 17:45:00.000 -0400,Alan,497.1,95.9,0.32,13.08,75.3,7.44
2022-10-24 18:00:00.000 -0400,Alan,507.0,91.8,0.32,13.09,75.91,7.44
2022-10-24 18:15:00.000 -0400,Alan,494.6,106.6,0.31,13.12,75.19,7.46
2022-10-24 18:30:00.000 -0400,Alan,496.1,98.4,0.31,13.11,74.92,7.47
2022-10-24 18:45:00.000 -0400,Alan,514.5,88.7,0.33,13.07,75.34,7.45
2022-10-24 19:00:00.000 -0400,Alan,517.1,76.58,0.33,13.02,75.35,7.39
2022-10-24 19:15:00.000 -0400,Alan,514.4,79.02,0.33,13.01,75.63,7.36
2022-10-24 19:30:00.000 -0400,Alan,512.0,79.76,0.33,13.0,76.03,7.34
2022-10-24 19:45:00.000 -0400,Alan,514.7,79.93,0.33,13.0,75.89,7.34
2022-10-24 20:00:00.000 -0400,Alan,503.4,86.1,0.32,13.01,76.02,7.35
2022-10-24 20:15:00.000 -0400,Alan,498.4,88.0,0.32,13.0,76.08,7.36
2022-10-24 20:30:00.000 -0400,Alan,509.6,85.3,0.32,13.05,76.71,7.37
2022-10-24 20:45:00.000 -0400,Alan,498.3,92.5,0.32,13.05,75.75,7.37
2022-10-24 21:00:00.000 -0400,Alan,498.3,89.3,0.32,13.07,76.2,7.38
2022-10-24 21:15:00.000 -0400,Alan,494.4,95.3,0.31,13.06,76.38,7.39
2022-10-24 21:30:00.000 -0400,Alan,497.8,94.7,0.32,13.05,76.22,7.41
2022-10-24 21:45:00.000 -0400,Alan,507.2,85.0,0.32,13.04,75.65,7.39
2022-10-24 22:00:00.000 -0400,Alan,509.4,85.1,0.32,13.05,75.7,7.38
2022-10-24 22:15:00.000 -0400,Alan,497.4,90.7,0.32,13.04,75.73,7.38
2022-10-24 22:30:00.000 -0400,Alan,493.4,96.3,0.31,13.06,76.22,7.4
2022-10-24 22:45:00.000 -0400,Alan,493.3,99.7,0.31,13.06,76.26,7.42
2022-10-24 23:00:00.000 -0400,Alan,490.5,103.9,0.31,13.08,75.79,7.45
2022-10-24 23:15:00.000 -0400,Alan,491.0,90.8,0.31,13.08,75.9,7.45
2022-10-24 23:30:00.000 -0400,Alan,489.5,90.5,0.31,13.11,75.76,7.47
2022-10-24 23:45:00.000 -0400,Alan,493.1,90.9,0.31,13.11,76.8,7.49
2022-10-25 00:00:00.000 -0400,Alan,493.3,90.8,0.31,13.12,76.11,7.49
2022-10-25 00:15:00.000 -0400,Alan,494.3,91.6,0.31,13.16,75.77,7.51
2022-10-25 00:30:00.000 -0400,Alan,494.2,107.7,0.31,13.18,76.22,7.52
2022-10-25 00:45:00.000 -0400,Alan,495.5,104.5,0.31,13.18,75.82,7.53
2022-10-25 01:00:00.000 -0400,Alan,502.8,99.6,0.32,13.22,76.66,7.52
2022-10-25 01:15:00.000 -0400,Alan,530.8,85.4,0.34,13.3,76.35,7.46
2022-10-25 01:30:00.000 -0400,Alan,552.8,75.69,0.35,13.37,75.94,7.38
2022-10-25 01:45:00.000 -0400,Alan,550.7,66.41,0.35,13.31,75.91,7.29
2022-10-25 02:00:00.000 -0400,Alan,546.3,65.19,0.35,13.25,76.63,7.25
2022-10-25 02:15:00.000 -0400,Alan,544.4,67.79,0.34,13.27,76.35,7.22
2022-10-25 02:30:00.000 -0400,Alan,539.0,67.93,0.34,13.23,76.58,7.21
2022-10-25 02:45:00.000 -0400,Alan,538.9,66.61,0.34,13.23,76.47,7.2
2022-10-25 03:00:00.000 -0400,Alan,550.2,63.02,0.35,13.25,76.63,7.18
2022-10-25 03:15:00.000 -0400,Alan,547.2,62.32,0.35,13.24,76.73,7.17
2022-10-25 03:30:00.000 -0400,Alan,549.9,64.89,0.35,13.25,77.07,7.16
2022-10-25 03:45:00.000 -0400,Alan,521.2,73.14,0.33,13.18,76.71,7.18
2022-10-25 04:00:00.000 -0400,Alan,522.7,80.4,0.33,13.21,76.78,7.23
2022-10-25 04:15:00.000 -0400,Alan,524.1,79.65,0.33,13.18,76.82,7.24
2022-10-25 04:30:00.000 -0400,Alan,508.0,81.1,0.32,13.11,76.63,7.27
2022-10-25 04:45:00.000 -0400,Alan,503.1,82.8,0.32,13.1,76.7,7.28
2022-10-25 05:00:00.000 -0400,Alan,506.9,78.93,0.32,13.1,76.76,7.28
2022-10-25 05:15:00.000 -0400,Alan,506.4,81.1,0.32,13.1,76.37,7.28
2022-10-25 05:30:00.000 -0400,Alan,507.3,81.2,0.32,13.11,76.29,7.29
2022-10-25 05:45:00.000 -0400,Alan,500.7,88.5,0.32,13.12,76.19,7.31
2022-10-25 06:00:00.000 -0400,Alan,500.8,84.2,0.32,13.13,75.88,7.32
2022-10-25 06:15:00.000 -0400,Alan,502.4,88.6,0.32,13.15,76.01,7.33
2022-10-25 06:30:00.000 -0400,Alan,507.2,87.0,0.32,13.18,75.94,7.33
2022-10-25 06:45:00.000 -0400,Alan,511.4,80.4,0.32,13.18,75.7,7.33
2022-10-25 07:00:00.000 -0400,Alan,510.7,79.53,0.32,13.18,76.59,7.31
2022-10-25 07:15:00.000 -0400,Alan,519.5,77.53,0.33,13.19,76.14,7.29
2022-10-25 07:30:00.000 -0400,Alan,511.1,80.3,0.32,13.19,76.03,7.29
2022-10-25 07:45:00.000 -0400,Alan,519.8,78.86,0.33,13.21,77.97,7.28
2022-10-25 08:00:00.000 -0400,Alan,521.4,78.05,0.33,13.21,77.03,7.28
2022-10-25 08:15:00.000 -0400,Alan,515.6,79.22,0.33,13.21,76.96,7.28
2022-10-25 08:30:00.000 -0400,Alan,516.6,82.2,0.33,13.22,77.24,7.29
2022-10-25 08:45:00.000 -0400,Alan,521.7,83.1,0.33,13.24,77.22,7.3
2022-10-25 09:00:00.000 -0400,Alan,527.1,77.69,0.33,13.26,77.02,7.28
2022-10-25 09:15:00.000 -0400,Alan,530.4,74.65,0.34,13.28,77.02,7.27
2022-10-25 09:30:00.000 -0400,Alan,545.3,66.67,0.34,13.31,76.85,7.23
2022-10-25 09:45:00.000 -0400,Alan,532.4,71.76,0.34,13.3,77.68,7.22
2022-10-25 10:00:00.000 -0400,Alan,533.8,70.15,0.34,13.26,76.91,7.22
2022-10-25 10:15:00.000 -0400,Alan,516.4,76.81,0.33,13.2,76.51,7.24
2022-10-25 10:30:00.000 -0400,Alan,509.7,79.61,0.32,13.22,76.34,7.26
2022-10-25 10:45:00.000 -0400,Alan,518.0,76.81,0.33,13.24,76.47,7.27
2022-10-25 11:00:00.000 -0400,Alan,519.6,79.25,0.33,13.28,76.37,7.27
2022-10-25 11:15:00.000 -0400,Alan,526.4,78.77,0.33,13.31,76.01,7.27
2022-10-25 11:30:00.000 -0400,Alan,547.0,64.81,0.35,13.31,76.71,7.23
2022-10-25 11:45:00.000 -0400,Alan,537.3,63.94,0.34,13.32,76.57,7.2
2022-10-25 12:00:00.000 -0400,Alan,521.4,79.62,0.33,13.34,77.71,7.22
2022-10-25 12:15:00.000 -0400,Alan,517.1,86.5,0.33,13.41,77.63,7.26
2022-10-25 12:30:00.000 -0400,Alan,515.4,84.9,0.32,13.4,77.16,7.28
2022-10-25 12:45:00.000 -0400,Alan,521.3,84.2,0.33,13.4,76.97,7.28
2022-10-25 13:00:00.000 -0400,Alan,529.9,77.28,0.33,13.39,77.21,7.25
2022-10-25 13:15:00.000 -0400,Alan,530.9,84.8,0.33,13.43,77.63,7.26
2022-10-25 13:30:00.000 -0400,Alan,530.8,87.7,0.33,13.48,77.37,7.28
2022-10-25 13:45:00.000 -0400,Alan,542.8,86.0,0.34,13.46,77.85,7.27
2022-10-25 14:00:00.000 -0400,Alan,552.2,69.29,0.35,13.5,78.11,7.22
2022-10-25 14:15:00.000 -0400,Alan,539.9,64.08,0.34,13.42,78.4,7.19
2022-10-25 14:30:00.000 -0400,Alan,542.8,67.37,0.34,13.4,78.41,7.19
2022-10-25 14:45:00.000 -0400,Alan,544.0,72.64,0.34,13.51,78.48,7.2
2022-10-25 15:00:00.000 -0400,Alan,542.1,77.45,0.34,13.53,80.1,7.21
2022-10-25 15:15:00.000 -0400,Alan,537.3,73.51,0.34,13.48,80.2,7.2
2022-10-25 15:30:00.000 -0400,Alan,549.2,66.53,0.35,13.44,79.89,7.19
2022-10-25 15:45:00.000 -0400,Alan,540.3,72.79,0.34,13.49,77.58,7.19
2022-10-25 16:00:00.000 -0400,Alan,526.4,83.1,0.33,13.52,77.21,7.22
2022-10-25 16:15:00.000 -0400,Alan,537.8,76.9,0.34,13.55,77.18,7.22
2022-10-25 16:30:00.000 -0400,Alan,522.3,88.3,0.33,13.6,77.36,7.24
2022-10-25 16:45:00.000 -0400,Alan,544.2,79.08,0.34,13.6,77.19,7.24
2022-10-25 17:00:00.000 -0400,Alan,541.1,76.41,0.34,13.58,77.56,7.22
2022-10-25 17:15:00.000 -0400,Alan,543.9,77.75,0.34,13.62,77.69,7.21
2022-10-25 17:30:00.000 -0400,Alan,539.6,81.7,0.34,13.62,77.01,7.23
2022-10-25 17:45:00.000 -0400,Alan,547.6,83.1,0.34,13.62,77.44,7.22
2022-10-25 18:00:00.000 -0400,Alan,554.7,70.13,0.35,13.56,77.1,7.21
2022-10-25 18:15:00.000 -0400,Alan,551.3,69.8,0.35,13.54,77.61,7.19
2022-10-25 18:30:00.000 -0400,Alan,549.3,68.77,0.35,13.53,77.64,7.18
2022-10-25 18:45:00.000 -0400,Alan,549.4,70.36,0.35,13.54,77.69,7.17
2022-10-25 19:00:00.000 -0400,Alan,545.7,71.89,0.34,13.57,77.72,7.17
2022-10-25 19:15:00.000 -0400,Alan,538.0,80.9,0.34,13.61,77.98,7.19
2022-10-25 19:30:00.000 -0400,Alan,535.3,79.92,0.34,13.6,77.62,7.19
2022-10-25 19:45:00.000 -0400,Alan,543.9,74.14,0.34,13.6,77.66,7.2
2022-10-25 20:00:00.000 -0400,Alan,547.4,70.38,0.34,13.58,77.51,7.18
2022-10-25 20:15:00.000 -0400,Alan,540.1,73.16,0.34,13.62,77.53,7.18
2022-10-25 20:30:00.000 -0400,Alan,539.3,78.29,0.34,13.63,77.51,7.19
2022-10-25 20:45:00.000 -0400,Alan,550.2,74.52,0.35,13.6,77.63,7.19
2022-10-25 21:00:00.000 -0400,Alan,544.0,73.06,0.34,13.59,77.18,7.18
2022-10-25 21:15:00.000 -0400,Alan,554.8,70.62,0.35,13.57,77.13,7.18
2022-10-25 21:30:00.000 -0400,Alan,539.7,70.94,0.34,13.56,77.56,7.16
2022-10-25 21:45:00.000 -0400,Alan,538.1,65.93,0.34,13.57,77.45,7.18
2022-10-25 22:00:00.000 -0400,Alan,534.6,76.13,0.34,13.59,77.74,7.19
2022-10-25 22:15:00.000 -0400,Alan,532.2,79.51,0.33,13.6,77.6,7.19
2022-10-25 22:30:00.000 -0400,Alan,528.4,79.94,0.33,13.6,77.89,7.21
2022-10-25 22:45:00.000 -0400,Alan,533.6,75.84,0.33,13.56,77.07,7.21
2022-10-25 23:00:00.000 -0400,Alan,531.8,71.71,0.33,13.56,77.08,7.21
2022-10-25 23:15:00.000 -0400,Alan,532.2,74.75,0.33,13.56,76.92,7.2
2022-10-25 23:30:00.000 -0400,Alan,530.3,66.65,0.33,13.57,76.48,7.2
2022-10-25 23:45:00.000 -0400,Alan,528.2,66.01,0.33,13.58,77.07,7.19
2022-10-26 00:00:00.000 -0400,Alan,526.7,62.81,0.33,13.58,75.99,7.19
2022-10-26 00:15:00.000 -0400,Alan,528.6,60.36,0.33,13.57,76.07,7.18
2022-10-26 00:30:00.000 -0400,Alan,532.2,62.39,0.33,13.54,76.03,7.16
2022-10-26 00:45:00.000 -0400,Alan,524.8,74.11,0.33,13.55,75.77,7.17
2022-10-26 01:00:00.000 -0400,Alan,526.7,75.94,0.33,13.55,75.35,7.17
2022-10-26 01:15:00.000 -0400,Alan,532.0,69.64,0.33,13.55,75.07,7.17
2022-10-26 01:30:00.000 -0400,Alan,533.6,62.97,0.34,13.55,75.02,7.17
2022-10-26 01:45:00.000 -0400,Alan,536.5,58.21,0.34,13.56,75.14,7.16
2022-10-26 02:00:00.000 -0400,Alan,536.4,60.26,0.34,13.58,75.48,7.16
2022-10-26 02:15:00.000 -0400,Alan,537.7,59.24,0.34,13.63,74.26,7.15
2022-10-26 02:30:00.000 -0400,Alan,537.8,56.32,0.34,13.64,74.44,7.15
2022-10-26 02:45:00.000 -0400,Alan,536.9,70.25,0.34,13.64,74.47,7.15
2022-10-26 03:00:00.000 -0400,Alan,536.7,61.76,0.34,13.64,74.01,7.15
2022-10-26 03:15:00.000 -0400,Alan,536.6,55.62,0.34,13.62,73.91,7.14
2022-10-26 03:30:00.000 -0400,Alan,533.4,72.23,0.33,13.59,74.11,7.14
2022-10-26 03:45:00.000 -0400,Alan,531.7,74.72,0.33,13.62,74.84,7.15
2022-10-26 04:00:00.000 -0400,Alan,524.7,78.98,0.33,13.62,74.7,7.17
2022-10-26 04:15:00.000 -0400,Alan,524.6,80.1,0.33,13.61,74.56,7.19
2022-10-26 04:30:00.000 -0400,Alan,526.2,79.32,0.33,13.61,74.34,7.2
2022-10-26 04:45:00.000 -0400,Alan,527.2,74.73,0.33,13.6,74.22,7.2
2022-10-26 05:00:00.000 -0400,Alan,529.3,65.2,0.33,13.59,74.49,7.2
2022-10-26 05:15:00.000 -0400,Alan,530.0,60.06,0.33,13.6,73.96,7.19
2022-10-26 05:30:00.000 -0400,Alan,529.3,63.28,0.33,13.61,75.17,7.18
2022-10-26 05:45:00.000 -0400,Alan,544.9,56.43,0.34,13.66,73.94,7.16
2022-10-26 06:00:00.000 -0400,Alan,539.9,56.37,0.34,13.69,74.51,7.13
2022-10-26 06:15:00.000 -0400,Alan,539.6,54.2,0.34,13.69,74.08,7.14
2022-10-26 06:30:00.000 -0400,Alan,540.3,67.16,0.34,13.7,74.66,7.14
2022-10-26 06:45:00.000 -0400,Alan,543.6,58.31,0.34,13.69,74.12,7.13
2022-10-26 07:00:00.000 -0400,Alan,548.1,56.48,0.34,13.72,73.84,7.11
2022-10-26 07:15:00.000 -0400,Alan,546.9,57.0,0.34,13.72,73.62,7.1
2022-10-26 07:30:00.000 -0400,Alan,545.1,54.1,0.34,13.72,73.54,7.09
2022-10-26 07:45:00.000 -0400,Alan,546.4,54.91,0.34,13.71,73.71,7.08
2022-10-26 08:00:00.000 -0400,Alan,547.3,60.55,0.34,13.71,73.85,7.1
2022-10-26 08:15:00.000 -0400,Alan,543.3,62.2,0.34,13.74,73.76,7.1
2022-10-26 08:30:00.000 -0400,Alan,544.5,57.55,0.34,13.74,73.83,7.11
2022-10-26 08:45:00.000 -0400,Alan,548.9,59.66,0.34,13.68,73.78,7.11
2022-10-26 09:00:00.000 -0400,Alan,543.5,60.44,0.34,13.72,73.94,7.11
2022-10-26 09:15:00.000 -0400,Alan,544.0,65.4,0.34,13.75,73.87,7.12
2022-10-26 09:30:00.000 -0400,Alan,545.0,64.85,0.34,13.75,74.28,7.11
2022-10-26 09:45:00.000 -0400,Alan,545.9,58.68,0.34,13.74,74.0,7.11
2022-10-26 10:00:00.000 -0400,Alan,565.3,66.01,0.35,13.83,73.94,7.11
2022-10-26 10:15:00.000 -0400,Alan,565.2,61.36,0.35,13.86,73.43,7.1
2022-10-26 10:30:00.000 -0400,Alan,559.0,54.07,0.35,13.8,73.72,7.09
2022-10-26 10:45:00.000 -0400,Alan,553.5,56.84,0.35,13.82,73.64,7.09
2022-10-26 11:00:00.000 -0400,Alan,555.4,60.04,0.35,13.83,74.72,7.09
2022-10-26 11:15:00.000 -0400,Alan,561.8,63.02,0.35,13.91,73.75,7.09
2022-10-26 11:30:00.000 -0400,Alan,553.2,59.65,0.35,13.85,73.94,7.09
2022-10-26 11:45:00.000 -0400,Alan,560.4,57.91,0.35,13.92,74.04,7.08
2022-10-26 12:00:00.000 -0400,Alan,563.5,66.03,0.35,13.96,74.11,7.09
2022-10-26 12:15:00.000 -0400,Alan,566.4,57.95,0.35,14.01,74.2,7.07
2022-10-26 12:30:00.000 -0400,Alan,576.0,61.09,0.36,14.04,73.45,7.07
2022-10-26 12:45:00.000 -0400,Alan,583.4,53.63,0.36,14.02,73.73,7.06
2022-10-26 13:00:00.000 -0400,Alan,582.6,56.35,0.36,14.0,73.78,7.07
2022-10-26 13:15:00.000 -0400,Alan,588.9,49.57,0.37,14.02,73.1,7.05
2022-10-26 13:30:00.000 -0400,Alan,584.0,52.86,0.36,14.04,73.25,7.04
2022-10-26 13:45:00.000 -0400,Alan,563.0,57.08,0.35,14.01,73.35,7.06
2022-10-26 14:00:00.000 -0400,Alan,573.5,57.83,0.36,14.11,72.81,7.07
2022-10-26 14:15:00.000 -0400,Alan,564.3,57.13,0.35,14.08,72.86,7.07
2022-10-26 14:30:00.000 -0400,Alan,553.8,53.94,0.34,13.98,73.0,7.09
2022-10-26 14:45:00.000 -0400,Alan,559.5,56.98,0.35,14.02,72.94,7.09
2022-10-26 15:00:00.000 -0400,Alan,555.4,51.81,0.35,14.02,72.66,7.09
2022-10-26 15:15:00.000 -0400,Alan,557.4,53.98,0.35,14.06,72.21,7.09
2022-10-26 15:30:00.000 -0400,Alan,558.0,60.48,0.35,14.06,71.79,7.1
2022-10-26 15:45:00.000 -0400,Alan,551.6,63.6,0.34,14.09,71.61,7.11
2022-10-26 16:00:00.000 -0400,Alan,556.1,59.8,0.35,14.03,71.7,7.11
2022-10-26 16:15:00.000 -0400,Alan,555.3,52.28,0.34,14.03,71.37,7.09
2022-10-26 16:30:00.000 -0400,Alan,556.4,48.3,0.35,14.02,71.24,7.08
2022-10-26 16:45:00.000 -0400,Alan,551.7,58.96,0.34,14.11,71.09,7.07
2022-10-26 17:00:00.000 -0400,Alan,551.7,61.01,0.34,14.15,71.18,7.1
2022-10-26 17:15:00.000 -0400,Alan,555.5,61.01,0.34,14.12,71.45,7.1
2022-10-26 17:30:00.000 -0400,Alan,553.6,57.41,0.34,14.13,71.6,7.1
2022-10-26 17:45:00.000 -0400,Alan,561.4,45.53,0.35,14.06,71.7,7.07
2022-10-26 18:00:00.000 -0400,Alan,573.8,47.89,0.36,14.07,71.84,7.06
2022-10-26 18:15:00.000 -0400,Alan,558.3,55.32,0.35,14.19,71.98,7.06
2022-10-26 18:30:00.000 -0400,Alan,557.7,58.99,0.34,14.21,72.66,7.08
2022-10-26 18:45:00.000 -0400,Alan,555.4,63.86,0.34,14.29,71.62,7.09
2022-10-26 19:00:00.000 -0400,Alan,558.8,65.88,0.34,14.31,71.53,7.1
2022-10-26 19:15:00.000 -0400,Alan,569.3,55.37,0.35,14.21,71.44,7.09
2022-10-26 19:30:00.000 -0400,Alan,578.4,46.55,0.36,14.16,71.81,7.07
2022-10-26 19:45:00.000 -0400,Alan,566.0,52.02,0.35,14.19,71.94,7.06
2022-10-26 20:00:00.000 -0400,Alan,559.7,58.11,0.35,14.22,71.82,7.08
2022-10-26 20:15:00.000 -0400,Alan,562.9,54.72,0.35,14.14,71.79,7.09
2022-10-26 20:30:00.000 -0400,Alan,568.2,52.09,0.35,14.17,71.45,7.08
2022-10-26 20:45:00.000 -0400,Alan,561.6,54.13,0.35,14.22,72.57,7.08
2022-10-26 21:00:00.000 -0400,Alan,560.8,59.27,0.35,14.27,71.85,7.08
2022-10-26 21:15:00.000 -0400,Alan,553.2,69.06,0.34,14.35,71.69,7.1
2022-10-26 21:30:00.000 -0400,Alan,558.3,66.46,0.34,14.33,71.31,7.11
2022-10-26 21:45:00.000 -0400,Alan,559.5,64.75,0.35,14.25,71.43,7.1
2022-10-26 22:00:00.000 -0400,Alan,561.4,51.37,0.35,14.18,71.34,7.09
2022-10-26 22:15:00.000 -0400,Alan,564.8,45.4,0.35,14.13,71.26,7.06
2022-10-26 22:30:00.000 -0400,Alan,562.9,46.56,0.35,14.15,71.13,7.05
2022-10-26 22:45:00.000 -0400,Alan,561.4,49.01,0.35,14.17,71.41,7.05
2022-10-26 23:00:00.000 -0400,Alan,561.0,53.41,0.35,14.2,71.58,7.06
2022-10-26 23:15:00.000 -0400,Alan,559.4,54.82,0.35,14.25,71.44,7.06
2022-10-26 23:30:00.000 -0400,Alan,558.8,51.54,0.35,14.27,71.49,7.06
2022-10-26 23:45:00.000 -0400,Alan,559.0,49.25,0.35,14.29,71.46,7.06
2022-10-27 00:00:00.000 -0400,Alan,559.4,54.89,0.35,14.32,71.7,7.07
2022-10-27 00:15:00.000 -0400,Alan,560.9,57.09,0.35,14.33,71.65,7.07
2022-10-27 00:30:00.000 -0400,Alan,562.3,56.53,0.35,14.32,71.71,7.08
2022-10-27 00:45:00.000 -0400,Alan,563.7,55.91,0.35,14.3,71.85,7.07
2022-10-27 01:00:00.000 -0400,Alan,563.9,54.02,0.35,14.31,71.86,7.07
2022-10-27 01:15:00.000 -0400,Alan,566.4,51.68,0.35,14.31,71.94,7.06
2022-10-27 01:30:00.000 -0400,Alan,567.7,53.95,0.35,14.27,71.92,7.05
2022-10-27 01:45:00.000 -0400,Alan,568.0,50.27,0.35,14.26,71.87,7.05
2022-10-27 02:00:00.000 -0400,Alan,567.0,50.69,0.35,14.26,71.79,7.05
2022-10-27 02:15:00.000 -0400,Alan,566.2,48.42,0.35,14.27,72.93,7.05
2022-10-27 02:30:00.000 -0400,Alan,570.5,52.47,0.35,14.33,71.64,7.05
2022-10-27 02:45:00.000 -0400,Alan,571.1,52.28,0.35,14.31,71.84,7.05
2022-10-27 03:00:00.000 -0400,Alan,569.0,52.57,0.35,14.42,71.9,7.05
2022-10-27 03:15:00.000 -0400,Alan,566.8,56.64,0.35,14.43,71.54,7.05
2022-10-27 03:30:00.000 -0400,Alan,564.8,56.12,0.35,14.35,71.81,7.06
2022-10-27 03:45:00.000 -0400,Alan,569.1,51.54,0.35,14.36,71.46,7.06
2022-10-27 04:00:00.000 -0400,Alan,567.4,52.7,0.35,14.36,70.93,7.06
2022-10-27 04:15:00.000 -0400,Alan,567.6,47.44,0.35,14.31,71.47,7.06
2022-10-27 04:30:00.000 -0400,Alan,567.3,53.39,0.35,14.33,71.21,7.06
2022-10-27 04:45:00.000 -0400,Alan,570.6,54.18,0.35,14.39,70.93,7.06
2022-10-27 05:00:00.000 -0400,Alan,583.8,51.58,0.36,14.48,71.07,7.04
2022-10-27 05:15:00.000 -0400,Alan,596.1,47.17,0.37,14.53,71.1,7.03
2022-10-27 05:30:00.000 -0400,Alan,586.7,49.25,0.36,14.5,70.96,7.02
2022-10-27 05:45:00.000 -0400,Alan,588.4,51.48,0.36,14.58,70.87,7.03
2022-10-27 06:00:00.000 -0400,Alan,580.8,48.31,0.36,14.43,71.28,7.03
2022-10-27 06:15:00.000 -0400,Alan,580.1,47.54,0.36,14.37,71.63,7.04
2022-10-27 06:30:00.000 -0400,Alan,576.7,42.91,0.36,14.34,71.34,7.03
2022-10-27 06:45:00.000 -0400,Alan,579.6,42.86,0.36,14.42,71.82,7.03
2022-10-27 07:00:00.000 -0400,Alan,583.8,42.69,0.36,14.39,71.32,7.02
2022-10-27 07:15:00.000 -0400,Alan,588.4,42.54,0.36,14.61,71.88,7.01
2022-10-27 07:30:00.000 -0400,Alan,573.2,50.5,0.35,14.51,71.2,7.02
2022-10-27 07:45:00.000 -0400,Alan,565.3,48.31,0.35,14.4,71.28,7.04
2022-10-27 08:00:00.000 -0400,Alan,567.5,44.78,0.35,14.22,71.74,7.05
2022-10-27 08:15:00.000 -0400,Alan,561.1,42.1,0.35,14.18,71.6,7.06
2022-10-27 08:30:00.000 -0400,Alan,591.3,36.47,0.37,14.17,71.44,7.04
2022-10-27 08:45:00.000 -0400,Alan,590.7,32.89,0.37,14.22,71.81,7.02
2022-10-27 09:00:00.000 -0400,Alan,564.8,48.4,0.35,14.28,71.45,7.05
2022-10-27 09:15:00.000 -0400,Alan,554.1,51.73,0.34,14.46,71.36,7.07
2022-10-27 09:30:00.000 -0400,Alan,543.0,64.3,0.33,14.52,71.16,7.11
2022-10-27 09:45:00.000 -0400,Alan,543.3,63.39,0.33,14.56,70.83,7.12
2022-10-27 10:00:00.000 -0400,Alan,553.8,66.83,0.34,14.53,70.68,7.14
2022-10-27 10:15:00.000 -0400,Alan,533.2,68.34,0.33,14.57,70.62,7.15
2022-10-27 10:30:00.000 -0400,Alan,531.1,74.82,0.32,14.71,70.58,7.17
2022-10-27 10:45:00.000 -0400,Alan,536.9,79.21,0.33,14.67,70.4,7.2
2022-10-27 11:00:00.000 -0400,Alan,530.3,76.27,0.32,14.76,70.24,7.22
2022-10-27 11:15:00.000 -0400,Alan,541.8,69.93,0.33,14.67,71.02,7.21
2022-10-27 11:30:00.000 -0400,Alan,548.2,65.6,0.34,14.56,70.65,7.19
2022-10-27 11:45:00.000 -0400,Alan,543.5,66.83,0.33,14.71,69.63,7.17
2022-10-27 12:00:00.000 -0400,Alan,536.1,75.53,0.33,14.85,69.13,7.19
2022-10-27 12:15:00.000 -0400,Alan,535.7,77.82,0.33,14.85,69.06,7.2
2022-10-27 12:30:00.000 -0400,Alan,516.1,89.8,0.31,15.05,68.8,7.24
2022-10-27 12:45:00.000 -0400,Alan,525.3,85.4,0.32,15.07,68.39,7.26
2022-10-27 13:00:00.000 -0400,Alan,528.1,89.4,0.32,15.09,68.39,7.28
2022-10-27 13:15:00.000 -0400,Alan,522.0,94.0,0.31,15.16,67.67,7.31
2022-10-27 13:30:00.000 -0400,Alan,528.4,82.6,0.32,15.0,67.86,7.27
2022-10-27 13:45:00.000 -0400,Alan,523.2,92.1,0.31,15.22,67.77,7.29
2022-10-27 14:00:00.000 -0400,Alan,531.2,75.89,0.32,15.12,67.6,7.25
2022-10-27 14:15:00.000 -0400,Alan,529.6,90.4,0.32,15.17,68.71,7.28
2022-10-27 14:30:00.000 -0400,Alan,533.3,90.1,0.32,15.27,68.4,7.28
2022-10-27 14:45:00.000 -0400,Alan,535.2,89.4,0.32,15.14,68.03,7.29
2022-10-27 15:00:00.000 -0400,Alan,532.0,84.9,0.32,15.12,68.34,7.27
2022-10-27 15:15:00.000 -0400,Alan,526.8,82.6,0.32,15.24,68.01,7.27
2022-10-27 15:30:00.000 -0400,Alan,520.2,94.4,0.31,15.32,67.75,7.29
2022-10-27 15:45:00.000 -0400,Alan,526.1,93.7,0.32,15.19,68.0,7.32
2022-10-27 16:00:00.000 -0400,Alan,528.4,94.7,0.32,15.25,68.07,7.32
2022-10-27 16:15:00.000 -0400,Alan,529.0,90.0,0.32,15.32,67.99,7.31
2022-10-27 16:30:00.000 -0400,Alan,529.3,91.0,0.32,15.37,67.99,7.31
2022-10-27 16:45:00.000 -0400,Alan,522.0,94.7,0.31,15.44,67.76,7.31
2022-10-27 17:00:00.000 -0400,Alan,521.7,97.9,0.31,15.37,67.46,7.34
2022-10-27 17:15:00.000 -0400,Alan,528.3,94.4,0.32,15.27,67.54,7.35
2022-10-27 17:30:00.000 -0400,Alan,526.4,87.1,0.32,15.3,67.58,7.33
2022-10-27 17:45:00.000 -0400,Alan,521.1,91.2,0.31,15.38,67.87,7.32
2022-10-27 18:00:00.000 -0400,Alan,518.6,96.4,0.31,15.46,67.81,7.33
2022-10-27 18:15:00.000 -0400,Alan,537.1,87.3,0.32,15.56,67.53,7.31
2022-10-27 18:30:00.000 -0400,Alan,539.1,89.5,0.32,15.45,68.22,7.31
2022-10-27 18:45:00.000 -0400,Alan,527.0,88.2,0.32,15.38,67.77,7.31
2022-10-27 19:00:00.000 -0400,Alan,543.6,83.1,0.33,15.31,67.92,7.29
2022-10-27 19:15:00.000 -0400,Alan,541.2,82.4,0.33,15.31,68.37,7.27
2022-10-27 19:30:00.000 -0400,Alan,544.0,78.04,0.33,15.26,68.55,7.25
2022-10-27 19:45:00.000 -0400,Alan,545.1,78.58,0.33,15.24,68.27,7.23
2022-10-27 20:00:00.000 -0400,Alan,546.5,84.1,0.33,15.26,68.59,7.23
2022-10-27 20:15:00.000 -0400,Alan,560.0,78.4,0.34,15.39,68.25,7.22
2022-10-27 20:30:00.000 -0400,Alan,566.7,76.94,0.34,15.44,68.96,7.21
2022-10-27 20:45:00.000 -0400,Alan,552.4,79.78,0.33,15.31,69.13,7.21
2022-10-27 21:00:00.000 -0400,Alan,558.6,77.11,0.34,15.29,68.82,7.2
2022-10-27 21:15:00.000 -0400,Alan,541.1,81.6,0.33,15.23,69.25,7.22
2022-10-27 21:30:00.000 -0400,Alan,537.2,82.4,0.32,15.1,69.5,7.23
2022-10-27 21:45:00.000 -0400,Alan,524.8,85.2,0.32,15.05,68.79,7.25
2022-10-27 22:00:00.000 -0400,Alan,517.6,83.2,0.31,15.02,68.8,7.26
2022-10-27 22:15:00.000 -0400,Alan,521.7,80.9,0.32,14.98,68.94,7.27
2022-10-27 22:30:00.000 -0400,Alan,517.9,81.2,0.31,14.9,68.92,7.27
2022-10-27 22:45:00.000 -0400,Alan,516.4,80.7,0.31,14.89,68.83,7.28
2022-10-27 23:00:00.000 -0400,Alan,511.9,83.8,0.31,14.84,68.8,7.28
2022-10-27 23:15:00.000 -0400,Alan,518.3,77.41,0.31,14.8,68.85,7.27
2022-10-27 23:30:00.000 -0400,Alan,514.5,81.7,0.31,14.75,69.06,7.27
2022-10-27 23:45:00.000 -0400,Alan,510.3,84.0,0.31,14.72,69.62,7.27
2022-10-28 00:00:00.000 -0400,Alan,510.5,84.5,0.31,14.66,68.98,7.29
2022-10-28 00:15:00.000 -0400,Alan,517.0,80.8,0.32,14.62,69.13,7.27
2022-10-28 00:30:00.000 -0400,Alan,511.8,83.7,0.31,14.58,69.36,7.27
2022-10-28 00:45:00.000 -0400,Alan,508.6,83.1,0.31,14.54,68.91,7.28
2022-10-28 01:00:00.000 -0400,Alan,511.0,83.4,0.31,14.46,68.47,7.29
2022-10-28 01:15:00.000 -0400,Alan,509.3,83.7,0.31,14.42,68.33,7.28
2022-10-28 01:30:00.000 -0400,Alan,509.4,83.5,0.31,14.38,66.97,7.29
2022-10-28 01:45:00.000 -0400,Alan,507.2,81.8,0.31,14.31,67.35,7.29
2022-10-28 02:00:00.000 -0400,Alan,507.2,82.3,0.31,14.27,67.31,7.29
2022-10-28 02:15:00.000 -0400,Alan,507.6,81.8,0.31,14.22,68.94,7.29
2022-10-28 02:30:00.000 -0400,Alan,509.0,80.8,0.31,14.16,67.65,7.29
2022-10-28 02:45:00.000 -0400,Alan,509.1,79.22,0.31,14.09,66.56,7.29
2022-10-28 03:00:00.000 -0400,Alan,505.0,78.0,0.31,14.05,66.0,7.29
2022-10-28 03:15:00.000 -0400,Alan,507.5,76.97,0.31,14.03,66.25,7.28
2022-10-28 03:30:00.000 -0400,Alan,505.1,75.85,0.31,13.99,67.05,7.27
2022-10-28 03:45:00.000 -0400,Alan,505.7,74.34,0.31,13.97,67.65,7.26
2022-10-28 04:00:00.000 -0400,Alan,504.4,73.41,0.31,13.91,67.82,7.26
2022-10-28 04:15:00.000 -0400,Alan,504.3,74.22,0.31,13.88,67.11,7.25
2022-10-28 04:30:00.000 -0400,Alan,504.4,71.64,0.31,13.84,67.36,7.25
2022-10-28 04:45:00.000 -0400,Alan,505.2,70.96,0.31,13.82,67.58,7.24
2022-10-28 05:00:00.000 -0400,Alan,504.2,68.91,0.31,13.78,69.07,7.24
2022-10-28 05:15:00.000 -0400,Alan,503.5,71.24,0.31,13.73,68.09,7.24
2022-10-28 05:30:00.000 -0400,Alan,502.7,68.44,0.31,13.68,68.39,7.24
2022-10-28 05:45:00.000 -0400,Alan,500.7,70.07,0.31,13.65,68.59,7.24
2022-10-28 06:00:00.000 -0400,Alan,498.8,66.72,0.31,13.55,69.4,7.24
2022-10-28 06:15:00.000 -0400,Alan,498.8,66.87,0.31,13.52,68.26,7.23
2022-10-28 06:30:00.000 -0400,Alan,501.1,68.25,0.31,13.49,69.2,7.23
2022-10-28 06:45:00.000 -0400,Alan,500.7,67.89,0.31,13.46,68.88,7.23
2022-10-28 07:00:00.000 -0400,Alan,500.3,68.7,0.31,13.43,68.53,7.23
2022-10-28 07:15:00.000 -0400,Alan,500.5,67.71,0.31,13.4,68.7,7.22
2022-10-28 07:30:00.000 -0400,Alan,500.3,68.37,0.32,13.35,68.36,7.23
2022-10-28 07:45:00.000 -0400,Alan,499.9,69.17,0.32,13.31,68.72,7.23
2022-10-28 08:00:00.000 -0400,Alan,498.5,68.95,0.31,13.26,68.87,7.24
2022-10-28 08:15:00.000 -0400,Alan,497.3,67.49,0.31,13.23,69.3,7.24
2022-10-28 08:30:00.000 -0400,Alan,497.2,69.57,0.31,13.18,69.28,7.24
2022-10-28 08:45:00.000 -0400,Alan,499.5,66.68,0.32,13.19,69.24,7.24
2022-10-28 09:00:00.000 -0400,Alan,498.7,64.53,0.32,13.15,69.14,7.24
2022-10-28 09:15:00.000 -0400,Alan,500.4,64.82,0.32,13.16,68.96,7.24
2022-10-28 09:30:00.000 -0400,Alan,498.9,71.26,0.32,13.17,69.82,7.25
2022-10-28 09:45:00.000 -0400,Alan,498.1,70.44,0.32,13.18,69.35,7.26
2022-10-28 10:00:00.000 -0400,Alan,498.5,70.57,0.31,13.23,68.92,7.26
2022-10-28 10:15:00.000 -0400,Alan,497.0,69.87,0.31,13.23,69.29,7.26
2022-10-28 10:30:00.000 -0400,Alan,497.0,69.34,0.31,13.25,69.19,7.27
2022-10-28 10:45:00.000 -0400,Alan,497.6,65.23,0.31,13.4,69.43,7.27
2022-10-28 11:00:00.000 -0400,Alan,496.9,66.16,0.31,13.4,69.78,7.26
2022-10-28 11:15:00.000 -0400,Alan,498.8,66.24,0.31,13.45,68.9,7.26
2022-10-28 11:30:00.000 -0400,Alan,498.3,67.1,0.31,13.53,69.53,7.27
2022-10-28 11:45:00.000 -0400,Alan,498.6,69.16,0.31,13.57,69.17,7.27
2022-10-28 12:00:00.000 -0400,Alan,496.4,71.77,0.31,13.61,68.32,7.28
2022-10-28 12:15:00.000 -0400,Alan,499.4,71.79,0.31,13.62,67.55,7.28
2022-10-28 12:30:00.000 -0400,Alan,499.4,76.21,0.31,13.76,67.11,7.29
2022-10-28 12:45:00.000 -0400,Alan,500.0,79.76,0.31,13.79,66.93,7.3
2022-10-28 13:00:00.000 -0400,Alan,500.7,79.95,0.31,13.79,67.31,7.31
2022-10-28 13:15:00.000 -0400,Alan,497.4,80.1,0.31,13.81,67.45,7.32
2022-10-28 13:30:00.000 -0400,Alan,496.3,83.7,0.31,13.88,66.84,7.33
2022-10-28 13:45:00.000 -0400,Alan,496.0,87.4,0.31,13.88,66.88,7.35
2022-10-28 14:00:00.000 -0400,Alan,496.5,85.9,0.31,13.83,67.75,7.36
2022-10-28 14:15:00.000 -0400,Alan,495.0,81.6,0.31,13.77,67.04,7.35
2022-10-28 14:30:00.000 -0400,Alan,493.8,83.4,0.31,13.79,67.15,7.35
2022-10-28 14:45:00.000 -0400,Alan,499.4,86.2,0.31,13.84,67.11,7.36
2022-10-28 15:00:00.000 -0400,Alan,499.1,79.66,0.31,13.81,67.08,7.35
2022-10-28 15:15:00.000 -0400,Alan,498.2,83.8,0.31,13.92,67.08,7.35
2022-10-28 15:30:00.000 -0400,Alan,497.9,83.1,0.31,13.92,67.32,7.35
2022-10-28 15:45:00.000 -0400,Alan,496.5,83.8,0.31,13.92,66.88,7.35
2022-10-28 16:00:00.000 -0400,Alan,498.7,79.8,0.31,13.96,67.06,7.35
2022-10-28 16:15:00.000 -0400,Alan,499.4,79.88,0.31,14.0,67.42,7.34
2022-10-28 16:30:00.000 -0400,Alan,501.1,79.42,0.31,14.01,67.1,7.33
2022-10-28 16:45:00.000 -0400,Alan,500.4,77.94,0.31,13.9,66.93,7.34
2022-10-28 17:00:00.000 -0400,Alan,501.6,78.74,0.31,13.82,66.96,7.33
2022-10-28 17:15:00.000 -0400,Alan,502.4,75.28,0.31,13.83,67.46,7.33
2022-10-28 17:30:00.000 -0400,Alan,502.0,77.27,0.31,13.84,67.64,7.32
2022-10-28 17:45:00.000 -0400,Alan,503.3,76.8,0.31,13.85,67.4,7.31
2022-10-28 18:00:00.000 -0400,Alan,503.4,73.19,0.31,13.84,67.97,7.31
2022-10-28 18:15:00.000 -0400,Alan,502.0,76.42,0.31,13.84,68.67,7.3
2022-10-28 18:30:00.000 -0400,Alan,504.0,70.85,0.31,13.86,68.04,7.29
2022-10-28 18:45:00.000 -0400,Alan,504.9,72.08,0.31,13.87,68.79,7.28
2022-10-28 19:00:00.000 -0400,Alan,504.2,69.78,0.31,13.88,68.42,7.29
2022-10-28 19:15:00.000 -0400,Alan,505.6,76.48,0.31,13.88,68.38,7.28
2022-10-28 19:30:00.000 -0400,Alan,505.9,77.11,0.31,13.86,67.96,7.29
2022-10-28 19:45:00.000 -0400,Alan,506.1,79.31,0.31,13.84,67.87,7.3
2022-10-28 20:00:00.000 -0400,Alan,506.9,80.5,0.32,13.82,67.78,7.3
2022-10-28 20:15:00.000 -0400,Alan,505.0,81.4,0.31,13.78,67.99,7.31
2022-10-28 20:30:00.000 -0400,Alan,505.1,81.1,0.32,13.74,67.53,7.31
2022-10-28 20:45:00.000 -0400,Alan,505.2,81.0,0.32,13.71,67.57,7.31
2022-10-28 21:00:00.000 -0400,Alan,503.6,81.3,0.31,13.67,67.36,7.31
2022-10-28 21:15:00.000 -0400,Alan,503.2,79.17,0.31,13.64,67.28,7.3
2022-10-28 21:30:00.000 -0400,Alan,502.1,76.76,0.31,13.6,67.99,7.3
2022-10-28 21:45:00.000 -0400,Alan,503.6,77.99,0.32,13.56,67.79,7.3
2022-10-28 22:00:00.000 -0400,Alan,501.8,75.21,0.31,13.51,68.36,7.3
2022-10-28 22:15:00.000 -0400,Alan,503.3,76.33,0.32,13.48,67.84,7.3
2022-10-28 22:30:00.000 -0400,Alan,502.1,77.47,0.32,13.44,67.96,7.3
2022-10-28 22:45:00.000 -0400,Alan,502.5,78.24,0.32,13.41,68.09,7.3
2022-10-28 23:00:00.000 -0400,Alan,502.3,78.37,0.32,13.37,68.05,7.3
2022-10-28 23:15:00.000 -0400,Alan,502.7,77.18,0.32,13.34,68.19,7.3
2022-10-28 23:30:00.000 -0400,Alan,502.8,74.95,0.32,13.29,68.26,7.3
2022-10-28 23:45:00.000 -0400,Alan,501.4,78.19,0.32,13.25,68.21,7.3
2022-10-29 00:00:00.000 -0400,Alan,501.1,77.01,0.32,13.21,68.36,7.3
2022-10-29 00:15:00.000 -0400,Alan,502.0,77.02,0.32,13.17,67.94,7.29
2022-10-29 00:30:00.000 -0400,Alan,502.5,72.84,0.32,13.15,68.0,7.29
2022-10-29 00:45:00.000 -0400,Alan,500.2,72.23,0.32,13.08,68.12,7.29
2022-10-29 01:00:00.000 -0400,Alan,500.3,72.37,0.32,13.04,68.21,7.29
2022-10-29 01:15:00.000 -0400,Alan,499.4,74.74,0.32,12.99,68.25,7.29
2022-10-29 01:30:00.000 -0400,Alan,498.2,72.62,0.32,12.94,68.39,7.29
2022-10-29 01:45:00.000 -0400,Alan,497.9,71.35,0.32,12.91,68.3,7.28
2022-10-29 02:00:00.000 -0400,Alan,497.5,70.92,0.32,12.87,68.32,7.28
2022-10-29 02:15:00.000 -0400,Alan,496.8,68.97,0.32,12.82,68.28,7.28
2022-10-29 02:30:00.000 -0400,Alan,497.3,71.93,0.32,12.77,68.13,7.28
2022-10-29 02:45:00.000 -0400,Alan,496.2,66.16,0.32,12.73,68.62,7.28
2022-10-29 03:00:00.000 -0400,Alan,495.2,67.95,0.32,12.69,68.59,7.27
2022-10-29 03:15:00.000 -0400,Alan,495.0,67.77,0.32,12.64,68.4,7.27
2022-10-29 03:30:00.000 -0400,Alan,494.4,70.03,0.32,12.59,68.59,7.27
2022-10-29 03:45:00.000 -0400,Alan,494.5,68.9,0.32,12.56,68.5,7.26
2022-10-29 04:00:00.000 -0400,Alan,494.5,67.96,0.32,12.51,68.54,7.26
2022-10-29 04:15:00.000 -0400,Alan,493.2,69.55,0.32,12.48,68.72,7.26
2022-10-29 04:30:00.000 -0400,Alan,492.6,66.63,0.32,12.43,68.57,7.26
2022-10-29 04:45:00.000 -0400,Alan,492.0,66.57,0.32,12.39,68.72,7.26
2022-10-29 05:00:00.000 -0400,Alan,492.5,65.47,0.32,12.35,68.68,7.26
2022-10-29 05:15:00.000 -0400,Alan,490.4,66.18,0.32,12.3,68.67,7.26
2022-10-29 05:30:00.000 -0400,Alan,490.5,63.81,0.32,12.26,68.75,7.26
2022-10-29 05:45:00.000 -0400,Alan,490.4,60.15,0.32,12.23,68.69,7.26
2022-10-29 06:00:00.000 -0400,Alan,488.7,64.18,0.32,12.18,68.8,7.26
2022-10-29 06:15:00.000 -0400,Alan,487.9,60.14,0.32,12.17,68.82,7.26
2022-10-29 06:30:00.000 -0400,Alan,487.2,58.34,0.32,12.11,68.81,7.25
2022-10-29 06:45:00.000 -0400,Alan,487.4,57.8,0.32,12.09,68.84,7.25
2022-10-29 07:00:00.000 -0400,Alan,486.9,56.96,0.32,12.04,68.78,7.24
2022-10-29 07:15:00.000 -0400,Alan,485.0,55.43,0.32,12.03,68.96,7.24
2022-10-29 07:30:00.000 -0400,Alan,486.3,56.75,0.32,12.02,69.22,7.24
2022-10-29 07:45:00.000 -0400,Alan,484.8,57.45,0.32,11.97,69.36,7.23
2022-10-29 08:00:00.000 -0400,Alan,484.2,58.86,0.32,11.94,69.2,7.23
2022-10-29 08:15:00.000 -0400,Alan,485.3,57.0,0.32,11.95,69.22,7.23
2022-10-29 08:30:00.000 -0400,Alan,483.6,57.88,0.32,11.92,69.32,7.23
2022-10-29 08:45:00.000 -0400,Alan,483.9,61.45,0.32,11.89,69.3,7.23
2022-10-29 09:00:00.000 -0400,Alan,483.7,62.67,0.32,11.9,69.23,7.24
2022-10-29 09:15:00.000 -0400,Alan,483.5,65.35,0.32,11.91,69.34,7.24
2022-10-29 09:30:00.000 -0400,Alan,483.7,63.99,0.32,11.9,69.33,7.25
2022-10-29 09:45:00.000 -0400,Alan,485.5,63.2,0.32,12.03,69.75,7.26
2022-10-29 10:00:00.000 -0400,Alan,485.6,60.07,0.32,12.12,69.74,7.26
2022-10-29 10:15:00.000 -0400,Alan,485.5,63.33,0.32,12.14,69.11,7.26
2022-10-29 10:30:00.000 -0400,Alan,487.6,62.05,0.32,12.31,69.48,7.27
2022-10-29 10:45:00.000 -0400,Alan,487.5,59.52,0.31,12.46,69.26,7.27
2022-10-29 11:00:00.000 -0400,Alan,485.6,58.76,0.31,12.51,69.31,7.27
2022-10-29 11:15:00.000 -0400,Alan,488.0,60.43,0.31,12.58,69.1,7.28
2022-10-29 11:30:00.000 -0400,Alan,489.2,62.59,0.31,12.67,68.81,7.28
2022-10-29 11:45:00.000 -0400,Alan,488.8,62.68,0.31,12.72,68.91,7.28
2022-10-29 12:00:00.000 -0400,Alan,488.1,63.0,0.31,12.73,68.9,7.29
2022-10-29 12:15:00.000 -0400,Alan,487.8,64.43,0.31,12.65,69.19,7.29
2022-10-29 12:30:00.000 -0400,Alan,488.4,65.45,0.31,12.61,69.12,7.3
2022-10-29 12:45:00.000 -0400,Alan,487.5,64.99,0.31,12.61,68.85,7.3
2022-10-29 13:00:00.000 -0400,Alan,488.9,72.73,0.31,12.64,68.82,7.31
2022-10-29 13:15:00.000 -0400,Alan,488.1,69.85,0.31,12.67,68.88,7.32
2022-10-29 13:30:00.000 -0400,Alan,488.5,72.08,0.31,12.8,68.76,7.32
2022-10-29 13:45:00.000 -0400,Alan,488.9,67.22,0.31,12.86,68.88,7.32
2022-10-29 14:00:00.000 -0400,Alan,490.0,67.43,0.31,13.01,68.93,7.31
2022-10-29 14:15:00.000 -0400,Alan,490.6,69.47,0.31,12.99,68.61,7.31
2022-10-29 14:30:00.000 -0400,Alan,492.2,69.91,0.31,13.11,68.94,7.31
2022-10-29 14:45:00.000 -0400,Alan,491.8,67.58,0.31,13.18,68.83,7.31
2022-10-29 15:00:00.000 -0400,Alan,489.7,69.52,0.31,13.03,68.6,7.31
2022-10-29 15:15:00.000 -0400,Alan,489.9,71.88,0.31,12.8,68.63,7.32
2022-10-29 15:30:00.000 -0400,Alan,489.0,73.92,0.31,12.79,68.78,7.33
2022-10-29 15:45:00.000 -0400,Alan,490.2,70.68,0.31,12.82,68.89,7.32
2022-10-29 16:00:00.000 -0400,Alan,489.9,69.89,0.31,12.87,68.99,7.32
2022-10-29 16:15:00.000 -0400,Alan,489.8,69.15,0.31,12.85,69.29,7.31
2022-10-29 16:30:00.000 -0400,Alan,488.3,71.25,0.31,12.79,69.49,7.32
2022-10-29 16:45:00.000 -0400,Alan,490.0,70.56,0.31,12.83,69.17,7.31
2022-10-29 17:00:00.000 -0400,Alan,490.0,69.77,0.31,12.78,69.4,7.31
2022-10-29 17:15:00.000 -0400,Alan,489.9,69.32,0.31,12.77,69.23,7.3
2022-10-29 17:30:00.000 -0400,Alan,488.5,66.71,0.31,12.77,69.32,7.3
2022-10-29 17:45:00.000 -0400,Alan,490.8,66.87,0.31,12.81,69.33,7.3
2022-10-29 18:00:00.000 -0400,Alan,490.9,66.79,0.31,12.87,69.23,7.29
2022-10-29 18:15:00.000 -0400,Alan,489.8,64.91,0.31,12.91,69.24,7.28
2022-10-29 18:30:00.000 -0400,Alan,489.8,58.66,0.31,12.95,69.2,7.27
2022-10-29 18:45:00.000 -0400,Alan,490.8,59.54,0.31,12.97,69.34,7.26
2022-10-29 19:00:00.000 -0400,Alan,489.6,64.71,0.31,12.97,69.15,7.26
2022-10-29 19:15:00.000 -0400,Alan,489.9,64.75,0.31,12.96,69.07,7.26
2022-10-29 19:30:00.000 -0400,Alan,491.1,66.01,0.31,12.92,69.08,7.25
2022-10-29 19:45:00.000 -0400,Alan,491.2,64.11,0.31,12.92,69.05,7.25
2022-10-29 20:00:00.000 -0400,Alan,489.0,63.54,0.31,12.91,69.24,7.25
2022-10-29 20:15:00.000 -0400,Alan,489.7,61.61,0.31,12.9,69.38,7.25
2022-10-29 20:30:00.000 -0400,Alan,496.5,62.29,0.32,12.92,69.26,7.24
2022-10-29 20:45:00.000 -0400,Alan,502.4,65.89,0.32,12.92,69.24,7.24
2022-10-29 21:00:00.000 -0400,Alan,497.2,61.57,0.32,12.88,69.32,7.23
2022-10-29 21:15:00.000 -0400,Alan,493.7,63.3,0.31,12.87,69.43,7.23
2022-10-29 21:30:00.000 -0400,Alan,497.8,61.87,0.32,12.89,69.35,7.23
2022-10-29 21:45:00.000 -0400,Alan,497.6,62.0,0.32,12.88,69.63,7.23
2022-10-29 22:00:00.000 -0400,Alan,497.5,61.44,0.32,12.87,69.45,7.23
2022-10-29 22:15:00.000 -0400,Alan,494.5,61.49,0.32,12.83,69.59,7.23
2022-10-29 22:30:00.000 -0400,Alan,495.8,62.28,0.32,12.8,69.62,7.23
2022-10-29 22:45:00.000 -0400,Alan,497.0,60.84,0.32,12.77,69.49,7.23
2022-10-29 23:00:00.000 -0400,Alan,496.9,54.05,0.32,12.75,69.73,7.23
2022-10-29 23:15:00.000 -0400,Alan,497.9,58.07,0.32,12.71,69.66,7.23
2022-10-29 23:30:00.000 -0400,Alan,494.9,61.04,0.32,12.68,69.9,7.23
2022-10-29 23:45:00.000 -0400,Alan,495.9,60.15,0.32,12.64,69.92,7.23
2022-10-30 00:00:00.000 -0400,Alan,493.5,58.07,0.32,12.59,69.92,7.23
2022-10-30 00:15:00.000 -0400,Alan,493.0,54.12,0.32,12.56,69.83,7.23
2022-10-30 00:30:00.000 -0400,Alan,495.0,57.74,0.32,12.52,69.9,7.23
2022-10-30 00:45:00.000 -0400,Alan,493.5,56.77,0.32,12.46,70.06,7.23
2022-10-30 01:00:00.000 -0400,Alan,492.5,60.19,0.32,12.42,70.23,7.23
2022-10-30 01:15:00.000 -0400,Alan,490.9,56.91,0.32,12.37,69.93,7.23
2022-10-30 01:30:00.000 -0400,Alan,490.6,59.21,0.32,12.34,69.88,7.23
2022-10-30 01:45:00.000 -0400,Alan,489.1,59.79,0.32,12.29,69.93,7.23
2022-10-30 02:00:00.000 -0400,Alan,488.6,57.43,0.32,12.24,70.03,7.23
2022-10-30 02:15:00.000 -0400,Alan,490.2,56.69,0.32,12.2,70.0,7.23
2022-10-30 02:30:00.000 -0400,Alan,490.0,54.6,0.32,12.16,70.22,7.22
2022-10-30 02:45:00.000 -0400,Alan,487.5,57.1,0.32,12.1,70.18,7.22
2022-10-30 03:00:00.000 -0400,Alan,487.3,59.57,0.32,12.04,70.09,7.22
2022-10-30 03:15:00.000 -0400,Alan,486.7,56.86,0.32,11.98,70.17,7.22
2022-10-30 03:30:00.000 -0400,Alan,485.3,56.71,0.32,11.94,70.33,7.23
2022-10-30 03:45:00.000 -0400,Alan,484.1,55.95,0.32,11.9,70.33,7.23
2022-10-30 04:00:00.000 -0400,Alan,484.5,58.05,0.32,11.87,70.07,7.22
2022-10-30 04:15:00.000 -0400,Alan,483.5,58.23,0.32,11.82,70.15,7.22
2022-10-30 04:30:00.000 -0400,Alan,482.2,59.25,0.32,11.75,70.19,7.22
2022-10-30 04:45:00.000 -0400,Alan,481.5,57.19,0.32,11.7,70.17,7.22
2022-10-30 05:00:00.000 -0400,Alan,480.7,59.41,0.32,11.67,70.19,7.21
2022-10-30 05:15:00.000 -0400,Alan,481.1,58.23,0.32,11.63,69.84,7.21
2022-10-30 05:30:00.000 -0400,Alan,478.9,57.42,0.32,11.57,69.75,7.21
2022-10-30 05:45:00.000 -0400,Alan,480.3,56.34,0.32,11.53,70.0,7.21
2022-10-30 06:00:00.000 -0400,Alan,479.5,57.29,0.32,11.5,70.09,7.2
2022-10-30 06:15:00.000 -0400,Alan,479.8,56.52,0.32,11.44,70.3,7.2
2022-10-30 06:30:00.000 -0400,Alan,477.6,54.91,0.32,11.38,70.21,7.2
2022-10-30 06:45:00.000 -0400,Alan,477.1,52.59,0.32,11.34,70.16,7.2
2022-10-30 07:00:00.000 -0400,Alan,477.2,50.94,0.32,11.29,70.1,7.2
2022-10-30 07:15:00.000 -0400,Alan,477.3,53.05,0.32,11.28,70.38,7.2
2022-10-30 07:30:00.000 -0400,Alan,476.3,49.61,0.32,11.27,70.6,7.2
2022-10-30 07:45:00.000 -0400,Alan,475.5,49.36,0.32,11.24,70.54,7.2
2022-10-30 08:00:00.000 -0400,Alan,476.6,51.84,0.32,11.2,70.48,7.21
2022-10-30 08:15:00.000 -0400,Alan,474.9,54.2,0.32,11.12,70.51,7.2
2022-10-30 08:30:00.000 -0400,Alan,474.4,55.65,0.32,11.12,70.54,7.2
2022-10-30 08:45:00.000 -0400,Alan,474.6,56.89,0.32,11.09,70.49,7.21
2022-10-30 09:00:00.000 -0400,Alan,477.8,59.02,0.32,11.09,70.59,7.21
2022-10-30 09:15:00.000 -0400,Alan,475.4,58.51,0.32,11.1,70.76,7.21
2022-10-30 09:30:00.000 -0400,Alan,475.1,58.03,0.32,11.15,70.84,7.22
2022-10-30 09:45:00.000 -0400,Alan,476.8,57.84,0.32,11.24,71.0,7.22
2022-10-30 10:00:00.000 -0400,Alan,477.1,57.3,0.32,11.31,71.01,7.22
2022-10-30 10:15:00.000 -0400,Alan,477.1,58.25,0.32,11.38,71.15,7.23
2022-10-30 10:30:00.000 -0400,Alan,478.2,56.77,0.32,11.52,71.45,7.23
2022-10-30 10:45:00.000 -0400,Alan,478.7,57.87,0.32,11.56,71.2,7.24
2022-10-30 11:00:00.000 -0400,Alan,479.8,59.19,0.32,11.67,71.09,7.24
2022-10-30 11:15:00.000 -0400,Alan,479.9,60.03,0.31,11.73,71.21,7.25
2022-10-30 11:30:00.000 -0400,Alan,481.9,59.94,0.32,11.81,71.07,7.25
2022-10-30 11:45:00.000 -0400,Alan,483.0,59.82,0.32,11.95,71.07,7.25
2022-10-30 12:00:00.000 -0400,Alan,483.1,59.18,0.31,12.02,71.12,7.26
2022-10-30 12:15:00.000 -0400,Alan,483.7,60.76,0.32,12.0,70.68,7.27
2022-10-30 12:30:00.000 -0400,Alan,479.6,63.98,0.31,12.02,70.59,7.27
2022-10-30 12:45:00.000 -0400,Alan,484.7,66.6,0.32,12.01,70.76,7.28
2022-10-30 13:00:00.000 -0400,Alan,484.5,67.14,0.32,12.05,70.32,7.29
2022-10-30 13:15:00.000 -0400,Alan,480.7,66.94,0.31,12.01,70.11,7.29
2022-10-30 13:30:00.000 -0400,Alan,483.6,67.04,0.31,12.08,70.14,7.29
2022-10-30 13:45:00.000 -0400,Alan,484.3,69.11,0.31,12.09,70.05,7.3
2022-10-30 14:00:00.000 -0400,Alan,485.2,69.17,0.32,12.13,70.23,7.3
2022-10-30 14:15:00.000 -0400,Alan,483.2,70.25,0.31,12.05,69.94,7.31
2022-10-30 14:30:00.000 -0400,Alan,484.0,69.14,0.31,12.1,70.07,7.31
2022-10-30 14:45:00.000 -0400,Alan,484.2,71.15,0.31,12.16,70.14,7.32
2022-10-30 15:00:00.000 -0400,Alan,485.3,71.28,0.31,12.17,70.23,7.32
2022-10-30 15:15:00.000 -0400,Alan,484.4,73.02,0.31,12.25,70.06,7.32
2022-10-30 15:30:00.000 -0400,Alan,485.1,70.89,0.31,12.23,70.09,7.32
2022-10-30 15:45:00.000 -0400,Alan,485.0,69.76,0.31,12.21,70.4,7.32
2022-10-30 16:00:00.000 -0400,Alan,484.3,71.41,0.31,12.18,70.39,7.32
2022-10-30 16:15:00.000 -0400,Alan,484.5,70.5,0.31,12.14,69.9,7.31
2022-10-30 16:30:00.000 -0400,Alan,484.8,64.11,0.31,12.15,69.86,7.3
2022-10-30 16:45:00.000 -0400,Alan,485.9,55.55,0.32,12.15,69.88,7.29
2022-10-30 17:00:00.000 -0400,Alan,484.3,53.75,0.31,12.14,69.9,7.27
2022-10-30 17:15:00.000 -0400,Alan,484.8,53.47,0.31,12.15,69.99,7.27
2022-10-30 17:30:00.000 -0400,Alan,484.4,61.72,0.31,12.15,70.15,7.26
2022-10-30 17:45:00.000 -0400,Alan,485.7,64.07,0.32,12.17,70.37,7.26
2022-10-30 18:00:00.000 -0400,Alan,485.2,61.0,0.31,12.2,70.06,7.25
2022-10-30 18:15:00.000 -0400,Alan,483.7,63.59,0.31,12.22,70.22,7.25
2022-10-30 18:30:00.000 -0400,Alan,484.9,64.01,0.31,12.23,70.27,7.25
2022-10-30 18:45:00.000 -0400,Alan,484.7,65.3,0.31,12.21,70.44,7.24
2022-10-30 19:00:00.000 -0400,Alan,485.1,67.39,0.31,12.21,70.47,7.24
2022-10-30 19:15:00.000 -0400,Alan,485.4,67.02,0.31,12.23,70.58,7.24
2022-10-30 19:30:00.000 -0400,Alan,484.6,67.14,0.31,12.22,70.74,7.24
2022-10-30 19:45:00.000 -0400,Alan,484.3,64.93,0.31,12.18,70.88,7.24
2022-10-30 20:00:00.000 -0400,Alan,483.6,66.32,0.31,12.16,70.86,7.24
2022-10-30 20:15:00.000 -0400,Alan,484.2,65.04,0.31,12.18,71.09,7.23
2022-10-30 20:30:00.000 -0400,Alan,483.9,66.93,0.31,12.17,70.71,7.23
2022-10-30 20:45:00.000 -0400,Alan,484.1,62.29,0.31,12.18,70.56,7.22
2022-10-30 21:00:00.000 -0400,Alan,484.9,61.42,0.31,12.2,70.39,7.22
2022-10-30 21:15:00.000 -0400,Alan,488.2,61.06,0.32,12.22,70.33,7.21
2022-10-30 21:30:00.000 -0400,Alan,496.4,59.36,0.32,12.26,70.7,7.2
2022-10-30 21:45:00.000 -0400,Alan,508.4,58.84,0.33,12.35,71.04,7.2
2022-10-30 22:00:00.000 -0400,Alan,505.8,57.61,0.33,12.33,71.02,7.19
2022-10-30 22:15:00.000 -0400,Alan,510.3,58.82,0.33,12.35,71.26,7.18
2022-10-30 22:30:00.000 -0400,Alan,517.3,58.3,0.33,12.36,71.27,7.18
2022-10-30 22:45:00.000 -0400,Alan,518.3,59.43,0.34,12.39,71.46,7.17
2022-10-30 23:00:00.000 -0400,Alan,516.1,60.57,0.33,12.34,71.14,7.16
2022-10-30 23:15:00.000 -0400,Alan,508.2,59.04,0.33,12.29,71.21,7.16
2022-10-30 23:30:00.000 -0400,Alan,500.5,56.22,0.32,12.22,71.13,7.17
2022-10-30 23:45:00.000 -0400,Alan,499.4,53.89,0.32,12.2,71.04,7.17
2022-10-31 00:00:00.000 -0400,Alan,502.0,55.85,0.33,12.18,71.11,7.18
2022-10-31 00:15:00.000 -0400,Alan,500.9,58.06,0.33,12.17,71.36,7.18
2022-10-31 00:30:00.000 -0400,Alan,500.3,57.83,0.33,12.13,71.47,7.18
2022-10-31 00:45:00.000 -0400,Alan,500.7,58.93,0.33,12.13,71.38,7.18
2022-10-31 01:00:00.000 -0400,Alan,498.6,59.95,0.32,12.09,71.36,7.18
2022-10-31 01:15:00.000 -0400,Alan,497.9,57.14,0.32,12.05,70.98,7.18
2022-10-31 01:30:00.000 -0400,Alan,496.1,54.51,0.32,12.02,71.21,7.18
2022-10-31 01:45:00.000 -0400,Alan,491.2,58.05,0.32,11.96,71.12,7.19
2022-10-31 02:00:00.000 -0400,Alan,490.9,59.74,0.32,11.94,71.07,7.2
2022-10-31 02:15:00.000 -0400,Alan,490.7,59.73,0.32,11.9,71.21,7.2
2022-10-31 02:30:00.000 -0400,Alan,491.3,57.65,0.32,11.88,71.56,7.21
2022-10-31 02:45:00.000 -0400,Alan,490.6,58.79,0.32,11.84,71.24,7.21
2022-10-31 03:00:00.000 -0400,Alan,491.2,57.12,0.32,11.81,71.5,7.21
2022-10-31 03:15:00.000 -0400,Alan,490.8,53.89,0.32,11.78,71.12,7.21
2022-10-31 03:30:00.000 -0400,Alan,490.5,54.08,0.32,11.75,71.0,7.21
2022-10-31 03:45:00.000 -0400,Alan,486.7,55.81,0.32,11.71,70.84,7.21
2022-10-31 04:00:00.000 -0400,Alan,489.2,56.26,0.32,11.68,70.83,7.2
2022-10-31 04:15:00.000 -0400,Alan,488.3,57.56,0.32,11.65,70.97,7.2
2022-10-31 04:30:00.000 -0400,Alan,487.6,58.5,0.32,11.61,70.85,7.21
2022-10-31 04:45:00.000 -0400,Alan,486.7,56.34,0.32,11.58,71.45,7.21
2022-10-31 05:00:00.000 -0400,Alan,486.7,57.57,0.32,11.55,71.2,7.21
2022-10-31 05:15:00.000 -0400,Alan,486.6,59.52,0.32,11.51,70.98,7.2
2022-10-31 05:30:00.000 -0400,Alan,485.4,59.37,0.32,11.48,71.22,7.2
2022-10-31 05:45:00.000 -0400,Alan,485.4,59.16,0.32,11.45,71.45,7.2
2022-10-31 06:00:00.000 -0400,Alan,485.6,58.87,0.32,11.42,71.55,7.21
2022-10-31 06:15:00.000 -0400,Alan,485.2,59.17,0.32,11.39,71.25,7.21
2022-10-31 06:30:00.000 -0400,Alan,484.8,56.65,0.32,11.37,71.42,7.2
2022-10-31 06:45:00.000 -0400,Alan,483.9,56.22,0.32,11.34,71.35,7.2
2022-10-31 07:00:00.000 -0400,Alan,483.4,56.63,0.32,11.31,71.4,7.2
2022-10-31 07:15:00.000 -0400,Alan,483.1,57.11,0.32,11.29,71.75,7.2
2022-10-31 07:30:00.000 -0400,Alan,482.8,53.85,0.32,11.27,71.6,7.2
2022-10-31 07:45:00.000 -0400,Alan,482.6,54.74,0.32,11.24,71.18,7.2
2022-10-31 08:00:00.000 -0400,Alan,482.2,52.3,0.32,11.22,71.25,7.2
2022-10-31 08:15:00.000 -0400,Alan,480.3,51.78,0.32,11.21,71.45,7.2
2022-10-31 08:30:00.000 -0400,Alan,479.4,57.71,0.32,11.2,71.39,7.19
2022-10-31 08:45:00.000 -0400,Alan,480.1,57.79,0.32,11.18,71.84,7.2
2022-10-31 09:00:00.000 -0400,Alan,481.0,58.69,0.32,11.18,71.96,7.2
2022-10-31 09:15:00.000 -0400,Alan,444.4,57.5,0.29,11.2,72.02,7.2
2022-10-31 09:30:00.000 -0400,Alan,445.5,58.51,0.3,11.22,71.87,7.21
2022-10-31 09:45:00.000 -0400,Alan,451.3,60.11,0.3,11.27,72.31,7.22
2022-10-31 10:00:00.000 -0400,Alan,441.8,60.5,0.29,11.28,72.07,7.23
2022-10-31 10:15:00.000 -0400,Alan,443.5,62.08,0.29,11.36,72.2,7.25
2022-10-31 10:30:00.000 -0400,Alan,475.5,60.06,0.31,11.43,72.32,7.25
2022-10-31 10:45:00.000 -0400,Alan,482.8,63.74,0.32,11.34,72.47,7.26
2022-10-31 11:00:00.000 -0400,Alan,482.6,63.52,0.32,11.43,71.81,7.27
2022-10-31 11:15:00.000 -0400,Alan,481.9,63.22,0.32,11.51,71.67,7.27
2022-10-31 11:30:00.000 -0400,Alan,483.5,63.75,0.32,11.65,71.8,7.28
2022-10-31 11:45:00.000 -0400,Alan,484.5,63.14,0.32,11.72,71.47,7.29
2022-10-31 12:00:00.000 -0400,Alan,484.9,65.77,0.32,11.67,72.03,7.3
2022-10-31 12:15:00.000 -0400,Alan,484.5,66.09,0.32,11.74,71.44,7.3
2022-10-31 12:30:00.000 -0400,Alan,484.4,67.24,0.32,11.69,72.15,7.31
2022-10-31 12:45:00.000 -0400,Alan,485.0,67.46,0.32,11.72,71.47,7.31
2022-10-31 13:00:00.000 -0400,Alan,485.2,67.13,0.32,11.72,71.83,7.31
2022-10-31 13:15:00.000 -0400,Alan,484.9,66.01,0.32,11.76,71.87,7.32
2022-10-31 13:30:00.000 -0400,Alan,483.7,66.69,0.32,11.74,72.28,7.31
2022-10-31 13:45:00.000 -0400,Alan,485.0,65.84,0.32,11.76,71.84,7.31
2022-10-31 14:00:00.000 -0400,Alan,485.0,67.69,0.32,11.82,71.82,7.32
2022-10-31 14:15:00.000 -0400,Alan,485.6,69.99,0.32,11.84,71.87,7.32
2022-10-31 14:30:00.000 -0400,Alan,485.4,68.86,0.32,11.81,71.85,7.32
2022-10-31 14:45:00.000 -0400,Alan,485.9,68.57,0.32,11.83,72.49,7.32
2022-10-31 15:00:00.000 -0400,Alan,484.9,68.44,0.32,11.8,71.76,7.31
2022-10-31 15:15:00.000 -0400,Alan,485.3,65.9,0.32,11.8,71.58,7.3
2022-10-31 15:30:00.000 -0400,Alan,485.7,65.57,0.32,11.85,71.68,7.3
2022-10-31 15:45:00.000 -0400,Alan,485.9,67.93,0.32,11.84,72.14,7.3
2022-10-31 16:00:00.000 -0400,Alan,486.1,69.05,0.32,11.91,71.83,7.3
2022-10-31 16:15:00.000 -0400,Alan,485.0,68.72,0.32,11.92,71.96,7.3
2022-10-31 16:30:00.000 -0400,Alan,486.1,68.11,0.32,11.93,72.05,7.3
2022-10-31 16:45:00.000 -0400,Alan,485.0,66.56,0.32,11.94,72.16,7.29
2022-10-31 17:00:00.000 -0400,Alan,485.2,63.44,0.32,11.9,72.69,7.28
2022-10-31 17:15:00.000 -0400,Alan,486.6,62.71,0.32,11.9,72.32,7.27
2022-10-31 17:30:00.000 -0400,Alan,489.1,63.03,0.32,11.9,72.33,7.27
2022-10-31 17:45:00.000 -0400,Alan,484.9,59.78,0.32,11.9,72.26,7.26
2022-10-31 18:00:00.000 -0400,Alan,486.7,60.01,0.32,11.9,72.58,7.26
2022-10-31 18:15:00.000 -0400,Alan,487.9,61.08,0.32,11.93,72.53,7.25
2022-10-31 18:30:00.000 -0400,Alan,487.1,58.19,0.32,11.96,72.63,7.24
2022-10-31 18:45:00.000 -0400,Alan,486.8,59.02,0.32,11.94,72.73,7.23
2022-10-31 19:00:00.000 -0400,Alan,487.4,61.99,0.32,11.93,72.58,7.23
2022-10-31 19:15:00.000 -0400,Alan,486.9,65.14,0.32,11.94,72.69,7.24
2022-10-31 19:30:00.000 -0400,Alan,486.8,64.21,0.32,11.89,72.62,7.24
2022-10-31 19:45:00.000 -0400,Alan,487.9,64.87,0.32,11.89,72.74,7.24
2022-10-31 20:00:00.000 -0400,Alan,487.8,62.73,0.32,11.88,72.83,7.23
2022-10-31 20:15:00.000 -0400,Alan,486.8,62.49,0.32,11.87,72.9,7.23
2022-10-31 20:30:00.000 -0400,Alan,487.7,59.11,0.32,11.86,72.89,7.22
2022-10-31 20:45:00.000 -0400,Alan,487.0,58.57,0.32,11.86,72.91,7.21
2022-10-31 21:00:00.000 -0400,Alan,487.7,57.21,0.32,11.87,73.02,7.2
2022-10-31 21:15:00.000 -0400,Alan,487.2,55.73,0.32,11.87,73.03,7.2
2022-10-31 21:30:00.000 -0400,Alan,488.5,52.56,0.32,11.88,73.67,7.2
2022-10-31 21:45:00.000 -0400,Alan,486.7,57.74,0.32,11.87,73.16,7.2
2022-10-31 22:00:00.000 -0400,Alan,486.1,61.82,0.32,11.87,73.16,7.21
2022-10-31 22:15:00.000 -0400,Alan,487.0,59.2,0.32,11.89,73.21,7.21
2022-10-31 22:30:00.000 -0400,Alan,487.2,60.89,0.32,11.88,73.09,7.21
2022-10-31 22:45:00.000 -0400,Alan,486.4,59.26,0.32,11.89,73.22,7.21
2022-10-31 23:00:00.000 -0400,Alan,486.7,61.31,0.32,11.89,73.11,7.21
2022-10-31 23:15:00.000 -0400,Alan,486.9,58.46,0.32,11.89,74.08,7.2
2022-10-31 23:30:00.000 -0400,Alan,488.8,58.46,0.32,11.89,73.86,7.2
2022-10-31 23:45:00.000 -0400,Alan,487.8,60.69,0.32,11.9,73.26,7.2
2022-11-01 00:00:00.000 -0400,Alan,487.5,58.59,0.32,11.88,73.43,7.19
2022-11-01 00:15:00.000 -0400,Alan,489.2,60.57,0.32,11.93,73.47,7.19
2022-11-01 00:30:00.000 -0400,Alan,489.3,61.96,0.32,11.92,73.78,7.21
2022-11-01 00:45:00.000 -0400,Alan,489.3,62.33,0.32,11.98,73.27,7.21
2022-11-01 01:00:00.000 -0400,Alan,488.8,63.25,0.32,11.95,73.28,7.22
2022-11-01 01:15:00.000 -0400,Alan,488.9,63.08,0.32,11.95,73.43,7.22
2022-11-01 01:30:00.000 -0400,Alan,489.8,62.54,0.32,11.96,73.37,7.21
2022-11-01 01:45:00.000 -0400,Alan,488.6,58.48,0.32,11.92,73.56,7.21
2022-11-01 02:00:00.000 -0400,Alan,487.6,58.23,0.32,11.9,74.74,7.2
2022-11-01 02:15:00.000 -0400,Alan,488.6,55.13,0.32,11.91,74.16,7.2
2022-11-01 02:30:00.000 -0400,Alan,488.4,52.54,0.32,11.92,73.79,7.19
2022-11-01 02:45:00.000 -0400,Alan,488.8,49.91,0.32,11.93,73.74,7.18
2022-11-01 03:00:00.000 -0400,Alan,490.8,57.09,0.32,11.99,73.57,7.18
2022-11-01 03:15:00.000 -0400,Alan,493.6,57.79,0.32,12.03,73.49,7.19
2022-11-01 03:30:00.000 -0400,Alan,496.0,56.62,0.32,12.05,73.44,7.18
2022-11-01 03:45:00.000 -0400,Alan,499.1,51.22,0.33,12.05,73.57,7.17
2022-11-01 04:00:00.000 -0400,Alan,497.9,52.56,0.32,12.02,73.52,7.16
2022-11-01 04:15:00.000 -0400,Alan,494.7,53.07,0.32,12.01,73.5,7.15
2022-11-01 04:30:00.000 -0400,Alan,497.2,53.6,0.32,12.01,73.58,7.15
2022-11-01 04:45:00.000 -0400,Alan,498.3,57.56,0.32,12.02,73.6,7.15
2022-11-01 05:00:00.000 -0400,Alan,499.8,56.44,0.33,12.01,73.46,7.15
2022-11-01 05:15:00.000 -0400,Alan,503.2,53.5,0.33,12.06,73.49,7.15
2022-11-01 05:30:00.000 -0400,Alan,502.0,52.89,0.33,12.07,73.59,7.14
2022-11-01 05:45:00.000 -0400,Alan,501.3,50.42,0.33,12.06,73.71,7.14
2022-11-01 06:00:00.000 -0400,Alan,501.5,52.81,0.33,12.04,73.75,7.13
2022-11-01 06:15:00.000 -0400,Alan,499.8,49.31,0.33,12.02,73.92,7.13
2022-11-01 06:30:00.000 -0400,Alan,496.7,54.27,0.32,11.98,73.88,7.13
2022-11-01 06:45:00.000 -0400,Alan,498.5,52.27,0.33,11.99,73.8,7.12
2022-11-01 07:00:00.000 -0400,Alan,498.8,50.28,0.33,12.0,73.86,7.12
2022-11-01 07:15:00.000 -0400,Alan,497.2,54.47,0.32,12.0,73.82,7.13
2022-11-01 07:30:00.000 -0400,Alan,498.3,52.63,0.32,12.02,73.9,7.14
2022-11-01 07:45:00.000 -0400,Alan,498.6,50.43,0.32,12.03,73.87,7.13
2022-11-01 08:00:00.000 -0400,Alan,497.9,51.12,0.32,12.02,73.91,7.13
2022-11-01 08:15:00.000 -0400,Alan,498.0,54.01,0.32,12.03,73.95,7.14
2022-11-01 08:30:00.000 -0400,Alan,501.1,56.3,0.33,12.04,73.93,7.16
2022-11-01 08:45:00.000 -0400,Alan,501.2,54.96,0.33,12.04,73.98,7.17
2022-11-01 09:00:00.000 -0400,Alan,501.8,54.8,0.33,12.07,74.25,7.17
2022-11-01 09:15:00.000 -0400,Alan,500.3,55.86,0.33,12.03,73.89,7.18
2022-11-01 09:30:00.000 -0400,Alan,500.5,56.17,0.33,12.03,74.01,7.19
2022-11-01 09:45:00.000 -0400,Alan,502.3,54.73,0.33,12.08,74.08,7.19
2022-11-01 10:00:00.000 -0400,Alan,503.1,54.97,0.33,12.1,73.92,7.19
2022-11-01 10:15:00.000 -0400,Alan,502.0,55.87,0.33,12.07,74.44,7.19
2022-11-01 10:30:00.000 -0400,Alan,498.9,56.03,0.32,12.07,74.03,7.19
2022-11-01 10:45:00.000 -0400,Alan,500.5,55.6,0.33,12.08,73.95,7.2
2022-11-01 11:00:00.000 -0400,Alan,499.0,56.35,0.32,12.09,74.06,7.2
2022-11-01 11:15:00.000 -0400,Alan,498.3,56.92,0.32,12.13,74.2,7.2
2022-11-01 11:30:00.000 -0400,Alan,501.3,57.6,0.33,12.14,74.15,7.21
2022-11-01 11:45:00.000 -0400,Alan,501.1,55.97,0.33,12.16,74.01,7.21
2022-11-01 12:00:00.000 -0400,Alan,505.1,57.22,0.33,12.28,74.02,7.2
2022-11-01 12:15:00.000 -0400,Alan,502.1,59.19,0.33,12.21,74.02,7.21
2022-11-01 12:30:00.000 -0400,Alan,503.1,57.91,0.33,12.19,74.05,7.21
2022-11-01 12:45:00.000 -0400,Alan,502.1,58.22,0.33,12.17,74.17,7.21
2022-11-01 13:00:00.000 -0400,Alan,504.5,59.37,0.33,12.25,74.23,7.21
2022-11-01 13:15:00.000 -0400,Alan,502.1,60.33,0.32,12.31,74.18,7.21
2022-11-01 13:30:00.000 -0400,Alan,505.6,62.91,0.33,12.3,74.43,7.22
2022-11-01 13:45:00.000 -0400,Alan,505.6,63.43,0.33,12.37,75.33,7.23
2022-11-01 14:00:00.000 -0400,Alan,505.7,63.92,0.33,12.35,74.28,7.23
2022-11-01 14:15:00.000 -0400,Alan,500.7,63.22,0.32,12.23,74.2,7.24
2022-11-01 14:30:00.000 -0400,Alan,509.2,61.58,0.33,12.34,74.2,7.24
2022-11-01 14:45:00.000 -0400,Alan,505.8,62.5,0.33,12.26,74.4,7.24
2022-11-01 15:00:00.000 -0400,Alan,508.7,62.07,0.33,12.34,74.93,7.24
2022-11-01 15:15:00.000 -0400,Alan,507.7,63.16,0.33,12.48,74.1,7.24
2022-11-01 15:30:00.000 -0400,Alan,514.8,63.62,0.33,12.45,74.21,7.23
2022-11-01 15:45:00.000 -0400,Alan,521.2,60.77,0.34,12.44,74.44,7.22
2022-11-01 16:00:00.000 -0400,Alan,512.5,61.07,0.33,12.41,74.2,7.22
2022-11-01 16:15:00.000 -0400,Alan,505.5,60.57,0.33,12.3,74.4,7.22
2022-11-01 16:30:00.000 -0400,Alan,510.4,57.64,0.33,12.36,74.29,7.21
2022-11-01 16:45:00.000 -0400,Alan,516.5,55.4,0.33,12.41,74.44,7.2
2022-11-01 17:00:00.000 -0400,Alan,512.3,56.57,0.33,12.4,74.83,7.19
2022-11-01 17:15:00.000 -0400,Alan,510.4,55.53,0.33,12.3,74.69,7.19
2022-11-01 17:30:00.000 -0400,Alan,509.6,55.03,0.33,12.27,74.57,7.19
2022-11-01 17:45:00.000 -0400,Alan,506.1,55.75,0.33,12.27,74.5,7.19
2022-11-01 18:00:00.000 -0400,Alan,502.7,58.38,0.33,12.26,74.63,7.18
2022-11-01 18:15:00.000 -0400,Alan,504.1,53.78,0.33,12.29,74.6,7.18
2022-11-01 18:30:00.000 -0400,Alan,506.0,44.78,0.33,12.35,75.02,7.17
2022-11-01 18:45:00.000 -0400,Alan,508.6,52.84,0.33,12.41,75.82,7.17
2022-11-01 19:00:00.000 -0400,Alan,507.2,52.4,0.33,12.46,75.66,7.16
2022-11-01 19:15:00.000 -0400,Alan,504.2,59.01,0.32,12.5,75.94,7.16
2022-11-01 19:30:00.000 -0400,Alan,503.9,55.78,0.32,12.5,75.88,7.17
2022-11-01 19:45:00.000 -0400,Alan,504.2,57.49,0.32,12.47,75.82,7.17
2022-11-01 20:00:00.000 -0400,Alan,504.9,59.09,0.33,12.46,75.81,7.17
2022-11-01 20:15:00.000 -0400,Alan,505.4,59.35,0.33,12.46,75.08,7.16
2022-11-01 20:30:00.000 -0400,Alan,511.4,57.33,0.33,12.48,75.01,7.16
2022-11-01 20:45:00.000 -0400,Alan,510.1,54.46,0.33,12.47,75.09,7.16
2022-11-01 21:00:00.000 -0400,Alan,511.9,52.65,0.33,12.47,75.14,7.15
2022-11-01 21:15:00.000 -0400,Alan,514.1,50.5,0.33,12.45,75.3,7.14
2022-11-01 21:30:00.000 -0400,Alan,516.2,51.01,0.33,12.43,75.35,7.14
2022-11-01 21:45:00.000 -0400,Alan,517.5,47.47,0.33,12.43,75.36,7.14
2022-11-01 22:00:00.000 -0400,Alan,520.2,45.51,0.34,12.46,75.27,7.13
2022-11-01 22:15:00.000 -0400,Alan,520.6,46.38,0.34,12.44,75.36,7.12
2022-11-01 22:30:00.000 -0400,Alan,520.6,44.11,0.34,12.46,75.35,7.11
2022-11-01 22:45:00.000 -0400,Alan,521.1,45.22,0.34,12.46,75.38,7.1
2022-11-01 23:00:00.000 -0400,Alan,520.5,43.37,0.34,12.48,75.22,7.1
2022-11-01 23:15:00.000 -0400,Alan,520.9,43.54,0.34,12.5,75.38,7.1
2022-11-01 23:30:00.000 -0400,Alan,524.2,40.57,0.34,12.53,75.37,7.09
2022-11-01 23:45:00.000 -0400,Alan,530.4,41.91,0.34,12.54,75.48,7.09
2022-11-02 00:00:00.000 -0400,Alan,530.2,43.7,0.34,12.57,75.57,7.08
2022-11-02 00:15:00.000 -0400,Alan,530.1,43.21,0.34,12.59,75.72,7.08
2022-11-02 00:30:00.000 -0400,Alan,531.3,45.2,0.34,12.56,75.76,7.09
2022-11-02 00:45:00.000 -0400,Alan,531.6,45.96,0.34,12.58,75.47,7.08
2022-11-02 01:00:00.000 -0400,Alan,532.2,39.62,0.34,12.59,75.65,7.08
2022-11-02 01:15:00.000 -0400,Alan,533.1,31.29,0.34,12.59,75.57,7.07
2022-11-02 01:30:00.000 -0400,Alan,535.5,31.6,0.34,12.61,75.53,7.06
2022-11-02 01:45:00.000 -0400,Alan,536.0,28.21,0.34,12.62,75.66,7.06
2022-11-02 02:00:00.000 -0400,Alan,535.4,37.94,0.34,12.61,75.69,7.07
2022-11-02 02:15:00.000 -0400,Alan,535.7,39.51,0.34,12.6,75.53,7.06
2022-11-02 02:30:00.000 -0400,Alan,536.4,39.91,0.35,12.58,75.97,7.06
2022-11-02 02:45:00.000 -0400,Alan,537.3,41.76,0.35,12.63,76.3,7.06
2022-11-02 03:00:00.000 -0400,Alan,536.8,40.36,0.35,12.61,76.02,7.06
2022-11-02 03:15:00.000 -0400,Alan,531.7,40.18,0.34,12.57,76.42,7.06
2022-11-02 03:30:00.000 -0400,Alan,527.7,38.54,0.34,12.58,76.44,7.06
2022-11-02 03:45:00.000 -0400,Alan,529.2,42.15,0.34,12.62,76.29,7.07
2022-11-02 04:00:00.000 -0400,Alan,527.2,41.07,0.34,12.58,76.05,7.07
2022-11-02 04:15:00.000 -0400,Alan,529.2,41.3,0.34,12.57,76.1,7.07
2022-11-02 04:30:00.000 -0400,Alan,533.1,40.03,0.34,12.62,75.85,7.06
2022-11-02 04:45:00.000 -0400,Alan,544.1,39.12,0.35,12.7,75.89,7.06
2022-11-02 05:00:00.000 -0400,Alan,542.4,37.19,0.35,12.66,75.76,7.05
2022-11-02 05:15:00.000 -0400,Alan,547.4,33.49,0.35,12.69,75.97,7.05
2022-11-02 05:30:00.000 -0400,Alan,549.9,29.27,0.35,12.73,75.88,7.04
2022-11-02 05:45:00.000 -0400,Alan,552.9,34.02,0.35,12.73,75.92,7.04
2022-11-02 06:00:00.000 -0400,Alan,553.3,27.92,0.36,12.72,76.36,7.03
2022-11-02 06:15:00.000 -0400,Alan,547.5,26.31,0.35,12.68,76.87,7.03
2022-11-02 06:30:00.000 -0400,Alan,535.4,29.23,0.34,12.61,76.22,7.03
2022-11-02 06:45:00.000 -0400,Alan,529.1,29.51,0.34,12.58,76.31,7.04
2022-11-02 07:00:00.000 -0400,Alan,529.8,25.07,0.34,12.61,76.77,7.04
2022-11-02 07:15:00.000 -0400,Alan,538.6,19.82,0.35,12.62,76.67,7.04
2022-11-02 07:30:00.000 -0400,Alan,526.8,26.16,0.34,12.56,76.67,7.03
2022-11-02 07:45:00.000 -0400,Alan,523.9,29.79,0.34,12.54,76.57,7.04
2022-11-02 08:00:00.000 -0400,Alan,518.0,30.02,0.33,12.5,76.46,7.05
2022-11-02 08:15:00.000 -0400,Alan,514.2,38.61,0.33,12.47,76.31,7.06
2022-11-02 08:30:00.000 -0400,Alan,516.2,45.65,0.33,12.49,76.85,7.07
2022-11-02 08:45:00.000 -0400,Alan,519.7,50.6,0.34,12.46,76.53,7.09
2022-11-02 09:00:00.000 -0400,Alan,517.7,52.31,0.33,12.48,76.48,7.12
2022-11-02 09:15:00.000 -0400,Alan,531.6,48.8,0.34,12.55,75.53,7.12
2022-11-02 09:30:00.000 -0400,Alan,522.9,49.77,0.34,12.52,75.52,7.12
2022-11-02 09:45:00.000 -0400,Alan,524.2,49.34,0.34,12.49,75.55,7.13
2022-11-02 10:00:00.000 -0400,Alan,527.7,46.04,0.34,12.55,75.81,7.13
2022-11-02 10:15:00.000 -0400,Alan,513.1,44.71,0.33,12.41,75.17,7.14
2022-11-02 10:30:00.000 -0400,Alan,513.2,46.12,0.33,12.38,75.8,7.15
2022-11-02 10:45:00.000 -0400,Alan,506.8,45.28,0.33,12.39,75.88,7.15
2022-11-02 11:00:00.000 -0400,Alan,509.2,49.97,0.33,12.48,75.51,7.17
2022-11-02 11:15:00.000 -0400,Alan,506.5,54.09,0.33,12.55,75.61,7.18
2022-11-02 13:00:00.000 -0400,Alan,0.0,0.0,0.0,0.0,0.0,0.0
2022-11-02 13:15:00.000 -0400,Alan,534.1,80.9,0.34,13.25,13.04,7.34
2022-11-02 13:30:00.000 -0400,Alan,530.5,85.5,0.34,13.29,12.44,7.4
2022-11-02 13:45:00.000 -0400,Alan,534.4,84.2,0.34,13.33,12.44,7.36
2022-11-02 14:00:00.000 -0400,Alan,532.6,86.9,0.34,13.25,12.62,7.39
2022-11-02 14:15:00.000 -0400,Alan,535.6,85.5,0.34,13.25,12.79,7.36
2022-11-02 14:30:00.000 -0400,Alan,532.3,86.7,0.34,13.44,12.35,7.39
2022-11-02 14:45:00.000 -0400,Alan,532.4,88.7,0.33,13.49,12.49,7.41
2022-11-02 15:00:00.000 -0400,Alan,531.2,88.2,0.33,13.47,12.17,7.4
2022-11-02 15:15:00.000 -0400,Alan,530.1,86.4,0.33,13.44,12.26,7.39
2022-11-02 15:30:00.000 -0400,Alan,534.6,85.9,0.34,13.29,12.39,7.39
2022-11-02 15:45:00.000 -0400,Alan,536.2,81.5,0.34,13.17,14.44,7.34
2022-11-02 16:00:00.000 -0400,Alan,538.1,81.8,0.34,13.16,12.51,7.34
2022-11-02 16:15:00.000 -0400,Alan,539.5,81.1,0.34,13.15,14.47,7.33
2022-11-02 16:30:00.000 -0400,Alan,535.0,82.1,0.34,13.24,12.79,7.34
2022-11-02 16:45:00.000 -0400,Alan,535.2,81.3,0.34,13.24,12.63,7.34
2022-11-02 17:00:00.000 -0400,Alan,535.8,81.8,0.34,13.28,14.5,7.34
2022-11-02 17:15:00.000 -0400,Alan,534.3,84.2,0.34,13.31,12.75,7.35
2022-11-02 17:30:00.000 -0400,Alan,536.2,85.2,0.34,13.29,12.55,7.36
2022-11-02 17:45:00.000 -0400,Alan,535.0,84.8,0.34,13.27,12.58,7.36
2022-11-02 18:00:00.000 -0400,Alan,534.6,84.1,0.34,13.26,12.94,7.36
2022-11-02 18:15:00.000 -0400,Alan,533.6,81.9,0.34,13.32,12.76,7.35
2022-11-02 18:30:00.000 -0400,Alan,534.2,81.7,0.34,13.35,12.76,7.35
2022-11-02 18:45:00.000 -0400,Alan,534.1,78.53,0.34,13.39,13.03,7.36
2022-11-02 19:00:00.000 -0400,Alan,533.8,78.52,0.34,13.41,13.17,7.37
2022-11-02 19:15:00.000 -0400,Alan,533.4,76.52,0.34,13.41,12.8,7.37
2022-11-02 19:30:00.000 -0400,Alan,533.9,78.25,0.34,13.4,13.21,7.37
2022-11-02 19:45:00.000 -0400,Alan,533.4,75.48,0.34,13.4,12.94,7.34
2022-11-02 20:00:00.000 -0400,Alan,533.3,73.68,0.34,13.39,13.0,7.32
2022-11-02 20:15:00.000 -0400,Alan,532.4,71.21,0.34,13.39,12.61,7.32
2022-11-02 20:30:00.000 -0400,Alan,536.5,75.54,0.34,13.47,13.08,7.34
2022-11-02 20:45:00.000 -0400,Alan,537.8,77.48,0.34,13.38,12.94,7.35
2022-11-02 21:00:00.000 -0400,Alan,534.4,76.05,0.34,13.37,13.25,7.35
2022-11-02 21:15:00.000 -0400,Alan,534.5,76.16,0.34,13.35,13.3,7.32
2022-11-02 21:30:00.000 -0400,Alan,536.4,76.07,0.34,13.37,13.26,7.32
2022-11-02 21:45:00.000 -0400,Alan,538.2,73.47,0.34,13.35,13.18,7.31
2022-11-02 22:00:00.000 -0400,Alan,545.1,74.55,0.34,13.42,13.17,7.31
2022-11-02 22:15:00.000 -0400,Alan,555.4,73.09,0.35,13.46,13.51,7.28
2022-11-02 22:30:00.000 -0400,Alan,563.3,72.82,0.36,13.46,13.49,7.26
2022-11-02 22:45:00.000 -0400,Alan,615.4,69.33,0.39,13.78,13.22,7.17
2022-11-02 23:00:00.000 -0400,Alan,594.4,64.01,0.37,13.7,13.16,7.16
2022-11-02 23:15:00.000 -0400,Alan,559.0,71.15,0.35,13.48,12.8,7.29
2022-11-02 23:30:00.000 -0400,Alan,546.4,71.3,0.34,13.4,12.53,7.29
2022-11-02 23:45:00.000 -0400,Alan,543.7,69.37,0.34,13.41,12.78,7.27
2022-11-03 00:00:00.000 -0400,Alan,551.6,69.21,0.35,13.44,12.55,7.29
2022-11-03 00:15:00.000 -0400,Alan,547.0,65.22,0.34,13.42,12.93,7.26
2022-11-03 00:30:00.000 -0400,Alan,544.0,66.85,0.34,13.37,12.69,7.3
2022-11-03 00:45:00.000 -0400,Alan,538.2,68.23,0.34,13.3,12.61,7.33
2022-11-03 01:00:00.000 -0400,Alan,540.7,71.52,0.34,13.31,12.8,7.31
2022-11-03 01:15:00.000 -0400,Alan,535.7,70.28,0.34,13.26,12.58,7.35
2022-11-03 01:30:00.000 -0400,Alan,537.2,71.52,0.34,13.22,12.4,7.35
2022-11-03 01:45:00.000 -0400,Alan,538.9,71.88,0.34,13.2,12.38,7.37
2022-11-03 02:00:00.000 -0400,Alan,537.1,73.6,0.34,13.18,12.3,7.38
2022-11-03 02:15:00.000 -0400,Alan,535.5,77.59,0.34,13.14,12.3,7.38
2022-11-03 02:30:00.000 -0400,Alan,535.5,76.39,0.34,13.1,12.25,7.39
2022-11-03 02:45:00.000 -0400,Alan,534.0,75.7,0.34,13.06,12.26,7.38
2022-11-03 03:00:00.000 -0400,Alan,531.1,74.86,0.34,13.04,12.29,7.38
2022-11-03 03:15:00.000 -0400,Alan,532.6,75.45,0.34,13.01,12.23,7.37
2022-11-03 03:30:00.000 -0400,Alan,530.5,73.35,0.34,12.98,12.5,7.37
2022-11-03 03:45:00.000 -0400,Alan,529.4,72.79,0.34,12.93,12.35,7.38
2022-11-03 04:00:00.000 -0400,Alan,531.5,72.73,0.34,12.92,12.31,7.35
2022-11-03 04:15:00.000 -0400,Alan,530.5,73.12,0.34,12.89,12.36,7.35
2022-11-03 04:30:00.000 -0400,Alan,529.6,74.01,0.34,12.84,13.15,7.35
2022-11-03 04:45:00.000 -0400,Alan,529.2,72.22,0.34,12.82,12.38,7.36
2022-11-03 05:00:00.000 -0400,Alan,528.4,72.36,0.34,12.79,12.36,7.36
2022-11-03 05:15:00.000 -0400,Alan,528.8,71.22,0.34,12.75,12.4,7.35
2022-11-03 05:30:00.000 -0400,Alan,525.1,71.26,0.34,12.7,12.36,7.35
2022-11-03 05:45:00.000 -0400,Alan,526.4,70.25,0.34,12.67,12.33,7.35
2022-11-03 06:00:00.000 -0400,Alan,526.3,70.74,0.34,12.63,12.31,7.34
2022-11-03 06:15:00.000 -0400,Alan,526.3,69.5,0.34,12.6,12.27,7.34
2022-11-03 06:30:00.000 -0400,Alan,524.7,70.57,0.34,12.57,12.46,7.34
2022-11-03 06:45:00.000 -0400,Alan,524.2,70.22,0.34,12.54,12.37,7.33
2022-11-03 07:00:00.000 -0400,Alan,523.5,71.01,0.34,12.5,12.18,7.33
2022-11-03 07:15:00.000 -0400,Alan,523.8,68.9,0.34,12.48,12.1,7.33
2022-11-03 07:30:00.000 -0400,Alan,523.4,69.66,0.34,12.45,12.17,7.33
2022-11-03 07:45:00.000 -0400,Alan,523.6,70.5,0.34,12.43,12.05,7.32
2022-11-03 08:00:00.000 -0400,Alan,523.0,70.39,0.34,12.4,12.06,7.32
2022-11-03 08:15:00.000 -0400,Alan,523.0,70.5,0.34,12.38,12.05,7.32
2022-11-03 08:30:00.000 -0400,Alan,521.5,73.47,0.34,12.36,12.04,7.32
2022-11-03 08:45:00.000 -0400,Alan,520.0,72.12,0.34,12.31,12.07,7.34
2022-11-03 09:00:00.000 -0400,Alan,521.7,72.87,0.34,12.32,12.16,7.34
2022-11-03 09:15:00.000 -0400,Alan,521.3,74.14,0.34,12.31,12.09,7.34
2022-11-03 09:30:00.000 -0400,Alan,523.3,75.67,0.34,12.33,13.83,7.34
2022-11-03 09:45:00.000 -0400,Alan,524.1,73.18,0.34,12.37,12.15,7.32
2022-11-03 10:00:00.000 -0400,Alan,524.2,72.37,0.34,12.36,12.42,7.31
2022-11-03 10:15:00.000 -0400,Alan,523.7,73.51,0.34,12.41,14.42,7.32
2022-11-03 10:30:00.000 -0400,Alan,523.3,74.55,0.34,12.46,13.44,7.33
2022-11-03 10:45:00.000 -0400,Alan,524.2,75.72,0.34,12.55,12.59,7.34
2022-11-03 11:00:00.000 -0400,Alan,524.4,76.89,0.34,12.61,12.12,7.35
2022-11-03 11:15:00.000 -0400,Alan,525.2,78.81,0.34,12.55,12.9,7.36
2022-11-03 11:30:00.000 -0400,Alan,524.7,78.38,0.34,12.59,13.2,7.36
2022-11-03 11:45:00.000 -0400,Alan,526.9,78.88,0.34,12.73,12.76,7.36
2022-11-03 12:00:00.000 -0400,Alan,525.5,79.21,0.34,12.82,12.5,7.37
2022-11-03 12:15:00.000 -0400,Alan,526.7,79.58,0.34,12.84,13.46,7.37
2022-11-03 12:30:00.000 -0400,Alan,527.5,80.4,0.34,12.84,13.2,7.37
2022-11-03 12:45:00.000 -0400,Alan,526.9,82.4,0.34,12.86,11.9,7.4
2022-11-03 13:00:00.000 -0400,Alan,526.5,84.5,0.34,12.81,14.88,7.4
2022-11-03 13:15:00.000 -0400,Alan,524.1,81.5,0.34,12.8,12.46,7.39
2022-11-03 13:30:00.000 -0400,Alan,523.0,81.6,0.33,12.8,12.12,7.39
2022-11-03 13:45:00.000 -0400,Alan,523.9,81.4,0.33,12.85,12.25,7.39
2022-11-03 14:00:00.000 -0400,Alan,527.5,85.2,0.34,12.86,11.98,7.4
2022-11-03 14:15:00.000 -0400,Alan,525.2,83.5,0.33,12.98,13.28,7.41
2022-11-03 14:30:00.000 -0400,Alan,522.8,82.8,0.33,12.92,12.29,7.4
2022-11-03 14:45:00.000 -0400,Alan,523.6,84.5,0.33,12.97,13.72,7.41
2022-11-03 15:00:00.000 -0400,Alan,523.7,81.8,0.33,13.02,12.39,7.4
2022-11-03 15:15:00.000 -0400,Alan,524.3,84.0,0.33,13.01,13.02,7.41
2022-11-03 15:30:00.000 -0400,Alan,525.3,84.0,0.33,12.94,14.25,7.42
2022-11-03 15:45:00.000 -0400,Alan,523.6,82.6,0.33,12.94,13.25,7.41
2022-11-03 16:00:00.000 -0400,Alan,526.8,81.5,0.34,13.02,14.45,7.41
2022-11-03 16:15:00.000 -0400,Alan,526.4,83.3,0.33,13.06,13.24,7.41
2022-11-03 16:30:00.000 -0400,Alan,525.9,83.1,0.33,13.05,14.09,7.42
2022-11-03 16:45:00.000 -0400,Alan,525.6,81.9,0.33,13.03,12.71,7.41
2022-11-03 17:00:00.000 -0400,Alan,524.8,78.88,0.33,13.01,12.65,7.4
2022-11-03 17:15:00.000 -0400,Alan,524.6,77.59,0.33,12.96,12.22,7.39
2022-11-03 17:30:00.000 -0400,Alan,525.6,78.72,0.33,13.0,12.39,7.39
2022-11-03 17:45:00.000 -0400,Alan,527.2,76.56,0.34,13.02,12.24,7.39
2022-11-03 18:00:00.000 -0400,Alan,530.0,76.28,0.34,13.06,12.43,7.38
2022-11-03 18:15:00.000 -0400,Alan,528.6,78.16,0.34,13.08,12.3,7.39
2022-11-03 18:30:00.000 -0400,Alan,529.9,76.3,0.34,13.13,12.36,7.38
2022-11-03 18:45:00.000 -0400,Alan,530.6,75.6,0.34,13.14,13.84,7.38
2022-11-03 19:00:00.000 -0400,Alan,530.9,77.32,0.34,13.15,12.79,7.38
2022-11-03 19:15:00.000 -0400,Alan,530.3,77.81,0.34,13.14,12.32,7.39
2022-11-03 19:30:00.000 -0400,Alan,527.5,78.06,0.34,13.08,12.73,7.38
2022-11-03 19:45:00.000 -0400,Alan,526.5,77.17,0.33,13.04,12.57,7.39
2022-11-03 20:00:00.000 -0400,Alan,527.5,77.64,0.34,12.99,14.5,7.39
2022-11-03 20:15:00.000 -0400,Alan,527.5,78.0,0.34,13.0,12.58,7.39
2022-11-03 20:30:00.000 -0400,Alan,526.8,77.94,0.34,12.99,12.51,7.39
2022-11-03 20:45:00.000 -0400,Alan,527.7,77.99,0.34,13.02,12.62,7.39
2022-11-03 21:00:00.000 -0400,Alan,529.6,80.5,0.34,13.03,13.14,7.39
2022-11-03 21:15:00.000 -0400,Alan,530.6,79.48,0.34,13.06,12.74,7.39
2022-11-03 21:30:00.000 -0400,Alan,530.3,80.2,0.34,13.05,12.56,7.39
2022-11-03 21:45:00.000 -0400,Alan,531.1,78.74,0.34,13.05,12.75,7.39
2022-11-03 22:00:00.000 -0400,Alan,530.9,80.1,0.34,13.07,12.32,7.38
2022-11-03 22:15:00.000 -0400,Alan,533.2,80.6,0.34,13.05,12.5,7.38
2022-11-03 22:30:00.000 -0400,Alan,534.4,79.23,0.34,13.08,12.57,7.38
2022-11-03 22:45:00.000 -0400,Alan,536.2,79.1,0.34,13.08,12.63,7.37
2022-11-03 23:00:00.000 -0400,Alan,549.9,77.29,0.35,13.16,12.75,7.35
2022-11-03 23:15:00.000 -0400,Alan,566.0,77.07,0.36,13.25,12.92,7.29
2022-11-03 23:30:00.000 -0400,Alan,557.9,78.8,0.35,13.21,12.9,7.32
2022-11-03 23:45:00.000 -0400,Alan,559.9,77.4,0.36,13.19,12.91,7.31
2022-11-04 00:00:00.000 -0400,Alan,560.6,77.32,0.36,13.18,16.29,7.3
2022-11-04 00:15:00.000 -0400,Alan,550.2,77.89,0.35,13.08,14.77,7.32
2022-11-04 00:30:00.000 -0400,Alan,542.6,76.99,0.35,13.03,13.07,7.35
2022-11-04 00:45:00.000 -0400,Alan,539.2,75.14,0.34,13.0,14.24,7.35
2022-11-04 01:00:00.000 -0400,Alan,537.2,73.15,0.34,12.96,19.51,7.34
2022-11-04 01:15:00.000 -0400,Alan,538.0,74.26,0.34,12.95,19.66,7.34
2022-11-04 01:30:00.000 -0400,Alan,534.0,72.84,0.34,12.89,21.3,7.34
2022-11-04 01:45:00.000 -0400,Alan,532.3,72.34,0.34,12.86,21.21,7.36
2022-11-04 02:00:00.000 -0400,Alan,530.2,71.31,0.34,12.82,19.66,7.36
2022-11-04 02:15:00.000 -0400,Alan,530.9,72.89,0.34,12.8,19.68,7.36
2022-11-04 02:30:00.000 -0400,Alan,528.1,71.82,0.34,12.75,19.66,7.36
2022-11-04 02:45:00.000 -0400,Alan,524.9,71.27,0.34,12.7,19.77,7.37
2022-11-04 03:00:00.000 -0400,Alan,531.3,71.31,0.34,12.69,19.9,7.36
2022-11-04 03:15:00.000 -0400,Alan,532.5,71.35,0.34,12.68,19.37,7.35
2022-11-04 03:30:00.000 -0400,Alan,531.0,71.11,0.34,12.64,20.08,7.35
2022-11-04 03:45:00.000 -0400,Alan,530.6,72.2,0.34,12.61,20.03,7.35
2022-11-04 04:00:00.000 -0400,Alan,531.2,72.85,0.34,12.56,19.98,7.35
2022-11-04 04:15:00.000 -0400,Alan,530.0,73.49,0.34,12.54,20.08,7.34
2022-11-04 04:30:00.000 -0400,Alan,530.1,71.23,0.34,12.52,20.0,7.34
2022-11-04 04:45:00.000 -0400,Alan,528.3,72.43,0.34,12.48,20.19,7.34
2022-11-04 05:00:00.000 -0400,Alan,528.6,70.84,0.34,12.45,20.14,7.34
2022-11-04 05:15:00.000 -0400,Alan,527.3,74.23,0.34,12.4,13.01,7.34
2022-11-04 05:30:00.000 -0400,Alan,528.5,73.49,0.34,12.37,12.94,7.34
2022-11-04 05:45:00.000 -0400,Alan,527.2,71.85,0.34,12.33,12.99,7.34
2022-11-04 06:00:00.000 -0400,Alan,526.6,71.86,0.34,12.31,13.08,7.34
2022-11-04 06:15:00.000 -0400,Alan,526.2,69.29,0.34,12.28,12.98,7.34
2022-11-04 06:30:00.000 -0400,Alan,525.7,69.89,0.34,12.26,13.01,7.33
2022-11-04 06:45:00.000 -0400,Alan,524.7,69.98,0.34,12.22,12.98,7.34
2022-11-04 07:00:00.000 -0400,Alan,524.3,70.54,0.34,12.21,12.85,7.33
2022-11-04 07:15:00.000 -0400,Alan,524.3,69.78,0.34,12.18,13.07,7.33
2022-11-04 07:30:00.000 -0400,Alan,524.3,69.52,0.34,12.18,12.81,7.33
2022-11-04 07:45:00.000 -0400,Alan,523.9,69.67,0.34,12.15,12.83,7.33
2022-11-04 08:00:00.000 -0400,Alan,523.7,70.83,0.34,12.13,12.99,7.34
2022-11-04 08:15:00.000 -0400,Alan,524.0,70.56,0.34,12.11,13.04,7.33
2022-11-04 08:30:00.000 -0400,Alan,523.9,69.02,0.34,12.1,13.06,7.33
2022-11-04 08:45:00.000 -0400,Alan,523.8,68.88,0.34,12.1,13.04,7.33
2022-11-04 09:00:00.000 -0400,Alan,523.8,68.86,0.34,12.1,13.07,7.33
2022-11-04 09:15:00.000 -0400,Alan,523.7,72.98,0.34,12.1,12.96,7.34
2022-11-04 09:30:00.000 -0400,Alan,523.5,72.19,0.34,12.11,13.0,7.35
2022-11-04 09:45:00.000 -0400,Alan,520.3,71.79,0.34,12.14,13.06,7.35
2022-11-04 10:00:00.000 -0400,Alan,521.2,72.21,0.34,12.19,12.86,7.34
2022-11-04 10:15:00.000 -0400,Alan,521.3,74.1,0.34,12.21,13.49,7.35
2022-11-04 10:30:00.000 -0400,Alan,521.1,75.22,0.34,12.3,13.04,7.36
2022-11-04 10:45:00.000 -0400,Alan,520.6,75.78,0.34,12.38,16.49,7.37
2022-11-04 11:00:00.000 -0400,Alan,521.0,76.37,0.34,12.48,13.36,7.38
2022-11-04 11:15:00.000 -0400,Alan,522.4,79.42,0.34,12.46,14.11,7.39
2022-11-04 11:30:00.000 -0400,Alan,523.7,81.2,0.34,12.52,15.96,7.4
2022-11-04 11:45:00.000 -0400,Alan,524.6,81.2,0.34,12.59,12.69,7.41
2022-11-04 12:00:00.000 -0400,Alan,522.9,81.4,0.34,12.58,13.64,7.42
2022-11-04 12:15:00.000 -0400,Alan,523.8,81.6,0.34,12.7,13.16,7.42
2022-11-04 12:30:00.000 -0400,Alan,524.2,84.3,0.34,12.64,14.31,7.43
2022-11-04 12:45:00.000 -0400,Alan,523.7,84.2,0.34,12.68,14.4,7.43
2022-11-04 13:00:00.000 -0400,Alan,523.8,85.5,0.34,12.65,14.75,7.44
2022-11-04 13:15:00.000 -0400,Alan,524.2,84.5,0.34,12.73,12.91,7.44
2022-11-04 13:30:00.000 -0400,Alan,524.8,86.7,0.34,12.77,13.8,7.44
2022-11-04 13:45:00.000 -0400,Alan,523.1,83.5,0.33,12.81,14.99,7.43
2022-11-04 14:00:00.000 -0400,Alan,523.6,83.8,0.34,12.71,13.36,7.43
2022-11-04 14:15:00.000 -0400,Alan,521.7,83.2,0.33,12.77,14.03,7.43
2022-11-04 14:30:00.000 -0400,Alan,523.0,84.5,0.34,12.75,14.46,7.43
2022-11-04 14:45:00.000 -0400,Alan,524.3,86.2,0.34,12.8,13.45,7.44
2022-11-04 15:00:00.000 -0400,Alan,523.2,86.2,0.34,12.75,12.98,7.44
2022-11-04 15:15:00.000 -0400,Alan,523.5,84.9,0.34,12.73,13.38,7.44
2022-11-04 15:30:00.000 -0400,Alan,524.2,84.9,0.34,12.82,13.0,7.44
2022-11-04 15:45:00.000 -0400,Alan,524.2,85.3,0.34,12.82,12.99,7.44
2022-11-04 16:00:00.000 -0400,Alan,523.1,83.8,0.33,12.84,16.31,7.44
2022-11-04 16:15:00.000 -0400,Alan,522.9,82.9,0.33,12.88,13.56,7.43
2022-11-04 16:30:00.000 -0400,Alan,524.2,82.2,0.33,12.92,13.54,7.43
2022-11-04 16:45:00.000 -0400,Alan,525.8,83.7,0.34,12.92,12.95,7.44
2022-11-04 17:00:00.000 -0400,Alan,525.8,85.0,0.34,12.89,13.73,7.45
2022-11-04 17:15:00.000 -0400,Alan,526.3,84.1,0.34,12.94,13.69,7.44
2022-11-04 17:30:00.000 -0400,Alan,525.9,84.9,0.34,12.95,13.28,7.45
2022-11-04 17:45:00.000 -0400,Alan,527.2,83.1,0.34,12.95,18.99,7.44
2022-11-04 18:00:00.000 -0400,Alan,526.9,84.7,0.34,12.94,13.22,7.45
2022-11-04 18:15:00.000 -0400,Alan,526.7,85.3,0.34,12.97,13.3,7.45
2022-11-04 18:30:00.000 -0400,Alan,527.0,85.1,0.34,12.96,15.62,7.45
2022-11-04 18:45:00.000 -0400,Alan,525.5,83.9,0.34,12.91,14.93,7.44
2022-11-04 19:00:00.000 -0400,Alan,526.3,84.5,0.34,12.9,14.43,7.44
2022-11-04 19:15:00.000 -0400,Alan,524.3,82.3,0.33,12.88,15.24,7.43
2022-11-04 19:30:00.000 -0400,Alan,524.2,81.2,0.33,12.87,13.52,7.42
2022-11-04 19:45:00.000 -0400,Alan,524.7,83.8,0.34,12.8,13.55,7.43
2022-11-04 20:00:00.000 -0400,Alan,522.6,84.4,0.33,12.76,19.73,7.44
2022-11-04 20:15:00.000 -0400,Alan,525.3,85.0,0.34,12.83,13.6,7.44
2022-11-04 20:30:00.000 -0400,Alan,525.0,85.6,0.34,12.79,13.75,7.45
2022-11-04 20:45:00.000 -0400,Alan,525.1,83.3,0.34,12.84,13.71,7.44
2022-11-04 21:00:00.000 -0400,Alan,523.6,81.8,0.33,12.83,13.65,7.43
2022-11-04 21:15:00.000 -0400,Alan,523.6,80.7,0.33,12.83,13.63,7.42
2022-11-04 21:30:00.000 -0400,Alan,523.9,81.4,0.33,12.84,15.44,7.42
2022-11-04 21:45:00.000 -0400,Alan,524.3,79.53,0.33,12.88,18.79,7.42
2022-11-04 22:00:00.000 -0400,Alan,524.9,78.95,0.33,12.92,20.27,7.41
2022-11-04 22:15:00.000 -0400,Alan,526.1,79.94,0.34,12.98,19.13,7.42
2022-11-04 22:30:00.000 -0400,Alan,526.0,80.9,0.34,12.97,16.72,7.42
2022-11-04 22:45:00.000 -0400,Alan,525.8,80.8,0.34,12.96,15.05,7.42
2022-11-04 23:00:00.000 -0400,Alan,525.5,81.1,0.34,12.93,18.81,7.42
2022-11-04 23:15:00.000 -0400,Alan,525.3,81.1,0.34,12.91,14.05,7.42
2022-11-04 23:30:00.000 -0400,Alan,525.3,81.0,0.34,12.88,20.86,7.41
2022-11-04 23:45:00.000 -0400,Alan,524.5,79.51,0.33,12.87,14.73,7.41
2022-11-05 00:00:00.000 -0400,Alan,524.0,79.3,0.33,12.84,19.7,7.41
2022-11-05 00:15:00.000 -0400,Alan,524.4,80.3,0.34,12.83,20.0,7.41
2022-11-05 00:30:00.000 -0400,Alan,524.9,80.0,0.34,12.86,18.4,7.41
2022-11-05 00:45:00.000 -0400,Alan,524.8,79.56,0.34,12.88,15.73,7.41
2022-11-05 01:00:00.000 -0400,Alan,527.4,79.47,0.34,12.96,15.32,7.41
2022-11-05 01:15:00.000 -0400,Alan,525.4,79.91,0.34,12.84,18.9,7.41
2022-11-05 01:30:00.000 -0400,Alan,525.7,80.4,0.34,12.88,16.93,7.41
2022-11-05 01:45:00.000 -0400,Alan,526.3,80.2,0.34,12.91,19.27,7.41
2022-11-05 02:00:00.000 -0400,Alan,525.9,79.59,0.34,12.9,17.82,7.4
2022-11-05 02:15:00.000 -0400,Alan,526.2,78.58,0.34,12.9,14.17,7.4
2022-11-05 02:30:00.000 -0400,Alan,526.3,78.36,0.34,12.88,17.14,7.39
2022-11-05 02:45:00.000 -0400,Alan,526.2,76.98,0.34,12.88,14.39,7.38
2022-11-05 03:00:00.000 -0400,Alan,525.9,79.75,0.34,12.91,13.69,7.4
2022-11-05 03:15:00.000 -0400,Alan,525.7,77.5,0.34,12.89,13.91,7.39
2022-11-05 03:30:00.000 -0400,Alan,526.3,77.5,0.34,12.9,14.03,7.39
2022-11-05 03:45:00.000 -0400,Alan,527.9,77.24,0.34,12.94,13.92,7.38
2022-11-05 04:00:00.000 -0400,Alan,530.1,77.4,0.34,12.93,14.07,7.38
2022-11-05 04:15:00.000 -0400,Alan,537.8,78.27,0.34,13.04,13.98,7.36
2022-11-05 04:30:00.000 -0400,Alan,541.1,78.73,0.34,13.0,14.14,7.33
2022-11-05 04:45:00.000 -0400,Alan,546.0,77.73,0.35,13.02,14.12,7.33
2022-11-05 05:00:00.000 -0400,Alan,552.6,75.88,0.35,13.05,14.17,7.32
2022-11-05 05:15:00.000 -0400,Alan,552.0,76.45,0.35,13.07,14.25,7.31
2022-11-05 05:30:00.000 -0400,Alan,542.9,75.02,0.35,13.01,14.23,7.31
2022-11-05 05:45:00.000 -0400,Alan,541.0,76.72,0.34,12.98,14.35,7.34
2022-11-05 06:00:00.000 -0400,Alan,543.4,76.32,0.35,12.98,14.29,7.33
2022-11-05 06:15:00.000 -0400,Alan,539.4,75.96,0.34,12.98,14.66,7.33
2022-11-05 06:30:00.000 -0400,Alan,538.9,76.44,0.34,12.98,14.41,7.34
2022-11-05 06:45:00.000 -0400,Alan,539.2,75.94,0.34,13.0,14.14,7.33
2022-11-05 07:00:00.000 -0400,Alan,539.5,75.85,0.34,12.99,14.43,7.34
2022-11-05 07:15:00.000 -0400,Alan,538.3,76.08,0.34,12.98,14.39,7.34
2022-11-05 07:30:00.000 -0400,Alan,537.3,78.79,0.34,13.0,20.01,7.35
2022-11-05 07:45:00.000 -0400,Alan,538.4,77.31,0.34,13.01,16.45,7.35
2022-11-05 08:00:00.000 -0400,Alan,541.1,77.0,0.34,13.02,15.23,7.34
2022-11-05 08:15:00.000 -0400,Alan,542.6,76.26,0.35,13.0,17.18,7.33
2022-11-05 08:30:00.000 -0400,Alan,542.5,75.95,0.35,13.04,17.4,7.32
2022-11-05 08:45:00.000 -0400,Alan,546.1,74.91,0.35,13.07,21.82,7.32
2022-11-05 09:00:00.000 -0400,Alan,544.4,72.2,0.35,13.06,14.44,7.3
2022-11-05 09:15:00.000 -0400,Alan,545.8,72.94,0.35,13.09,14.6,7.3
2022-11-05 09:30:00.000 -0400,Alan,546.9,74.12,0.35,13.03,14.25,7.31
2022-11-05 09:45:00.000 -0400,Alan,545.4,74.33,0.35,13.14,14.06,7.3
2022-11-05 10:00:00.000 -0400,Alan,549.3,77.52,0.35,13.24,14.4,7.32
2022-11-05 10:15:00.000 -0400,Alan,547.3,76.7,0.35,13.2,14.54,7.31
2022-11-05 10:30:00.000 -0400,Alan,555.9,77.04,0.35,13.26,14.39,7.3
2022-11-05 10:45:00.000 -0400,Alan,560.8,76.34,0.35,13.31,14.41,7.29
2022-11-05 11:00:00.000 -0400,Alan,555.2,77.13,0.35,13.21,14.46,7.29
2022-11-05 11:15:00.000 -0400,Alan,546.4,79.51,0.35,13.19,14.61,7.31
2022-11-05 11:30:00.000 -0400,Alan,543.8,82.6,0.35,13.14,14.51,7.35
2022-11-05 11:45:00.000 -0400,Alan,543.5,84.3,0.35,13.13,14.59,7.36
2022-11-05 12:00:00.000 -0400,Alan,545.4,86.4,0.35,13.14,14.46,7.37
2022-11-05 12:15:00.000 -0400,Alan,541.5,85.9,0.34,13.16,14.27,7.37
2022-11-05 12:30:00.000 -0400,Alan,544.0,86.6,0.34,13.28,14.45,7.37
2022-11-05 12:45:00.000 -0400,Alan,546.6,86.7,0.35,13.3,14.45,7.38
2022-11-05 13:00:00.000 -0400,Alan,551.7,89.0,0.35,13.44,14.35,7.36
2022-11-05 13:15:00.000 -0400,Alan,547.4,91.9,0.35,13.39,14.48,7.38
2022-11-05 13:30:00.000 -0400,Alan,557.8,91.5,0.35,13.46,14.67,7.37
2022-11-05 13:45:00.000 -0400,Alan,556.1,89.8,0.35,13.81,13.91,7.37
2022-11-05 14:00:00.000 -0400,Alan,555.9,94.0,0.35,13.69,14.35,7.4
2022-11-05 14:15:00.000 -0400,Alan,553.9,99.4,0.35,13.69,14.79,7.42
2022-11-05 14:30:00.000 -0400,Alan,549.5,96.3,0.35,13.48,14.23,7.42
2022-11-05 14:45:00.000 -0400,Alan,558.4,102.2,0.35,13.49,14.23,7.42
2022-11-05 15:00:00.000 -0400,Alan,550.1,102.5,0.35,13.36,14.32,7.45
2022-11-05 15:15:00.000 -0400,Alan,552.9,102.2,0.35,13.62,14.23,7.44
2022-11-05 15:30:00.000 -0400,Alan,557.5,102.2,0.35,13.69,14.29,7.44
2022-11-05 15:45:00.000 -0400,Alan,562.7,100.8,0.35,13.65,14.46,7.43
2022-11-05 16:00:00.000 -0400,Alan,554.8,99.8,0.35,13.72,14.14,7.44
2022-11-05 16:15:00.000 -0400,Alan,558.6,100.9,0.35,13.7,14.39,7.43
2022-11-05 16:30:00.000 -0400,Alan,553.6,101.3,0.35,13.61,14.27,7.45
2022-11-05 16:45:00.000 -0400,Alan,550.5,100.2,0.34,13.7,14.35,7.45
2022-11-05 17:00:00.000 -0400,Alan,550.4,99.9,0.34,13.75,14.43,7.46
2022-11-05 17:15:00.000 -0400,Alan,552.6,99.5,0.34,13.89,14.74,7.46
2022-11-05 17:30:00.000 -0400,Alan,551.5,97.9,0.34,13.78,14.57,7.46
2022-11-05 17:45:00.000 -0400,Alan,558.2,99.0,0.35,13.7,14.53,7.44
2022-11-05 18:00:00.000 -0400,Alan,555.5,99.0,0.35,13.62,14.94,7.43
2022-11-05 18:15:00.000 -0400,Alan,551.2,101.3,0.35,13.57,14.7,7.46
2022-11-05 18:30:00.000 -0400,Alan,550.5,100.6,0.35,13.64,15.05,7.46
2022-11-05 18:45:00.000 -0400,Alan,551.6,99.1,0.34,13.76,14.53,7.45
2022-11-05 19:00:00.000 -0400,Alan,551.1,97.3,0.34,13.84,14.58,7.44
2022-11-05 19:15:00.000 -0400,Alan,552.8,95.8,0.35,13.7,14.26,7.43
2022-11-05 19:30:00.000 -0400,Alan,555.8,95.9,0.35,13.74,14.27,7.42
2022-11-05 19:45:00.000 -0400,Alan,557.3,96.6,0.35,13.77,14.45,7.41
2022-11-05 20:00:00.000 -0400,Alan,560.7,96.4,0.35,13.69,14.49,7.4
2022-11-05 20:15:00.000 -0400,Alan,555.4,98.1,0.35,13.63,14.35,7.42
2022-11-05 20:30:00.000 -0400,Alan,554.4,97.9,0.35,13.59,14.35,7.42
2022-11-05 20:45:00.000 -0400,Alan,555.0,98.4,0.35,13.66,14.52,7.41
2022-11-05 21:00:00.000 -0400,Alan,561.1,96.5,0.35,13.67,14.36,7.4
2022-11-05 21:15:00.000 -0400,Alan,562.5,97.4,0.35,13.69,14.4,7.39
2022-11-05 21:30:00.000 -0400,Alan,552.6,95.5,0.35,13.66,14.71,7.41
2022-11-05 21:45:00.000 -0400,Alan,552.0,97.1,0.35,13.65,14.51,7.43
2022-11-05 22:00:00.000 -0400,Alan,552.1,96.9,0.35,13.65,14.33,7.42
2022-11-05 22:15:00.000 -0400,Alan,551.4,96.9,0.35,13.67,14.53,7.43
2022-11-05 22:30:00.000 -0400,Alan,552.5,96.8,0.35,13.74,14.47,7.43
2022-11-05 22:45:00.000 -0400,Alan,563.7,97.0,0.35,13.67,14.82,7.42
2022-11-05 23:00:00.000 -0400,Alan,556.3,95.9,0.35,13.76,14.58,7.41
2022-11-05 23:15:00.000 -0400,Alan,555.5,95.1,0.35,13.82,14.64,7.41
2022-11-05 23:30:00.000 -0400,Alan,557.1,94.4,0.35,13.78,14.58,7.4
2022-11-05 23:45:00.000 -0400,Alan,557.5,95.0,0.35,13.7,14.82,7.41
2022-11-06 00:00:00.000 -0400,Alan,557.6,94.3,0.35,13.75,14.79,7.4
2022-11-06 00:15:00.000 -0400,Alan,555.8,93.7,0.35,13.8,14.75,7.4
2022-11-06 00:30:00.000 -0400,Alan,557.1,93.5,0.35,13.75,15.15,7.39
2022-11-06 00:45:00.000 -0400,Alan,555.7,94.3,0.35,13.74,15.17,7.4
2022-11-06 01:00:00.000 -0500,Alan,559.2,91.9,0.35,13.67,14.91,7.39
2022-11-06 01:15:00.000 -0500,Alan,556.6,91.3,0.35,13.67,14.98,7.38
2022-11-06 01:30:00.000 -0500,Alan,557.2,92.6,0.35,13.57,14.96,7.38
2022-11-06 01:45:00.000 -0500,Alan,557.1,92.7,0.35,13.62,15.14,7.39
2022-11-06 02:00:00.000 -0500,Alan,555.8,92.6,0.35,13.72,15.05,7.39
2022-11-06 02:15:00.000 -0500,Alan,556.1,93.0,0.35,13.74,15.12,7.39
2022-11-06 02:30:00.000 -0500,Alan,557.0,91.8,0.35,13.75,15.18,7.38
2022-11-06 02:45:00.000 -0500,Alan,558.9,91.4,0.35,13.81,15.18,7.38
2022-11-06 03:00:00.000 -0500,Alan,558.9,90.0,0.35,13.76,15.17,7.37
2022-11-06 03:15:00.000 -0500,Alan,563.9,90.9,0.35,13.71,15.32,7.37
2022-11-06 03:30:00.000 -0500,Alan,563.9,90.4,0.35,13.74,15.23,7.37
2022-11-06 03:45:00.000 -0500,Alan,554.3,90.0,0.35,13.74,15.26,7.38
2022-11-06 04:00:00.000 -0500,Alan,549.1,90.1,0.34,13.87,15.23,7.4
2022-11-06 04:15:00.000 -0500,Alan,553.5,89.8,0.35,13.75,15.28,7.39
2022-11-06 04:30:00.000 -0500,Alan,554.0,89.1,0.35,13.73,15.56,7.38
2022-11-06 04:45:00.000 -0500,Alan,555.0,87.6,0.35,13.72,15.43,7.37
2022-11-06 05:00:00.000 -0500,Alan,563.9,87.4,0.35,13.67,15.39,7.35
2022-11-06 05:15:00.000 -0500,Alan,565.0,87.0,0.35,13.64,15.56,7.34
2022-11-06 05:30:00.000 -0500,Alan,557.4,87.3,0.35,13.74,15.38,7.36
2022-11-06 05:45:00.000 -0500,Alan,550.0,87.2,0.34,13.81,15.43,7.38
2022-11-06 06:00:00.000 -0500,Alan,549.9,85.4,0.34,13.78,15.34,7.38
2022-11-06 06:15:00.000 -0500,Alan,549.9,86.5,0.34,13.84,15.56,7.39
2022-11-06 06:30:00.000 -0500,Alan,550.7,84.9,0.34,13.77,15.63,7.37
2022-11-06 06:45:00.000 -0500,Alan,549.1,85.6,0.34,13.75,15.91,7.38
2022-11-06 07:00:00.000 -0500,Alan,547.2,84.7,0.34,13.74,15.74,7.38
2022-11-06 07:15:00.000 -0500,Alan,545.7,83.7,0.34,13.79,15.7,7.37
2022-11-06 07:30:00.000 -0500,Alan,548.5,83.6,0.34,13.8,15.61,7.37
2022-11-06 07:45:00.000 -0500,Alan,548.1,86.4,0.34,13.77,15.79,7.39
2022-11-06 08:00:00.000 -0500,Alan,548.7,85.4,0.34,13.74,15.68,7.38
2022-11-06 08:15:00.000 -0500,Alan,550.6,81.8,0.34,13.74,15.81,7.34
2022-11-06 08:30:00.000 -0500,Alan,552.7,80.3,0.35,13.7,15.97,7.33
2022-11-06 08:45:00.000 -0500,Alan,551.0,83.3,0.34,13.81,15.85,7.35
2022-11-06 09:00:00.000 -0500,Alan,549.2,80.9,0.34,13.79,15.9,7.33
2022-11-06 09:15:00.000 -0500,Alan,559.5,77.96,0.35,13.81,15.9,7.29
2022-11-06 09:30:00.000 -0500,Alan,557.6,78.57,0.35,13.79,16.15,7.3
2022-11-06 09:45:00.000 -0500,Alan,555.5,81.0,0.35,13.79,15.76,7.32
2022-11-06 10:00:00.000 -0500,Alan,553.6,80.1,0.35,13.8,15.64,7.33
2022-11-06 10:15:00.000 -0500,Alan,553.0,83.1,0.35,13.84,15.7,7.35
2022-11-06 10:30:00.000 -0500,Alan,558.8,84.6,0.35,13.67,15.97,7.34
2022-11-06 10:45:00.000 -0500,Alan,560.4,80.9,0.35,13.62,16.23,7.32
2022-11-06 11:00:00.000 -0500,Alan,555.4,79.77,0.35,13.85,16.0,7.3
2022-11-06 11:15:00.000 -0500,Alan,568.3,81.4,0.35,13.92,16.26,7.3
2022-11-06 11:30:00.000 -0500,Alan,555.1,81.1,0.34,14.06,15.93,7.33
2022-11-06 11:45:00.000 -0500,Alan,560.8,77.07,0.35,13.95,16.24,7.28
2022-11-06 12:00:00.000 -0500,Alan,554.6,83.8,0.35,13.97,15.97,7.34
2022-11-06 12:15:00.000 -0500,Alan,557.7,82.3,0.35,13.86,16.02,7.33
2022-11-06 12:30:00.000 -0500,Alan,560.3,79.26,0.35,13.88,16.22,7.31
2022-11-06 12:45:00.000 -0500,Alan,555.9,83.8,0.35,13.99,16.06,7.34
2022-11-06 13:00:00.000 -0500,Alan,554.1,86.1,0.34,14.09,15.92,7.37
2022-11-06 13:15:00.000 -0500,Alan,552.8,86.0,0.34,14.18,15.78,7.38
2022-11-06 13:30:00.000 -0500,Alan,547.9,87.9,0.34,14.05,15.74,7.39
2022-11-06 13:45:00.000 -0500,Alan,547.1,86.5,0.34,14.06,15.73,7.41
2022-11-06 14:00:00.000 -0500,Alan,549.9,83.5,0.34,14.21,15.69,7.4
2022-11-06 14:15:00.000 -0500,Alan,545.4,87.3,0.34,14.29,16.02,7.41
2022-11-06 14:30:00.000 -0500,Alan,548.9,87.8,0.34,14.32,15.93,7.42
2022-11-06 14:45:00.000 -0500,Alan,549.7,88.2,0.34,14.18,16.07,7.42
2022-11-06 15:00:00.000 -0500,Alan,548.2,88.2,0.34,14.18,15.97,7.4
2022-11-06 15:15:00.000 -0500,Alan,548.8,87.4,0.34,13.99,16.29,7.42
2022-11-06 15:30:00.000 -0500,Alan,555.8,80.2,0.35,13.91,16.26,7.33
2022-11-06 15:45:00.000 -0500,Alan,556.4,77.7,0.35,13.89,16.57,7.31
2022-11-06 16:00:00.000 -0500,Alan,555.1,79.23,0.35,13.9,16.64,7.32
2022-11-06 16:15:00.000 -0500,Alan,557.3,81.3,0.35,13.91,16.33,7.33
2022-11-06 16:30:00.000 -0500,Alan,553.9,85.3,0.34,13.93,16.37,7.36
2022-11-06 16:45:00.000 -0500,Alan,553.8,87.8,0.34,14.0,16.27,7.37
2022-11-06 17:00:00.000 -0500,Alan,553.0,90.3,0.34,14.0,16.45,7.39
2022-11-06 17:15:00.000 -0500,Alan,553.2,89.0,0.34,14.02,16.46,7.39
2022-11-06 17:30:00.000 -0500,Alan,554.0,88.8,0.34,13.97,16.55,7.39
2022-11-06 17:45:00.000 -0500,Alan,552.8,90.7,0.34,14.21,16.58,7.41
2022-11-06 18:00:00.000 -0500,Alan,552.5,92.1,0.34,14.32,16.63,7.42
2022-11-06 18:15:00.000 -0500,Alan,551.8,92.4,0.34,14.25,16.69,7.43
2022-11-06 18:30:00.000 -0500,Alan,551.3,90.2,0.34,14.2,16.9,7.42
2022-11-06 18:45:00.000 -0500,Alan,553.6,88.9,0.34,14.17,17.2,7.41
2022-11-06 19:00:00.000 -0500,Alan,550.5,90.1,0.34,14.23,16.92,7.42
2022-11-06 19:15:00.000 -0500,Alan,555.1,90.0,0.34,14.05,16.73,7.4
2022-11-06 19:30:00.000 -0500,Alan,552.7,91.3,0.34,14.21,16.84,7.42
2022-11-06 19:45:00.000 -0500,Alan,557.8,86.4,0.35,14.1,17.12,7.38
2022-11-06 20:00:00.000 -0500,Alan,555.6,88.9,0.34,14.11,17.0,7.39
2022-11-06 20:15:00.000 -0500,Alan,555.0,86.7,0.34,14.06,16.79,7.38
2022-11-06 20:30:00.000 -0500,Alan,565.9,82.6,0.35,14.05,16.98,7.35
2022-11-06 20:45:00.000 -0500,Alan,558.3,83.8,0.35,14.13,17.15,7.34
2022-11-06 21:00:00.000 -0500,Alan,555.0,85.7,0.34,14.21,16.99,7.36
2022-11-06 21:15:00.000 -0500,Alan,558.3,85.8,0.35,14.17,16.83,7.36
2022-11-06 21:30:00.000 -0500,Alan,553.9,84.5,0.34,14.15,16.97,7.36
2022-11-06 21:45:00.000 -0500,Alan,558.5,85.7,0.35,14.24,17.07,7.38
2022-11-06 22:00:00.000 -0500,Alan,560.3,86.0,0.35,14.18,17.19,7.36
2022-11-06 22:15:00.000 -0500,Alan,559.4,85.3,0.35,14.21,17.18,7.36
2022-11-06 22:30:00.000 -0500,Alan,559.8,84.0,0.35,14.21,17.34,7.35
2022-11-06 22:45:00.000 -0500,Alan,558.5,83.0,0.35,14.14,17.06,7.35
2022-11-06 23:00:00.000 -0500,Alan,563.7,82.1,0.35,14.28,17.02,7.33
2022-11-06 23:15:00.000 -0500,Alan,567.7,81.9,0.35,14.18,17.23,7.32
2022-11-06 23:30:00.000 -0500,Alan,568.1,82.6,0.35,14.08,17.74,7.33
2022-11-06 23:45:00.000 -0500,Alan,561.6,80.3,0.35,14.1,17.34,7.31
2022-11-07 00:00:00.000 -0500,Alan,558.9,83.0,0.35,14.17,17.18,7.32
2022-11-07 00:15:00.000 -0500,Alan,571.0,80.3,0.35,14.32,17.46,7.3
2022-11-07 00:30:00.000 -0500,Alan,570.9,82.6,0.35,14.43,17.4,7.31
2022-11-07 00:45:00.000 -0500,Alan,573.2,80.7,0.35,14.44,17.66,7.3
2022-11-07 01:00:00.000 -0500,Alan,567.9,80.9,0.35,14.32,17.67,7.31
2022-11-07 01:15:00.000 -0500,Alan,568.7,81.8,0.35,14.14,17.53,7.31
2022-11-07 01:30:00.000 -0500,Alan,566.7,78.63,0.35,14.14,17.62,7.29
2022-11-07 01:45:00.000 -0500,Alan,562.9,79.44,0.35,14.16,17.73,7.3
2022-11-07 02:00:00.000 -0500,Alan,577.8,77.84,0.36,14.2,18.0,7.28
2022-11-07 02:15:00.000 -0500,Alan,566.2,78.97,0.35,14.37,17.54,7.28
2022-11-07 02:30:00.000 -0500,Alan,565.7,82.2,0.35,14.36,17.59,7.33
2022-11-07 02:45:00.000 -0500,Alan,565.9,81.1,0.35,14.22,17.66,7.32
2022-11-07 03:00:00.000 -0500,Alan,570.2,79.12,0.35,14.24,17.61,7.29
2022-11-07 03:15:00.000 -0500,Alan,565.5,77.14,0.35,14.31,17.75,7.3
2022-11-07 03:30:00.000 -0500,Alan,571.6,77.03,0.35,14.28,17.85,7.3
2022-11-07 03:45:00.000 -0500,Alan,570.0,75.64,0.35,14.26,17.93,7.28
2022-11-07 04:00:00.000 -0500,Alan,567.4,78.09,0.35,14.35,18.15,7.3
2022-11-07 04:15:00.000 -0500,Alan,579.1,76.13,0.36,14.45,17.89,7.27
2022-11-07 04:30:00.000 -0500,Alan,577.2,75.14,0.36,14.44,17.57,7.25
2022-11-07 04:45:00.000 -0500,Alan,571.0,74.62,0.35,14.32,17.8,7.27
2022-11-07 05:00:00.000 -0500,Alan,573.0,72.31,0.35,14.19,17.95,7.25
2022-11-07 05:15:00.000 -0500,Alan,566.1,75.86,0.35,14.13,17.98,7.28
2022-11-07 05:30:00.000 -0500,Alan,567.3,76.17,0.35,14.09,17.73,7.28
2022-11-07 05:45:00.000 -0500,Alan,568.6,75.53,0.35,14.22,17.84,7.28
2022-11-07 06:00:00.000 -0500,Alan,569.2,76.04,0.35,14.32,18.46,7.29
2022-11-07 06:15:00.000 -0500,Alan,573.0,78.31,0.35,14.42,18.1,7.29
2022-11-07 06:30:00.000 -0500,Alan,577.1,75.77,0.36,14.44,18.16,7.27
2022-11-07 06:45:00.000 -0500,Alan,579.5,75.23,0.36,14.45,18.1,7.26
2022-11-07 07:00:00.000 -0500,Alan,575.8,73.65,0.36,14.32,18.02,7.26
2022-11-07 07:15:00.000 -0500,Alan,579.6,73.16,0.36,14.41,18.06,7.26
2022-11-07 07:30:00.000 -0500,Alan,588.4,70.85,0.36,14.39,17.85,7.22
2022-11-07 07:45:00.000 -0500,Alan,589.7,71.68,0.36,14.5,17.89,7.22
2022-11-07 08:00:00.000 -0500,Alan,597.4,71.09,0.37,14.52,17.74,7.2
2022-11-07 08:15:00.000 -0500,Alan,587.6,75.44,0.36,14.53,17.87,7.25
2022-11-07 08:30:00.000 -0500,Alan,590.4,73.52,0.36,14.62,18.16,7.24
2022-11-07 08:45:00.000 -0500,Alan,588.0,73.84,0.36,14.55,18.23,7.24
2022-11-07 09:00:00.000 -0500,Alan,589.7,69.38,0.36,14.34,18.57,7.21
2022-11-07 09:15:00.000 -0500,Alan,593.5,68.39,0.37,14.21,18.26,7.18
2022-11-07 09:30:00.000 -0500,Alan,605.4,68.89,0.37,14.39,18.42,7.19
2022-11-07 09:45:00.000 -0500,Alan,612.6,64.56,0.38,14.43,18.35,7.15
2022-11-07 10:00:00.000 -0500,Alan,584.3,67.79,0.36,14.28,18.36,7.19
2022-11-07 10:15:00.000 -0500,Alan,585.2,72.94,0.36,14.38,18.55,7.23
2022-11-07 10:30:00.000 -0500,Alan,575.6,72.72,0.35,14.38,17.95,7.24
2022-11-07 10:45:00.000 -0500,Alan,592.0,74.84,0.36,14.53,18.36,7.23
2022-11-07 11:00:00.000 -0500,Alan,585.2,75.79,0.36,14.51,18.44,7.24
2022-11-07 11:15:00.000 -0500,Alan,583.0,77.12,0.36,14.67,18.04,7.22
2022-11-07 11:30:00.000 -0500,Alan,583.0,79.5,0.36,14.65,18.43,7.25
2022-11-07 11:45:00.000 -0500,Alan,585.6,86.1,0.36,14.91,18.4,7.3
2022-11-07 12:00:00.000 -0500,Alan,579.6,82.8,0.35,14.99,18.22,7.28
2022-11-07 12:15:00.000 -0500,Alan,592.8,81.9,0.36,15.2,18.35,7.24
2022-11-07 12:30:00.000 -0500,Alan,617.5,70.75,0.37,15.22,18.33,7.14
2022-11-07 12:45:00.000 -0500,Alan,606.7,76.52,0.37,14.98,18.27,7.2
2022-11-07 13:00:00.000 -0500,Alan,597.2,82.3,0.36,14.94,18.13,7.25
2022-11-07 13:15:00.000 -0500,Alan,605.3,82.4,0.37,15.28,18.02,7.24
2022-11-07 13:30:00.000 -0500,Alan,617.8,83.4,0.37,15.62,17.95,7.23
2022-11-07 13:45:00.000 -0500,Alan,620.9,78.43,0.37,15.68,18.31,7.18
2022-11-07 14:00:00.000 -0500,Alan,635.9,76.99,0.38,15.38,18.18,7.17
2022-11-07 14:15:00.000 -0500,Alan,638.2,74.11,0.39,15.03,18.06,7.14
2022-11-07 14:30:00.000 -0500,Alan,635.7,74.88,0.39,15.08,18.38,7.14
2022-11-07 14:45:00.000 -0500,Alan,622.0,72.79,0.38,14.76,18.32,7.15
2022-11-07 15:00:00.000 -0500,Alan,635.8,76.96,0.39,15.11,18.75,7.15
2022-11-07 15:15:00.000 -0500,Alan,596.6,88.6,0.36,15.09,18.25,7.25
2022-11-07 15:30:00.000 -0500,Alan,605.3,80.9,0.37,14.91,18.49,7.21
2022-11-07 15:45:00.000 -0500,Alan,621.7,79.11,0.38,14.91,18.32,7.18
2022-11-07 16:00:00.000 -0500,Alan,610.4,84.2,0.37,15.13,17.7,7.23
2022-11-07 16:15:00.000 -0500,Alan,607.3,85.8,0.36,15.51,17.75,7.25
2022-11-07 16:30:00.000 -0500,Alan,614.6,87.1,0.37,15.87,17.76,7.25
2022-11-07 16:45:00.000 -0500,Alan,616.4,89.3,0.37,16.08,17.5,7.27
2022-11-07 17:00:00.000 -0500,Alan,621.1,85.4,0.37,15.68,17.72,7.23
2022-11-07 17:15:00.000 -0500,Alan,620.1,76.89,0.38,15.1,18.15,7.19
2022-11-07 17:30:00.000 -0500,Alan,618.6,78.24,0.38,15.07,17.93,7.21
2022-11-07 17:45:00.000 -0500,Alan,612.8,74.08,0.37,15.19,18.05,7.18
2022-11-07 18:00:00.000 -0500,Alan,620.9,75.5,0.38,15.1,18.35,7.16
2022-11-07 18:15:00.000 -0500,Alan,610.9,76.67,0.37,15.04,18.36,7.19
2022-11-07 18:30:00.000 -0500,Alan,586.4,85.3,0.36,15.1,17.66,7.28
2022-11-07 18:45:00.000 -0500,Alan,589.1,85.4,0.36,15.09,18.33,7.27
2022-11-07 19:00:00.000 -0500,Alan,597.7,87.7,0.36,15.19,18.9,7.28
2022-11-07 19:15:00.000 -0500,Alan,594.9,86.0,0.36,15.16,18.24,7.27
2022-11-07 19:30:00.000 -0500,Alan,591.3,89.0,0.36,15.2,18.35,7.3
2022-11-07 19:45:00.000 -0500,Alan,584.5,88.4,0.36,14.99,18.47,7.31
2022-11-07 20:00:00.000 -0500,Alan,583.4,90.7,0.35,15.19,18.4,7.31
2022-11-07 20:15:00.000 -0500,Alan,594.8,85.1,0.36,15.0,18.62,7.28
2022-11-07 20:30:00.000 -0500,Alan,596.4,85.4,0.36,15.06,18.18,7.27
2022-11-07 20:45:00.000 -0500,Alan,596.2,88.3,0.36,15.32,18.69,7.28
2022-11-07 21:00:00.000 -0500,Alan,581.8,92.4,0.35,15.6,17.79,7.33
2022-11-07 21:15:00.000 -0500,Alan,602.4,87.9,0.36,15.4,17.91,7.29
2022-11-07 21:30:00.000 -0500,Alan,605.7,86.6,0.36,15.56,18.53,7.26
2022-11-07 21:45:00.000 -0500,Alan,616.7,80.8,0.37,15.4,18.22,7.21
2022-11-07 22:00:00.000 -0500,Alan,640.1,77.22,0.39,15.43,18.67,7.17
2022-11-07 22:15:00.000 -0500,Alan,628.9,81.7,0.38,15.46,18.93,7.2
2022-11-07 22:30:00.000 -0500,Alan,620.7,81.0,0.37,15.4,18.6,7.22
2022-11-07 22:45:00.000 -0500,Alan,615.4,78.75,0.37,15.11,18.69,7.22
2022-11-07 23:00:00.000 -0500,Alan,614.7,77.35,0.37,15.06,18.53,7.22
2022-11-07 23:15:00.000 -0500,Alan,615.7,76.77,0.37,15.06,18.9,7.22
2022-11-07 23:30:00.000 -0500,Alan,610.8,77.92,0.37,15.16,18.51,7.26
2022-11-07 23:45:00.000 -0500,Alan,598.5,80.8,0.36,15.24,18.66,7.33
2022-11-08 00:00:00.000 -0500,Alan,592.4,82.1,0.36,15.3,18.38,7.38
2022-11-08 00:15:00.000 -0500,Alan,594.6,80.1,0.36,15.27,18.39,7.34
2022-11-08 00:30:00.000 -0500,Alan,592.6,76.31,0.36,15.25,18.42,7.34
2022-11-08 00:45:00.000 -0500,Alan,592.2,78.15,0.36,15.22,18.48,7.35
2022-11-08 01:00:00.000 -0500,Alan,590.9,76.01,0.36,15.18,18.48,7.35
2022-11-08 01:15:00.000 -0500,Alan,585.8,83.4,0.35,15.11,17.95,7.39
2022-11-08 01:30:00.000 -0500,Alan,586.6,81.8,0.36,15.06,18.14,7.39
2022-11-08 01:45:00.000 -0500,Alan,583.9,80.1,0.35,15.02,18.28,7.38
2022-11-08 02:00:00.000 -0500,Alan,583.5,80.7,0.35,14.95,18.47,7.38
2022-11-08 02:15:00.000 -0500,Alan,582.9,80.2,0.35,14.93,18.33,7.38
2022-11-08 02:30:00.000 -0500,Alan,581.6,80.1,0.35,14.88,18.37,7.38
2022-11-08 02:45:00.000 -0500,Alan,581.3,80.6,0.35,14.83,18.5,7.39
2022-11-08 03:00:00.000 -0500,Alan,578.3,78.34,0.35,14.78,18.63,7.39
2022-11-08 03:15:00.000 -0500,Alan,576.9,78.87,0.35,14.72,18.64,7.4
2022-11-08 03:30:00.000 -0500,Alan,575.7,79.16,0.35,14.69,18.48,7.39
2022-11-08 03:45:00.000 -0500,Alan,574.9,78.26,0.35,14.66,18.62,7.39
2022-11-08 04:00:00.000 -0500,Alan,574.9,76.42,0.35,14.61,18.75,7.38
2022-11-08 04:15:00.000 -0500,Alan,573.7,76.98,0.35,14.58,18.81,7.39
2022-11-08 04:30:00.000 -0500,Alan,572.5,75.69,0.35,14.52,18.79,7.38
2022-11-08 04:45:00.000 -0500,Alan,572.0,74.74,0.35,14.49,18.71,7.38
2022-11-08 05:00:00.000 -0500,Alan,571.7,74.93,0.35,14.44,19.01,7.38
2022-11-08 05:15:00.000 -0500,Alan,571.5,75.05,0.35,14.38,19.08,7.38
2022-11-08 05:30:00.000 -0500,Alan,571.0,77.29,0.35,14.33,19.52,7.39
2022-11-08 05:45:00.000 -0500,Alan,570.2,76.78,0.35,14.3,19.09,7.38
2022-11-08 06:00:00.000 -0500,Alan,569.3,76.09,0.35,14.25,18.91,7.38
2022-11-08 06:15:00.000 -0500,Alan,569.4,75.59,0.35,14.2,20.47,7.39
2022-11-08 06:30:00.000 -0500,Alan,568.0,74.58,0.35,14.16,18.93,7.38
2022-11-08 06:45:00.000 -0500,Alan,567.6,73.22,0.35,14.12,18.99,7.37
2022-11-08 07:00:00.000 -0500,Alan,567.2,73.51,0.35,14.07,19.04,7.37
2022-11-08 07:15:00.000 -0500,Alan,566.4,72.58,0.35,14.02,19.01,7.37
2022-11-08 07:30:00.000 -0500,Alan,565.7,72.28,0.35,14.0,19.11,7.37
2022-11-08 07:45:00.000 -0500,Alan,565.9,76.62,0.35,13.96,19.35,7.4
2022-11-08 08:00:00.000 -0500,Alan,564.7,76.59,0.35,13.91,19.6,7.4
2022-11-08 08:15:00.000 -0500,Alan,564.4,75.63,0.35,13.86,20.01,7.39
2022-11-08 08:30:00.000 -0500,Alan,564.2,76.8,0.35,13.81,19.61,7.39
2022-11-08 08:45:00.000 -0500,Alan,563.3,77.32,0.35,13.77,19.98,7.4
2022-11-08 09:00:00.000 -0500,Alan,562.4,77.78,0.35,13.74,20.03,7.4
2022-11-08 09:15:00.000 -0500,Alan,563.0,76.22,0.35,13.72,19.62,7.39
2022-11-08 09:30:00.000 -0500,Alan,562.6,76.97,0.35,13.69,20.15,7.39
2022-11-08 09:45:00.000 -0500,Alan,562.0,76.79,0.35,13.66,18.98,7.39
2022-11-08 10:00:00.000 -0500,Alan,562.2,76.35,0.35,13.65,19.29,7.38
2022-11-08 10:15:00.000 -0500,Alan,562.0,75.04,0.35,13.65,19.79,7.37
2022-11-08 10:30:00.000 -0500,Alan,562.6,76.47,0.35,13.67,21.16,7.37
2022-11-08 10:45:00.000 -0500,Alan,562.1,74.75,0.35,13.66,20.35,7.37
2022-11-08 11:00:00.000 -0500,Alan,563.4,75.82,0.35,13.74,19.74,7.37
2022-11-08 11:15:00.000 -0500,Alan,563.5,75.6,0.35,13.78,20.93,7.37
2022-11-08 11:30:00.000 -0500,Alan,563.8,76.14,0.35,13.83,20.21,7.36
2022-11-08 11:45:00.000 -0500,Alan,563.7,76.25,0.35,13.83,18.6,7.37
2022-11-08 12:00:00.000 -0500,Alan,565.6,79.16,0.35,13.93,20.17,7.38
2022-11-08 12:15:00.000 -0500,Alan,566.2,77.52,0.35,14.01,19.12,7.38
2022-11-08 12:30:00.000 -0500,Alan,561.7,79.9,0.35,14.06,19.88,7.4
2022-11-08 12:45:00.000 -0500,Alan,557.7,80.8,0.35,14.06,19.85,7.42
2022-11-08 13:00:00.000 -0500,Alan,558.6,82.5,0.35,14.07,20.38,7.43
2022-11-08 13:15:00.000 -0500,Alan,560.3,82.1,0.35,14.07,20.74,7.42
2022-11-08 13:30:00.000 -0500,Alan,563.5,82.4,0.35,14.08,20.3,7.42
2022-11-08 13:45:00.000 -0500,Alan,561.5,83.0,0.35,14.11,21.09,7.43
2022-11-08 14:00:00.000 -0500,Alan,555.1,83.4,0.34,14.17,21.25,7.44
2022-11-08 14:15:00.000 -0500,Alan,561.6,85.7,0.35,14.21,19.45,7.45
2022-11-08 14:30:00.000 -0500,Alan,560.8,85.3,0.35,14.18,20.08,7.45
2022-11-08 14:45:00.000 -0500,Alan,561.5,86.9,0.35,14.19,20.04,7.46
2022-11-08 15:00:00.000 -0500,Alan,561.7,86.5,0.35,14.15,20.2,7.45
2022-11-08 15:15:00.000 -0500,Alan,560.4,86.3,0.35,14.19,18.88,7.46
2022-11-08 15:30:00.000 -0500,Alan,561.6,87.7,0.35,14.18,20.28,7.47
2022-11-08 15:45:00.000 -0500,Alan,560.0,86.8,0.35,14.17,20.25,7.47
2022-11-08 16:00:00.000 -0500,Alan,561.0,87.0,0.35,14.13,20.32,7.47
2022-11-08 16:15:00.000 -0500,Alan,557.9,86.9,0.35,14.12,21.03,7.47
2022-11-08 16:30:00.000 -0500,Alan,559.3,86.0,0.35,14.09,20.24,7.47
2022-11-08 16:45:00.000 -0500,Alan,557.3,85.3,0.35,14.07,20.92,7.47
2022-11-08 17:00:00.000 -0500,Alan,557.7,81.9,0.35,14.05,21.04,7.44
2022-11-08 17:15:00.000 -0500,Alan,556.8,83.0,0.35,14.01,21.84,7.45
2022-11-08 17:30:00.000 -0500,Alan,558.2,84.2,0.35,13.99,21.82,7.46
2022-11-08 17:45:00.000 -0500,Alan,560.6,86.5,0.35,13.96,19.93,7.45
2022-11-08 18:00:00.000 -0500,Alan,556.7,84.0,0.35,13.89,19.89,7.45
2022-11-08 18:15:00.000 -0500,Alan,555.7,83.2,0.35,13.86,20.43,7.45
2022-11-08 18:30:00.000 -0500,Alan,555.9,81.4,0.35,13.82,20.62,7.44
2022-11-08 18:45:00.000 -0500,Alan,555.3,82.3,0.35,13.78,20.08,7.45
2022-11-08 19:00:00.000 -0500,Alan,558.3,80.5,0.35,13.76,21.26,7.43
2022-11-08 19:15:00.000 -0500,Alan,555.4,79.39,0.35,13.72,22.83,7.42
2022-11-08 19:30:00.000 -0500,Alan,561.2,78.06,0.35,13.71,21.11,7.41
2022-11-08 19:45:00.000 -0500,Alan,556.5,79.2,0.35,13.66,22.64,7.42
2022-11-08 20:00:00.000 -0500,Alan,556.3,79.66,0.35,13.62,20.59,7.42
2022-11-08 20:15:00.000 -0500,Alan,555.4,77.05,0.35,13.58,20.57,7.4
2022-11-08 20:30:00.000 -0500,Alan,554.4,76.61,0.35,13.56,20.48,7.39
2022-11-08 20:45:00.000 -0500,Alan,554.7,74.88,0.35,13.52,20.76,7.39
2022-11-08 21:00:00.000 -0500,Alan,553.5,76.45,0.35,13.47,20.42,7.39
2022-11-08 21:15:00.000 -0500,Alan,552.7,77.11,0.35,13.41,20.26,7.4
2022-11-08 21:30:00.000 -0500,Alan,552.7,74.83,0.35,13.39,20.45,7.39
2022-11-08 21:45:00.000 -0500,Alan,551.8,74.79,0.35,13.34,20.25,7.39
2022-11-08 22:00:00.000 -0500,Alan,551.7,74.74,0.35,13.29,20.5,7.38
2022-11-08 22:15:00.000 -0500,Alan,551.7,73.31,0.35,13.26,20.4,7.37
2022-11-08 22:30:00.000 -0500,Alan,551.1,73.01,0.35,13.22,20.48,7.38
2022-11-08 22:45:00.000 -0500,Alan,549.9,76.06,0.35,13.15,22.12,7.39
2022-11-08 23:00:00.000 -0500,Alan,548.6,76.1,0.35,13.13,20.78,7.4
2022-11-08 23:15:00.000 -0500,Alan,548.3,76.39,0.35,13.08,21.95,7.4
2022-11-08 23:30:00.000 -0500,Alan,547.8,76.26,0.35,13.03,21.38,7.4
2022-11-08 23:45:00.000 -0500,Alan,545.9,75.99,0.35,13.01,20.76,7.4
2022-11-09 00:00:00.000 -0500,Alan,546.3,74.68,0.35,12.95,21.64,7.39
2022-11-09 00:15:00.000 -0500,Alan,545.6,75.43,0.35,12.89,20.4,7.39
2022-11-09 00:30:00.000 -0500,Alan,545.3,74.37,0.35,12.84,21.51,7.39
2022-11-09 00:45:00.000 -0500,Alan,544.9,74.25,0.35,12.85,21.79,7.39
2022-11-09 01:00:00.000 -0500,Alan,544.7,72.24,0.35,12.81,20.92,7.38
2022-11-09 01:15:00.000 -0500,Alan,544.6,71.24,0.35,12.79,20.89,7.36
2022-11-09 01:30:00.000 -0500,Alan,543.3,70.66,0.35,12.73,21.43,7.37
2022-11-09 01:45:00.000 -0500,Alan,544.7,67.71,0.35,12.74,24.81,7.35
2022-11-09 02:00:00.000 -0500,Alan,543.8,66.99,0.35,12.68,23.24,7.34
2022-11-09 02:15:00.000 -0500,Alan,543.7,65.84,0.35,12.65,23.93,7.34
2022-11-09 02:30:00.000 -0500,Alan,542.8,65.3,0.35,12.62,21.83,7.34
2022-11-09 02:45:00.000 -0500,Alan,543.2,65.43,0.35,12.6,21.96,7.33
2022-11-09 03:00:00.000 -0500,Alan,542.9,63.01,0.35,12.58,21.57,7.33
2022-11-09 03:15:00.000 -0500,Alan,542.6,62.9,0.35,12.55,20.82,7.32
2022-11-09 03:30:00.000 -0500,Alan,541.2,64.12,0.35,12.51,20.94,7.33
2022-11-09 03:45:00.000 -0500,Alan,540.9,64.66,0.35,12.46,20.87,7.33
2022-11-09 04:00:00.000 -0500,Alan,539.8,64.01,0.35,12.42,21.48,7.33
2022-11-09 04:15:00.000 -0500,Alan,539.8,63.59,0.35,12.41,21.1,7.33
2022-11-09 04:30:00.000 -0500,Alan,538.8,64.12,0.35,12.36,21.12,7.33
2022-11-09 04:45:00.000 -0500,Alan,538.1,64.76,0.35,12.3,21.42,7.34
2022-11-09 05:00:00.000 -0500,Alan,537.5,64.59,0.35,12.25,21.59,7.34
2022-11-09 05:15:00.000 -0500,Alan,536.7,64.16,0.35,12.22,21.36,7.33
2022-11-09 05:30:00.000 -0500,Alan,536.4,63.56,0.35,12.15,21.34,7.33
2022-11-09 05:45:00.000 -0500,Alan,535.6,63.75,0.35,12.12,21.34,7.33
2022-11-09 06:00:00.000 -0500,Alan,534.9,62.58,0.35,12.07,21.48,7.33
2022-11-09 06:15:00.000 -0500,Alan,534.5,61.64,0.35,12.02,21.31,7.33
2022-11-09 06:30:00.000 -0500,Alan,533.7,62.69,0.35,11.98,21.4,7.33
2022-11-09 06:45:00.000 -0500,Alan,534.0,61.41,0.35,11.95,21.42,7.32
2022-11-09 07:00:00.000 -0500,Alan,532.9,59.99,0.35,11.87,21.43,7.31
2022-11-09 07:15:00.000 -0500,Alan,532.4,59.85,0.35,11.87,21.44,7.31
2022-11-09 07:30:00.000 -0500,Alan,532.3,59.65,0.35,11.82,21.7,7.32
2022-11-09 07:45:00.000 -0500,Alan,531.1,60.35,0.35,11.78,21.35,7.32
2022-11-09 08:00:00.000 -0500,Alan,530.2,61.67,0.35,11.7,21.42,7.32
2022-11-09 08:15:00.000 -0500,Alan,529.6,61.45,0.35,11.67,21.88,7.33
2022-11-09 08:30:00.000 -0500,Alan,529.1,63.13,0.35,11.63,21.84,7.33
2022-11-09 08:45:00.000 -0500,Alan,528.9,63.07,0.35,11.56,23.34,7.33
2022-11-09 09:00:00.000 -0500,Alan,529.1,63.23,0.35,11.59,24.52,7.34
2022-11-09 09:15:00.000 -0500,Alan,528.2,62.95,0.35,11.58,22.08,7.33
2022-11-09 09:30:00.000 -0500,Alan,527.6,63.38,0.35,11.59,21.68,7.34
2022-11-09 09:45:00.000 -0500,Alan,527.7,62.48,0.35,11.62,22.19,7.34
2022-11-09 10:00:00.000 -0500,Alan,528.2,61.08,0.35,11.68,22.21,7.33
2022-11-09 10:15:00.000 -0500,Alan,529.2,60.86,0.35,11.77,22.21,7.33
2022-11-09 10:30:00.000 -0500,Alan,529.9,61.4,0.35,11.86,23.43,7.33
2022-11-09 10:45:00.000 -0500,Alan,530.1,62.44,0.35,11.88,23.88,7.34
2022-11-09 11:00:00.000 -0500,Alan,533.6,63.35,0.35,12.3,23.37,7.35
2022-11-09 11:15:00.000 -0500,Alan,533.7,63.76,0.35,12.37,23.72,7.36
2022-11-09 11:30:00.000 -0500,Alan,534.4,64.37,0.35,12.42,24.97,7.37
2022-11-09 11:45:00.000 -0500,Alan,536.1,64.71,0.35,12.55,22.54,7.37
2022-11-09 12:00:00.000 -0500,Alan,536.3,64.47,0.35,12.59,23.75,7.37
2022-11-09 12:15:00.000 -0500,Alan,537.2,63.66,0.34,12.68,25.19,7.37
2022-11-09 12:30:00.000 -0500,Alan,538.0,65.83,0.35,12.69,24.99,7.38
2022-11-09 12:45:00.000 -0500,Alan,538.7,65.63,0.34,12.8,26.34,7.38
2022-11-09 13:00:00.000 -0500,Alan,538.5,65.97,0.35,12.74,24.84,7.38
2022-11-09 13:15:00.000 -0500,Alan,538.3,67.47,0.35,12.7,23.1,7.39
2022-11-09 13:30:00.000 -0500,Alan,538.5,66.76,0.35,12.65,25.78,7.38
2022-11-09 13:45:00.000 -0500,Alan,535.0,65.99,0.34,12.57,26.78,7.38
2022-11-09 14:00:00.000 -0500,Alan,535.4,66.23,0.34,12.6,25.86,7.38
2022-11-09 14:15:00.000 -0500,Alan,535.5,65.86,0.34,12.57,24.46,7.38
2022-11-09 14:30:00.000 -0500,Alan,536.6,65.25,0.34,12.65,26.55,7.37
2022-11-09 14:45:00.000 -0500,Alan,535.4,63.85,0.34,12.56,25.66,7.37
2022-11-09 15:00:00.000 -0500,Alan,534.2,65.66,0.34,12.54,26.54,7.38
2022-11-09 15:15:00.000 -0500,Alan,535.1,65.28,0.34,12.57,27.78,7.37
2022-11-09 15:30:00.000 -0500,Alan,535.2,64.61,0.34,12.6,26.95,7.37
2022-11-09 15:45:00.000 -0500,Alan,536.1,65.27,0.34,12.64,23.96,7.37
2022-11-09 16:00:00.000 -0500,Alan,536.3,63.17,0.34,12.64,23.67,7.36
2022-11-09 16:15:00.000 -0500,Alan,536.8,62.24,0.34,12.66,28.94,7.35
2022-11-09 16:30:00.000 -0500,Alan,537.4,62.23,0.35,12.66,25.53,7.35
2022-11-09 16:45:00.000 -0500,Alan,538.0,62.2,0.35,12.7,25.56,7.34
2022-11-09 17:00:00.000 -0500,Alan,537.7,63.04,0.35,12.68,26.19,7.33
2022-11-09 17:15:00.000 -0500,Alan,537.4,61.88,0.35,12.66,25.65,7.33
2022-11-09 17:30:00.000 -0500,Alan,536.5,62.22,0.35,12.63,27.42,7.34
2022-11-09 17:45:00.000 -0500,Alan,536.4,61.87,0.35,12.61,25.73,7.34
2022-11-09 18:00:00.000 -0500,Alan,536.7,64.7,0.35,12.59,25.29,7.34
2022-11-09 18:15:00.000 -0500,Alan,537.2,61.51,0.35,12.62,25.51,7.33
2022-11-09 18:30:00.000 -0500,Alan,536.9,60.96,0.35,12.59,25.29,7.33
2022-11-09 18:45:00.000 -0500,Alan,536.6,58.97,0.35,12.6,26.6,7.33
2022-11-09 19:00:00.000 -0500,Alan,536.5,61.13,0.35,12.59,25.5,7.33
2022-11-09 19:15:00.000 -0500,Alan,536.6,61.64,0.35,12.6,26.47,7.33
2022-11-09 19:30:00.000 -0500,Alan,536.8,63.78,0.35,12.59,25.33,7.34
2022-11-09 19:45:00.000 -0500,Alan,537.0,64.12,0.35,12.54,25.38,7.35
2022-11-09 20:00:00.000 -0500,Alan,536.9,67.92,0.35,12.53,25.63,7.37
2022-11-09 20:15:00.000 -0500,Alan,537.4,67.72,0.35,12.49,25.21,7.38
2022-11-09 20:30:00.000 -0500,Alan,536.7,66.8,0.35,12.47,25.75,7.38
2022-11-09 20:45:00.000 -0500,Alan,536.0,69.57,0.35,12.42,25.76,7.39
2022-11-09 21:00:00.000 -0500,Alan,536.2,67.8,0.35,12.39,26.97,7.39
2022-11-09 21:15:00.000 -0500,Alan,536.2,66.06,0.35,12.36,27.4,7.38
2022-11-09 21:30:00.000 -0500,Alan,536.8,65.1,0.35,12.34,28.04,7.36
2022-11-09 21:45:00.000 -0500,Alan,535.1,65.5,0.35,12.3,27.6,7.36
2022-11-09 22:00:00.000 -0500,Alan,534.6,64.11,0.35,12.26,28.81,7.36
2022-11-09 22:15:00.000 -0500,Alan,533.8,64.9,0.35,12.21,26.16,7.37
2022-11-09 22:30:00.000 -0500,Alan,534.1,64.32,0.35,12.17,25.69,7.37
2022-11-09 22:45:00.000 -0500,Alan,534.4,64.05,0.35,12.14,25.78,7.37
2022-11-09 23:00:00.000 -0500,Alan,534.4,63.58,0.35,12.1,25.84,7.36
2022-11-09 23:15:00.000 -0500,Alan,533.8,63.61,0.35,12.08,25.94,7.35
2022-11-09 23:30:00.000 -0500,Alan,532.4,62.46,0.35,12.03,26.21,7.35
2022-11-09 23:45:00.000 -0500,Alan,532.2,62.81,0.35,11.99,26.39,7.36
2022-11-10 00:00:00.000 -0500,Alan,531.4,63.82,0.35,11.95,26.3,7.36
2022-11-10 00:15:00.000 -0500,Alan,531.3,62.72,0.35,11.91,26.37,7.36
2022-11-10 00:30:00.000 -0500,Alan,530.2,63.28,0.35,11.87,25.68,7.36
2022-11-10 00:45:00.000 -0500,Alan,530.2,63.68,0.35,11.84,26.14,7.36
2022-11-10 01:00:00.000 -0500,Alan,530.0,63.43,0.35,11.8,25.73,7.35
2022-11-10 01:15:00.000 -0500,Alan,529.2,63.1,0.35,11.77,25.02,7.35
2022-11-10 01:30:00.000 -0500,Alan,528.7,62.87,0.35,11.72,25.56,7.35
2022-11-10 01:45:00.000 -0500,Alan,528.0,62.61,0.35,11.68,25.54,7.35
2022-11-10 02:00:00.000 -0500,Alan,527.1,62.3,0.35,11.63,25.59,7.36
2022-11-10 02:15:00.000 -0500,Alan,527.0,61.54,0.35,11.61,25.77,7.36
2022-11-10 02:30:00.000 -0500,Alan,527.2,60.98,0.35,11.56,26.0,7.35
2022-11-10 02:45:00.000 -0500,Alan,526.3,61.47,0.35,11.52,25.82,7.35
2022-11-10 03:00:00.000 -0500,Alan,526.0,60.88,0.35,11.48,25.93,7.35
2022-11-10 03:15:00.000 -0500,Alan,525.3,61.14,0.35,11.43,26.19,7.35
2022-11-10 03:30:00.000 -0500,Alan,525.4,61.59,0.35,11.4,26.04,7.35
2022-11-10 03:45:00.000 -0500,Alan,525.0,60.86,0.35,11.35,26.26,7.34
2022-11-10 04:00:00.000 -0500,Alan,524.3,60.95,0.35,11.32,26.52,7.34
2022-11-10 04:15:00.000 -0500,Alan,524.5,62.07,0.35,11.28,28.48,7.35
2022-11-10 04:30:00.000 -0500,Alan,523.5,60.4,0.35,11.23,28.12,7.34
2022-11-10 04:45:00.000 -0500,Alan,523.4,60.66,0.35,11.22,28.69,7.34
2022-11-10 05:00:00.000 -0500,Alan,522.6,59.57,0.35,11.19,28.25,7.33
2022-11-10 05:15:00.000 -0500,Alan,522.1,60.05,0.35,11.14,28.65,7.34
2022-11-10 05:30:00.000 -0500,Alan,521.5,60.22,0.35,11.11,28.53,7.34
2022-11-10 05:45:00.000 -0500,Alan,521.0,59.93,0.35,11.06,28.73,7.35
2022-11-10 06:00:00.000 -0500,Alan,520.9,59.57,0.35,11.01,27.97,7.34
2022-11-10 06:15:00.000 -0500,Alan,520.7,59.63,0.35,10.97,28.18,7.34
2022-11-10 06:30:00.000 -0500,Alan,520.7,58.67,0.35,10.95,26.81,7.34
2022-11-10 06:45:00.000 -0500,Alan,520.2,56.63,0.35,10.91,28.75,7.32
2022-11-10 07:00:00.000 -0500,Alan,519.4,56.2,0.35,10.85,29.49,7.32
2022-11-10 07:15:00.000 -0500,Alan,518.9,58.17,0.35,10.83,28.46,7.34
2022-11-10 07:30:00.000 -0500,Alan,518.6,57.55,0.35,10.84,28.29,7.34
2022-11-10 07:45:00.000 -0500,Alan,518.4,55.54,0.35,10.85,28.7,7.33
2022-11-10 08:00:00.000 -0500,Alan,518.3,54.7,0.35,10.85,27.85,7.33
2022-11-10 08:15:00.000 -0500,Alan,518.0,54.36,0.35,10.83,28.35,7.33
2022-11-10 08:30:00.000 -0500,Alan,517.8,54.41,0.35,10.82,27.8,7.33
2022-11-10 08:45:00.000 -0500,Alan,517.5,57.02,0.35,10.82,29.0,7.34
2022-11-10 09:00:00.000 -0500,Alan,517.9,58.15,0.35,10.85,27.34,7.35
2022-11-10 09:15:00.000 -0500,Alan,517.9,59.16,0.35,10.85,27.85,7.35
2022-11-10 09:30:00.000 -0500,Alan,518.0,59.93,0.35,10.85,28.95,7.36
2022-11-10 09:45:00.000 -0500,Alan,518.7,60.12,0.35,10.91,29.92,7.36
2022-11-10 10:00:00.000 -0500,Alan,520.0,60.66,0.35,11.01,28.84,7.36
2022-11-10 10:15:00.000 -0500,Alan,521.1,60.15,0.35,11.13,28.74,7.36
2022-11-10 10:30:00.000 -0500,Alan,522.1,59.86,0.35,11.28,29.73,7.36
2022-11-10 10:45:00.000 -0500,Alan,524.7,59.55,0.35,11.5,28.15,7.36
2022-11-10 11:00:00.000 -0500,Alan,525.7,60.69,0.35,11.62,31.86,7.36
2022-11-10 11:15:00.000 -0500,Alan,527.1,61.7,0.35,11.74,26.96,7.37
2022-11-10 11:30:00.000 -0500,Alan,528.4,61.56,0.35,11.85,32.56,7.37
2022-11-10 11:45:00.000 -0500,Alan,529.7,62.3,0.35,12.0,29.6,7.37
2022-11-10 12:00:00.000 -0500,Alan,531.9,63.27,0.35,12.13,30.0,7.38
2022-11-10 12:15:00.000 -0500,Alan,531.6,63.2,0.35,12.14,36.86,7.38
2022-11-10 12:30:00.000 -0500,Alan,531.1,63.21,0.35,12.06,27.87,7.38
2022-11-10 12:45:00.000 -0500,Alan,530.4,62.78,0.35,12.02,36.06,7.38
2022-11-10 13:00:00.000 -0500,Alan,529.6,62.79,0.35,11.92,30.22,7.38
2022-11-10 13:15:00.000 -0500,Alan,530.8,62.61,0.35,11.97,27.79,7.37
2022-11-10 13:30:00.000 -0500,Alan,528.9,62.48,0.35,11.92,29.38,7.37
2022-11-10 13:45:00.000 -0500,Alan,529.5,61.0,0.35,11.92,29.18,7.36
2022-11-10 14:00:00.000 -0500,Alan,527.4,61.52,0.35,11.71,28.74,7.36
2022-11-10 14:15:00.000 -0500,Alan,528.0,59.35,0.35,11.8,33.16,7.35
2022-11-10 14:30:00.000 -0500,Alan,527.7,59.45,0.35,11.8,38.18,7.35
2022-11-10 14:45:00.000 -0500,Alan,527.8,58.64,0.35,11.74,35.84,7.35
2022-11-10 15:00:00.000 -0500,Alan,528.8,57.66,0.35,11.79,30.48,7.34
2022-11-10 15:15:00.000 -0500,Alan,529.2,58.59,0.35,11.81,30.55,7.34
2022-11-10 15:30:00.000 -0500,Alan,529.0,57.93,0.35,11.83,27.92,7.34
2022-11-10 15:45:00.000 -0500,Alan,528.8,57.41,0.35,11.87,26.82,7.34
2022-11-10 16:00:00.000 -0500,Alan,527.5,56.12,0.35,11.92,26.39,7.33
2022-11-10 16:15:00.000 -0500,Alan,528.7,56.74,0.35,11.95,31.21,7.33
2022-11-10 16:30:00.000 -0500,Alan,528.7,55.59,0.35,11.93,29.17,7.33
2022-11-10 16:45:00.000 -0500,Alan,529.3,56.55,0.35,11.91,26.67,7.32
2022-11-10 17:00:00.000 -0500,Alan,529.9,57.13,0.35,11.92,25.9,7.32
2022-11-10 17:15:00.000 -0500,Alan,526.9,56.12,0.34,11.93,25.33,7.32
2022-11-10 17:30:00.000 -0500,Alan,527.5,59.26,0.35,11.92,25.83,7.33
2022-11-10 17:45:00.000 -0500,Alan,530.5,60.25,0.35,11.99,31.72,7.34
2022-11-10 18:00:00.000 -0500,Alan,529.6,59.88,0.35,12.01,24.63,7.33
2022-11-10 18:15:00.000 -0500,Alan,529.3,59.19,0.35,12.0,24.64,7.33
2022-11-10 18:30:00.000 -0500,Alan,530.6,60.51,0.35,12.01,27.05,7.34
2022-11-10 18:45:00.000 -0500,Alan,531.2,59.95,0.35,12.05,27.24,7.35
2022-11-10 19:00:00.000 -0500,Alan,529.7,58.43,0.35,12.04,27.48,7.33
2022-11-10 19:15:00.000 -0500,Alan,527.8,57.54,0.34,12.01,27.79,7.33
2022-11-10 19:30:00.000 -0500,Alan,529.7,59.08,0.35,11.99,27.89,7.33
2022-11-10 19:45:00.000 -0500,Alan,529.6,58.66,0.35,11.99,27.59,7.33
2022-11-10 20:00:00.000 -0500,Alan,529.2,58.47,0.35,11.94,26.54,7.33
2022-11-10 20:15:00.000 -0500,Alan,528.4,58.3,0.35,11.93,28.72,7.33
2022-11-10 20:30:00.000 -0500,Alan,528.2,58.09,0.35,11.91,27.05,7.33
2022-11-10 20:45:00.000 -0500,Alan,529.6,58.93,0.35,11.93,26.64,7.33
2022-11-10 21:00:00.000 -0500,Alan,529.9,57.43,0.35,11.95,26.76,7.33
2022-11-10 21:15:00.000 -0500,Alan,530.8,56.28,0.35,11.96,26.51,7.32
2022-11-10 21:30:00.000 -0500,Alan,530.8,56.39,0.35,11.97,26.25,7.32
2022-11-10 21:45:00.000 -0500,Alan,530.9,55.64,0.35,11.97,26.94,7.32
2022-11-10 22:00:00.000 -0500,Alan,531.8,56.53,0.35,12.03,26.24,7.32
2022-11-10 22:15:00.000 -0500,Alan,531.7,57.81,0.35,12.03,26.75,7.32
2022-11-10 22:30:00.000 -0500,Alan,531.3,57.88,0.35,12.04,26.77,7.33
2022-11-10 22:45:00.000 -0500,Alan,531.7,56.69,0.35,12.05,26.96,7.33
2022-11-10 23:00:00.000 -0500,Alan,531.1,56.88,0.35,12.01,26.99,7.32
2022-11-10 23:15:00.000 -0500,Alan,530.7,55.44,0.35,12.01,28.69,7.32
2022-11-10 23:30:00.000 -0500,Alan,530.7,54.88,0.35,11.99,20.52,7.31
2022-11-10 23:45:00.000 -0500,Alan,530.5,55.15,0.35,11.97,21.1,7.3
2022-11-11 00:00:00.000 -0500,Alan,530.5,55.96,0.35,11.99,21.55,7.31
2022-11-11 00:15:00.000 -0500,Alan,530.2,55.96,0.35,11.96,21.93,7.31
2022-11-11 00:30:00.000 -0500,Alan,530.4,55.19,0.35,11.96,22.11,7.31
2022-11-11 00:45:00.000 -0500,Alan,537.2,56.78,0.35,12.01,22.35,7.31
2022-11-11 01:00:00.000 -0500,Alan,541.1,57.72,0.35,12.08,22.7,7.31
2022-11-11 01:15:00.000 -0500,Alan,548.0,60.6,0.36,12.11,22.7,7.31
2022-11-11 01:30:00.000 -0500,Alan,557.5,62.2,0.36,12.15,22.91,7.3
2022-11-11 01:45:00.000 -0500,Alan,556.5,64.21,0.36,12.15,22.91,7.3
2022-11-11 02:00:00.000 -0500,Alan,546.0,62.26,0.36,12.1,23.04,7.3
2022-11-11 02:15:00.000 -0500,Alan,543.5,63.13,0.35,12.1,22.9,7.31
2022-11-11 02:30:00.000 -0500,Alan,542.4,62.08,0.35,12.06,23.51,7.32
2022-11-11 02:45:00.000 -0500,Alan,541.5,62.77,0.35,12.06,23.8,7.32
2022-11-11 03:00:00.000 -0500,Alan,540.2,61.35,0.35,12.05,23.75,7.32
2022-11-11 03:15:00.000 -0500,Alan,541.1,61.24,0.35,12.03,23.28,7.31
2022-11-11 03:30:00.000 -0500,Alan,542.6,60.41,0.35,12.04,23.49,7.3
2022-11-11 03:45:00.000 -0500,Alan,540.3,58.17,0.35,12.05,23.91,7.29
2022-11-11 04:00:00.000 -0500,Alan,540.2,57.41,0.35,12.06,23.6,7.29
2022-11-11 04:15:00.000 -0500,Alan,540.8,58.73,0.35,12.06,23.53,7.29
2022-11-11 04:30:00.000 -0500,Alan,538.9,58.55,0.35,12.06,23.59,7.29
2022-11-11 04:45:00.000 -0500,Alan,542.4,60.08,0.35,12.04,23.81,7.29
2022-11-11 05:00:00.000 -0500,Alan,542.6,59.53,0.35,12.05,24.44,7.29
2022-11-11 05:15:00.000 -0500,Alan,540.8,57.02,0.35,12.05,24.39,7.29
2022-11-11 05:30:00.000 -0500,Alan,539.7,55.39,0.35,12.07,24.84,7.28
2022-11-11 05:45:00.000 -0500,Alan,540.3,54.88,0.35,12.06,25.0,7.28
2022-11-11 06:00:00.000 -0500,Alan,540.8,56.83,0.35,12.05,24.87,7.28
2022-11-11 06:15:00.000 -0500,Alan,543.4,56.84,0.35,12.06,24.62,7.27
2022-11-11 06:30:00.000 -0500,Alan,541.6,55.12,0.35,12.05,25.56,7.27
2022-11-11 06:45:00.000 -0500,Alan,540.2,55.62,0.35,12.06,25.84,7.27
2022-11-11 07:00:00.000 -0500,Alan,540.0,54.82,0.35,12.06,25.37,7.27
2022-11-11 07:15:00.000 -0500,Alan,539.8,53.78,0.35,12.06,26.22,7.26
2022-11-11 07:30:00.000 -0500,Alan,540.2,52.6,0.35,12.06,26.07,7.26
2022-11-11 07:45:00.000 -0500,Alan,539.0,53.07,0.35,12.06,25.02,7.25
2022-11-11 08:00:00.000 -0500,Alan,539.2,58.01,0.35,12.05,24.99,7.27
2022-11-11 08:15:00.000 -0500,Alan,537.6,58.27,0.35,12.03,25.13,7.29
2022-11-11 08:30:00.000 -0500,Alan,536.2,59.84,0.35,12.03,24.83,7.32
2022-11-11 08:45:00.000 -0500,Alan,537.4,58.6,0.35,12.05,25.43,7.32
2022-11-11 09:00:00.000 -0500,Alan,538.0,56.85,0.35,12.07,25.68,7.31
2022-11-11 09:15:00.000 -0500,Alan,538.1,57.77,0.35,12.05,25.55,7.32
2022-11-11 09:30:00.000 -0500,Alan,534.2,58.49,0.35,12.07,25.2,7.34
2022-11-11 09:45:00.000 -0500,Alan,536.2,62.26,0.35,12.08,31.59,7.35
2022-11-11 10:00:00.000 -0500,Alan,537.4,61.61,0.35,12.07,26.43,7.35
2022-11-11 10:15:00.000 -0500,Alan,537.7,62.47,0.35,12.08,28.02,7.36
2022-11-11 10:30:00.000 -0500,Alan,535.9,63.05,0.35,12.13,25.65,7.37
2022-11-11 10:45:00.000 -0500,Alan,537.0,62.71,0.35,12.18,27.16,7.37
2022-11-11 11:00:00.000 -0500,Alan,540.4,62.59,0.35,12.24,24.76,7.37
2022-11-11 11:15:00.000 -0500,Alan,539.6,63.45,0.35,12.24,27.04,7.38
2022-11-11 11:30:00.000 -0500,Alan,540.2,63.02,0.35,12.25,25.8,7.37
2022-11-11 11:45:00.000 -0500,Alan,540.1,62.85,0.35,12.23,24.9,7.37
2022-11-11 12:00:00.000 -0500,Alan,538.5,61.96,0.35,12.22,26.66,7.36
2022-11-11 12:15:00.000 -0500,Alan,538.6,62.83,0.35,12.18,27.2,7.36
2022-11-11 12:30:00.000 -0500,Alan,538.8,62.63,0.35,12.14,26.7,7.36
2022-11-11 12:45:00.000 -0500,Alan,538.1,62.22,0.35,12.1,25.1,7.35
2022-11-11 13:00:00.000 -0500,Alan,537.3,61.97,0.35,12.11,26.31,7.34
2022-11-11 13:15:00.000 -0500,Alan,536.4,61.65,0.35,12.11,26.27,7.35
2022-11-11 13:30:00.000 -0500,Alan,535.8,60.95,0.35,12.12,25.98,7.34
2022-11-11 13:45:00.000 -0500,Alan,536.6,62.62,0.35,12.13,24.44,7.35
2022-11-11 14:00:00.000 -0500,Alan,536.7,62.12,0.35,12.13,26.93,7.35
2022-11-11 14:15:00.000 -0500,Alan,536.3,61.85,0.35,12.13,27.81,7.35
2022-11-11 14:30:00.000 -0500,Alan,537.2,62.65,0.35,12.15,25.42,7.35
2022-11-11 14:45:00.000 -0500,Alan,536.8,62.96,0.35,12.15,26.93,7.36
2022-11-11 15:00:00.000 -0500,Alan,536.9,63.56,0.35,12.15,24.48,7.36
2022-11-11 15:15:00.000 -0500,Alan,536.2,62.97,0.35,12.15,26.04,7.36
2022-11-11 15:30:00.000 -0500,Alan,536.2,63.73,0.35,12.15,25.23,7.37
2022-11-11 15:45:00.000 -0500,Alan,535.9,63.49,0.35,12.17,26.02,7.37
2022-11-11 16:00:00.000 -0500,Alan,536.8,63.31,0.35,12.19,26.2,7.37
2022-11-11 16:15:00.000 -0500,Alan,537.2,64.96,0.35,12.18,26.85,7.37
2022-11-11 16:30:00.000 -0500,Alan,535.3,65.82,0.35,12.21,26.33,7.38
2022-11-11 16:45:00.000 -0500,Alan,538.5,65.57,0.35,12.19,25.34,7.38
2022-11-11 17:00:00.000 -0500,Alan,542.3,65.88,0.35,12.21,26.32,7.37
2022-11-11 17:15:00.000 -0500,Alan,540.0,66.09,0.35,12.25,25.58,7.38
2022-11-11 17:30:00.000 -0500,Alan,540.7,66.94,0.35,12.32,25.18,7.38
2022-11-11 17:45:00.000 -0500,Alan,540.6,65.81,0.35,12.29,25.88,7.37
2022-11-11 18:00:00.000 -0500,Alan,540.2,65.73,0.35,12.32,25.92,7.37
2022-11-11 18:15:00.000 -0500,Alan,538.1,66.28,0.35,12.25,25.96,7.38
2022-11-11 18:30:00.000 -0500,Alan,534.8,65.53,0.35,12.21,25.38,7.38
2022-11-11 18:45:00.000 -0500,Alan,537.4,64.58,0.35,12.16,25.56,7.37
2022-11-11 19:00:00.000 -0500,Alan,538.0,65.76,0.35,12.19,25.37,7.37
2022-11-11 19:15:00.000 -0500,Alan,536.0,64.98,0.35,12.22,25.84,7.38
2022-11-11 19:30:00.000 -0500,Alan,536.7,65.75,0.35,12.2,25.47,7.38
2022-11-11 19:45:00.000 -0500,Alan,538.4,66.22,0.35,12.22,24.29,7.37
2022-11-11 20:00:00.000 -0500,Alan,538.2,65.86,0.35,12.24,25.48,7.37
2022-11-11 20:15:00.000 -0500,Alan,543.8,66.3,0.35,12.22,24.99,7.36
2022-11-11 20:30:00.000 -0500,Alan,541.2,65.77,0.35,12.22,24.72,7.36
2022-11-11 20:45:00.000 -0500,Alan,544.6,66.22,0.35,12.27,25.07,7.35
2022-11-11 21:00:00.000 -0500,Alan,540.8,65.84,0.35,12.31,25.86,7.36
2022-11-11 21:15:00.000 -0500,Alan,550.5,65.38,0.36,12.29,25.64,7.34
2022-11-11 21:30:00.000 -0500,Alan,541.3,65.7,0.35,12.29,25.5,7.36
2022-11-11 21:45:00.000 -0500,Alan,545.5,65.39,0.35,12.31,25.25,7.34
2022-11-11 22:00:00.000 -0500,Alan,540.7,64.66,0.35,12.31,25.36,7.34
2022-11-11 22:15:00.000 -0500,Alan,559.9,63.74,0.36,12.34,25.7,7.32
2022-11-11 22:30:00.000 -0500,Alan,540.9,65.42,0.35,12.3,25.74,7.36
2022-11-11 22:45:00.000 -0500,Alan,552.0,65.1,0.36,12.32,25.38,7.34
2022-11-11 23:00:00.000 -0500,Alan,546.8,64.33,0.36,12.26,25.97,7.34
2022-11-11 23:15:00.000 -0500,Alan,551.5,63.98,0.36,12.26,26.29,7.33
2022-11-11 23:30:00.000 -0500,Alan,544.8,62.95,0.35,12.29,26.03,7.34
2022-11-11 23:45:00.000 -0500,Alan,553.8,64.24,0.36,12.32,26.57,7.32
2022-11-12 00:00:00.000 -0500,Alan,551.2,63.45,0.36,12.31,27.36,7.32
2022-11-12 00:15:00.000 -0500,Alan,547.7,64.23,0.36,12.31,26.7,7.35
2022-11-12 00:30:00.000 -0500,Alan,542.3,64.1,0.35,12.35,26.11,7.35
2022-11-12 00:45:00.000 -0500,Alan,543.0,62.79,0.35,12.33,26.52,7.34
2022-11-12 01:00:00.000 -0500,Alan,542.8,63.26,0.35,12.37,26.76,7.35
2022-11-12 01:15:00.000 -0500,Alan,547.9,60.7,0.36,12.34,25.83,7.31
2022-11-12 01:30:00.000 -0500,Alan,547.6,60.15,0.36,12.3,26.98,7.31
2022-11-12 01:45:00.000 -0500,Alan,547.9,61.36,0.36,12.31,27.22,7.32
2022-11-12 02:00:00.000 -0500,Alan,552.7,61.12,0.36,12.31,26.45,7.31
2022-11-12 02:15:00.000 -0500,Alan,549.9,61.31,0.36,12.32,230.4,7.31
2022-11-12 02:30:00.000 -0500,Alan,549.0,61.7,0.36,12.33,26.96,7.3
2022-11-12 02:45:00.000 -0500,Alan,544.8,59.7,0.35,12.34,27.38,7.31
2022-11-12 03:00:00.000 -0500,Alan,544.4,62.04,0.35,12.39,28.63,7.33
2022-11-12 03:15:00.000 -0500,Alan,545.0,60.47,0.35,12.37,28.23,7.31
2022-11-12 03:30:00.000 -0500,Alan,549.4,58.63,0.36,12.34,28.22,7.3
2022-11-12 03:45:00.000 -0500,Alan,550.5,60.74,0.36,12.33,28.76,7.3
2022-11-12 04:00:00.000 -0500,Alan,550.3,61.08,0.36,12.3,28.46,7.3
2022-11-12 04:15:00.000 -0500,Alan,554.7,60.15,0.36,12.31,30.0,7.29
2022-11-12 04:30:00.000 -0500,Alan,550.9,59.97,0.36,12.36,28.33,7.3
2022-11-12 04:45:00.000 -0500,Alan,547.4,59.81,0.35,12.44,26.47,7.3
2022-11-12 05:00:00.000 -0500,Alan,549.0,58.32,0.36,12.31,28.95,7.3
2022-11-12 05:15:00.000 -0500,Alan,544.6,56.12,0.35,12.34,30.75,7.3
2022-11-12 05:30:00.000 -0500,Alan,547.6,59.8,0.36,12.34,29.06,7.3
2022-11-12 05:45:00.000 -0500,Alan,551.0,55.77,0.36,12.38,28.81,7.28
2022-11-12 06:00:00.000 -0500,Alan,552.8,53.69,0.36,12.38,29.16,7.26
2022-11-12 06:15:00.000 -0500,Alan,550.1,52.96,0.36,12.44,31.02,7.25
2022-11-12 06:30:00.000 -0500,Alan,548.8,52.85,0.35,12.44,27.74,7.26
2022-11-12 06:45:00.000 -0500,Alan,553.4,51.41,0.36,12.4,30.14,7.24
2022-11-12 07:00:00.000 -0500,Alan,548.2,51.68,0.35,12.45,30.22,7.26
2022-11-12 07:15:00.000 -0500,Alan,547.9,53.77,0.35,12.46,30.98,7.26
2022-11-12 07:30:00.000 -0500,Alan,552.4,54.71,0.36,12.47,30.5,7.25
2022-11-12 07:45:00.000 -0500,Alan,552.7,54.73,0.36,12.36,30.54,7.26
2022-11-12 08:00:00.000 -0500,Alan,550.8,55.22,0.36,12.43,31.43,7.26
2022-11-12 08:15:00.000 -0500,Alan,551.2,55.52,0.36,12.57,30.39,7.27
2022-11-12 08:30:00.000 -0500,Alan,551.2,53.39,0.36,12.42,31.47,7.26
2022-11-12 08:45:00.000 -0500,Alan,558.3,55.14,0.36,12.51,31.71,7.26
2022-11-12 09:00:00.000 -0500,Alan,551.6,55.68,0.36,12.42,30.46,7.27
2022-11-12 09:15:00.000 -0500,Alan,555.8,55.16,0.36,12.5,28.86,7.26
2022-11-12 09:30:00.000 -0500,Alan,551.3,55.72,0.36,12.37,30.44,7.27
2022-11-12 09:45:00.000 -0500,Alan,553.0,55.35,0.36,12.35,30.05,7.26
2022-11-12 10:00:00.000 -0500,Alan,549.7,54.65,0.35,12.53,30.43,7.26
2022-11-12 10:15:00.000 -0500,Alan,549.9,54.49,0.36,12.4,32.45,7.26
2022-11-12 10:30:00.000 -0500,Alan,547.5,55.11,0.35,12.34,28.54,7.27
2022-11-12 10:45:00.000 -0500,Alan,550.7,52.59,0.36,12.5,31.73,7.26
2022-11-12 11:00:00.000 -0500,Alan,547.1,54.98,0.35,12.72,33.35,7.26
2022-11-12 11:15:00.000 -0500,Alan,554.3,53.01,0.36,12.59,30.71,7.24
2022-11-12 11:30:00.000 -0500,Alan,551.9,54.96,0.36,12.51,29.45,7.26
2022-11-12 11:45:00.000 -0500,Alan,549.1,56.86,0.35,12.92,31.62,7.28
2022-11-12 12:00:00.000 -0500,Alan,552.1,54.25,0.35,12.74,28.0,7.26
2022-11-12 12:15:00.000 -0500,Alan,551.0,56.81,0.35,12.63,29.64,7.27
2022-11-12 12:30:00.000 -0500,Alan,549.0,57.93,0.36,12.37,33.45,7.29
2022-11-12 12:45:00.000 -0500,Alan,553.5,55.17,0.36,12.68,35.99,7.27
2022-11-12 13:00:00.000 -0500,Alan,559.7,56.23,0.36,12.66,31.85,7.26
2022-11-12 13:15:00.000 -0500,Alan,556.2,56.3,0.36,12.69,34.56,7.26
2022-11-12 13:30:00.000 -0500,Alan,556.4,59.63,0.36,12.61,33.98,7.28
2022-11-12 13:45:00.000 -0500,Alan,554.1,55.69,0.35,12.88,32.1,7.25
2022-11-12 14:00:00.000 -0500,Alan,544.4,55.51,0.35,13.2,32.58,7.26
2022-11-12 14:15:00.000 -0500,Alan,554.7,55.83,0.36,12.85,33.25,7.27
2022-11-12 14:30:00.000 -0500,Alan,555.7,56.58,0.36,12.9,37.5,7.26
2022-11-12 14:45:00.000 -0500,Alan,559.0,58.34,0.36,12.7,33.81,7.27
2022-11-12 15:00:00.000 -0500,Alan,557.3,56.98,0.36,12.63,35.61,7.27
2022-11-12 15:15:00.000 -0500,Alan,556.1,62.54,0.36,12.58,32.38,7.3
2022-11-12 15:30:00.000 -0500,Alan,553.1,61.61,0.36,12.51,35.68,7.3
2022-11-12 15:45:00.000 -0500,Alan,550.6,59.38,0.35,12.71,35.25,7.3
2022-11-12 16:00:00.000 -0500,Alan,559.7,57.89,0.36,12.74,33.65,7.28
2022-11-12 16:15:00.000 -0500,Alan,565.9,58.82,0.36,12.85,36.59,7.28
2022-11-12 16:30:00.000 -0500,Alan,565.9,62.09,0.36,12.8,33.07,7.29
2022-11-12 16:45:00.000 -0500,Alan,567.8,61.83,0.36,12.81,33.19,7.28
2022-11-12 17:00:00.000 -0500,Alan,566.0,59.72,0.36,12.89,33.89,7.26
2022-11-12 17:15:00.000 -0500,Alan,568.5,56.25,0.36,12.95,33.78,7.25
2022-11-12 17:30:00.000 -0500,Alan,566.0,55.05,0.36,12.91,34.2,7.25
2022-11-12 17:45:00.000 -0500,Alan,561.8,55.62,0.36,12.81,34.19,7.25
2022-11-12 18:00:00.000 -0500,Alan,557.7,56.23,0.36,12.72,34.9,7.25
2022-11-12 18:15:00.000 -0500,Alan,557.9,56.18,0.36,12.72,34.44,7.25
2022-11-12 18:30:00.000 -0500,Alan,560.4,54.86,0.36,12.77,34.65,7.24
2022-11-12 18:45:00.000 -0500,Alan,560.4,54.34,0.36,12.76,34.7,7.24
2022-11-12 19:00:00.000 -0500,Alan,562.3,52.36,0.36,12.79,34.6,7.24
2022-11-12 19:15:00.000 -0500,Alan,561.6,51.33,0.36,12.8,34.74,7.23
2022-11-12 19:30:00.000 -0500,Alan,560.8,52.87,0.36,12.82,34.98,7.23
2022-11-12 19:45:00.000 -0500,Alan,562.0,53.41,0.36,12.85,35.22,7.23
2022-11-12 20:00:00.000 -0500,Alan,560.1,50.79,0.36,12.92,35.2,7.22
2022-11-12 20:15:00.000 -0500,Alan,561.8,56.76,0.36,12.95,35.57,7.25
2022-11-12 20:30:00.000 -0500,Alan,560.0,55.08,0.36,12.94,35.89,7.25
2022-11-12 20:45:00.000 -0500,Alan,561.1,54.27,0.36,12.93,35.75,7.25
2022-11-12 21:00:00.000 -0500,Alan,561.4,50.08,0.36,12.94,35.76,7.24
2022-11-12 21:15:00.000 -0500,Alan,561.9,50.01,0.36,12.91,35.83,7.24
2022-11-12 21:30:00.000 -0500,Alan,564.7,49.22,0.36,12.92,36.17,7.24
2022-11-12 21:45:00.000 -0500,Alan,565.7,49.36,0.36,12.9,36.26,7.23
2022-11-12 22:00:00.000 -0500,Alan,565.1,48.07,0.36,12.9,36.54,7.23
2022-11-12 22:15:00.000 -0500,Alan,565.8,47.33,0.36,12.91,36.17,7.22
2022-11-12 22:30:00.000 -0500,Alan,565.4,45.73,0.36,12.92,36.52,7.22
2022-11-12 22:45:00.000 -0500,Alan,567.1,45.7,0.36,12.94,36.51,7.21
2022-11-12 23:00:00.000 -0500,Alan,566.5,49.75,0.36,12.93,37.13,7.22
2022-11-12 23:15:00.000 -0500,Alan,568.4,53.26,0.36,12.91,38.1,7.23
2022-11-12 23:30:00.000 -0500,Alan,568.2,49.4,0.36,12.91,38.51,7.22
2022-11-12 23:45:00.000 -0500,Alan,566.5,48.12,0.36,12.96,38.26,7.21
2022-11-13 00:00:00.000 -0500,Alan,567.1,49.26,0.36,12.85,37.54,7.21
2022-11-13 00:15:00.000 -0500,Alan,564.9,47.36,0.36,12.84,39.05,7.2
2022-11-13 00:30:00.000 -0500,Alan,566.0,46.04,0.36,12.92,39.46,7.19
2022-11-13 00:45:00.000 -0500,Alan,565.3,46.26,0.36,12.95,40.56,7.2
2022-11-13 01:00:00.000 -0500,Alan,566.2,45.76,0.36,12.95,37.64,7.19
2022-11-13 01:15:00.000 -0500,Alan,565.9,47.19,0.36,13.0,36.72,7.2
2022-11-13 01:30:00.000 -0500,Alan,566.0,44.79,0.36,12.95,37.7,7.19
2022-11-13 01:45:00.000 -0500,Alan,567.9,47.18,0.36,12.98,37.75,7.2
2022-11-13 02:00:00.000 -0500,Alan,567.4,44.35,0.36,12.93,38.42,7.19
2022-11-13 02:15:00.000 -0500,Alan,567.6,44.43,0.36,12.92,40.09,7.19
2022-11-13 02:30:00.000 -0500,Alan,573.7,46.47,0.36,13.14,36.87,7.18
2022-11-13 02:45:00.000 -0500,Alan,575.0,44.5,0.37,13.04,40.13,7.16
2022-11-13 03:00:00.000 -0500,Alan,571.5,45.89,0.36,13.04,32.53,7.17
2022-11-13 03:15:00.000 -0500,Alan,567.5,47.08,0.36,12.9,31.08,7.2
2022-11-13 03:30:00.000 -0500,Alan,568.5,47.71,0.36,12.93,31.4,7.2
2022-11-13 03:45:00.000 -0500,Alan,575.8,47.27,0.37,13.09,32.35,7.18
2022-11-13 04:00:00.000 -0500,Alan,584.5,45.49,0.37,13.24,31.36,7.15
2022-11-13 04:15:00.000 -0500,Alan,585.5,44.22,0.37,13.36,31.15,7.15
2022-11-13 04:30:00.000 -0500,Alan,583.9,46.21,0.37,13.24,31.75,7.15
2022-11-13 04:45:00.000 -0500,Alan,570.5,46.98,0.37,12.85,32.64,7.17
2022-11-13 05:00:00.000 -0500,Alan,579.0,45.71,0.37,13.02,32.19,7.17
2022-11-13 05:15:00.000 -0500,Alan,578.1,46.25,0.37,12.99,32.26,7.17
2022-11-13 05:30:00.000 -0500,Alan,585.3,42.87,0.37,13.2,32.4,7.14
2022-11-13 05:45:00.000 -0500,Alan,584.1,43.16,0.37,13.12,32.11,7.13
2022-11-13 06:00:00.000 -0500,Alan,589.5,42.26,0.38,13.12,33.0,7.13
2022-11-13 06:15:00.000 -0500,Alan,581.1,41.23,0.37,13.1,33.26,7.14
2022-11-13 06:30:00.000 -0500,Alan,590.1,43.83,0.38,13.16,33.09,7.14
2022-11-13 06:45:00.000 -0500,Alan,574.7,46.17,0.37,13.0,32.87,7.17
2022-11-13 07:00:00.000 -0500,Alan,575.6,47.86,0.37,12.95,32.36,7.17
2022-11-13 07:15:00.000 -0500,Alan,582.3,43.97,0.37,13.3,45.23,7.13
2022-11-13 07:30:00.000 -0500,Alan,583.0,41.95,0.37,13.22,38.51,7.13
2022-11-13 07:45:00.000 -0500,Alan,580.6,45.41,0.37,13.12,40.36,7.16
2022-11-13 08:00:00.000 -0500,Alan,579.2,45.59,0.37,13.23,42.13,7.16
2022-11-13 08:15:00.000 -0500,Alan,582.2,44.56,0.37,13.15,44.65,7.15
2022-11-13 08:30:00.000 -0500,Alan,582.6,42.66,0.37,13.16,34.45,7.14
2022-11-13 08:45:00.000 -0500,Alan,581.6,44.36,0.37,13.23,46.78,7.15
2022-11-13 09:00:00.000 -0500,Alan,583.7,46.15,0.37,13.31,44.36,7.15
2022-11-13 09:15:00.000 -0500,Alan,578.1,46.67,0.37,13.27,45.13,7.16
2022-11-13 09:30:00.000 -0500,Alan,583.1,48.81,0.37,13.29,43.9,7.17
2022-11-13 09:45:00.000 -0500,Alan,578.2,45.73,0.37,13.15,41.81,7.16
2022-11-13 10:00:00.000 -0500,Alan,580.7,49.99,0.37,13.28,44.24,7.17
2022-11-13 10:15:00.000 -0500,Alan,575.5,47.16,0.37,13.2,47.5,7.17
2022-11-13 10:30:00.000 -0500,Alan,581.9,46.78,0.37,13.3,44.44,7.15
2022-11-13 10:45:00.000 -0500,Alan,563.9,51.3,0.36,13.42,45.59,7.19
2022-11-13 11:00:00.000 -0500,Alan,578.4,49.12,0.37,13.24,42.36,7.18
2022-11-13 11:15:00.000 -0500,Alan,566.7,48.58,0.36,13.13,56.39,7.19
2022-11-13 11:30:00.000 -0500,Alan,552.4,46.99,0.35,13.07,45.12,7.17
2022-11-13 11:45:00.000 -0500,Alan,545.9,49.56,0.35,13.15,43.42,7.18
2022-11-13 12:00:00.000 -0500,Alan,566.0,47.31,0.36,13.15,43.94,7.18
2022-11-13 12:15:00.000 -0500,Alan,561.2,47.79,0.36,13.23,43.48,7.19
2022-11-13 12:30:00.000 -0500,Alan,558.6,53.93,0.35,13.4,47.48,7.22
2022-11-13 12:45:00.000 -0500,Alan,558.1,53.1,0.35,13.41,45.52,7.22
2022-11-13 13:00:00.000 -0500,Alan,566.7,51.34,0.36,13.31,53.58,7.22
2022-11-13 13:15:00.000 -0500,Alan,566.6,51.04,0.36,13.28,44.66,7.21
2022-11-13 13:30:00.000 -0500,Alan,553.4,53.76,0.35,13.43,52.98,7.24
2022-11-13 13:45:00.000 -0500,Alan,549.8,55.82,0.35,13.56,46.98,7.26
2022-11-13 14:00:00.000 -0500,Alan,536.8,59.07,0.34,13.69,49.74,7.27
2022-11-13 14:15:00.000 -0500,Alan,550.0,60.46,0.35,13.52,40.25,7.28
2022-11-13 14:30:00.000 -0500,Alan,555.5,57.92,0.35,13.61,44.4,7.25
2022-11-13 14:45:00.000 -0500,Alan,561.9,52.9,0.36,13.3,47.78,7.23
2022-11-13 15:00:00.000 -0500,Alan,566.9,54.19,0.36,13.22,36.63,7.23
2022-11-13 15:15:00.000 -0500,Alan,568.8,53.24,0.36,13.13,44.26,7.21
2022-11-13 15:30:00.000 -0500,Alan,563.0,53.29,0.36,13.32,50.28,7.19
2022-11-13 15:45:00.000 -0500,Alan,552.9,55.25,0.35,13.5,66.16,7.22
2022-11-13 16:00:00.000 -0500,Alan,550.6,61.94,0.35,13.65,65.18,7.27
2022-11-13 16:15:00.000 -0500,Alan,536.5,60.74,0.34,13.69,49.16,7.28
2022-11-13 16:30:00.000 -0500,Alan,537.2,67.15,0.34,13.69,53.18,7.32
2022-11-13 16:45:00.000 -0500,Alan,502.4,66.95,0.31,13.67,48.69,7.33
2022-11-13 17:00:00.000 -0500,Alan,517.7,67.66,0.33,13.46,43.14,7.31
2022-11-13 17:15:00.000 -0500,Alan,503.3,62.24,0.32,13.41,44.17,7.26
2022-11-13 17:30:00.000 -0500,Alan,507.8,67.11,0.32,13.38,48.01,7.29
2022-11-13 17:45:00.000 -0500,Alan,510.1,65.76,0.32,13.32,36.83,7.29
2022-11-13 18:00:00.000 -0500,Alan,503.6,62.83,0.32,13.21,48.16,7.28
2022-11-13 18:15:00.000 -0500,Alan,493.2,64.68,0.31,13.14,43.95,7.29
2022-11-13 18:30:00.000 -0500,Alan,492.8,63.84,0.31,13.12,50.31,7.29
2022-11-13 18:45:00.000 -0500,Alan,496.4,65.35,0.31,13.13,42.93,7.3
2022-11-13 19:00:00.000 -0500,Alan,488.9,65.5,0.31,13.09,40.63,7.31
2022-11-13 19:15:00.000 -0500,Alan,496.0,64.22,0.31,13.07,41.29,7.3
2022-11-13 19:30:00.000 -0500,Alan,494.1,64.41,0.31,13.01,50.18,7.3
2022-11-13 19:45:00.000 -0500,Alan,488.9,64.9,0.31,12.98,47.2,7.31
2022-11-13 20:00:00.000 -0500,Alan,495.7,64.35,0.32,12.9,41.59,7.31
2022-11-13 20:15:00.000 -0500,Alan,485.5,64.18,0.31,12.82,40.39,7.32
2022-11-13 20:30:00.000 -0500,Alan,485.4,62.43,0.31,12.78,46.23,7.31
2022-11-13 20:45:00.000 -0500,Alan,485.4,62.15,0.31,12.71,57.52,7.31
2022-11-13 21:00:00.000 -0500,Alan,486.2,62.16,0.31,12.66,46.99,7.31
2022-11-13 21:15:00.000 -0500,Alan,481.0,62.21,0.31,12.58,56.49,7.31
2022-11-13 21:30:00.000 -0500,Alan,479.2,61.82,0.31,12.55,55.35,7.32
2022-11-13 21:45:00.000 -0500,Alan,480.0,61.59,0.31,12.51,43.33,7.31
2022-11-13 22:00:00.000 -0500,Alan,479.5,61.4,0.31,12.45,51.33,7.31
2022-11-13 22:15:00.000 -0500,Alan,480.8,60.39,0.31,12.4,52.29,7.3
2022-11-13 22:30:00.000 -0500,Alan,481.3,60.33,0.31,12.34,44.25,7.3
2022-11-13 22:45:00.000 -0500,Alan,480.7,59.05,0.31,12.3,57.05,7.3
2022-11-13 23:00:00.000 -0500,Alan,484.0,56.86,0.31,12.28,39.42,7.28
2022-11-13 23:15:00.000 -0500,Alan,488.5,56.84,0.32,12.23,50.31,7.28
2022-11-13 23:30:00.000 -0500,Alan,499.4,54.83,0.32,12.24,46.94,7.26
2022-11-13 23:45:00.000 -0500,Alan,498.2,52.4,0.32,12.19,51.02,7.25
2022-11-14 00:00:00.000 -0500,Alan,499.4,52.35,0.32,12.11,45.0,7.25
2022-11-14 00:15:00.000 -0500,Alan,501.2,51.17,0.33,12.08,50.74,7.24
2022-11-14 00:30:00.000 -0500,Alan,502.0,50.97,0.33,12.04,52.34,7.24
2022-11-14 00:45:00.000 -0500,Alan,501.9,50.57,0.33,11.96,50.7,7.23
2022-11-14 01:00:00.000 -0500,Alan,501.6,50.06,0.33,11.94,46.33,7.23
2022-11-14 01:15:00.000 -0500,Alan,502.8,50.25,0.33,11.89,61.97,7.23
2022-11-14 01:30:00.000 -0500,Alan,501.4,50.04,0.33,11.83,52.2,7.22
2022-11-14 01:45:00.000 -0500,Alan,501.0,49.12,0.33,11.78,48.86,7.22
2022-11-14 02:00:00.000 -0500,Alan,500.6,48.98,0.33,11.75,46.25,7.22
2022-11-14 02:15:00.000 -0500,Alan,499.1,47.98,0.33,11.71,62.27,7.22
2022-11-14 02:30:00.000 -0500,Alan,499.5,45.64,0.33,11.65,42.94,7.21
2022-11-14 02:45:00.000 -0500,Alan,498.3,46.77,0.33,11.61,81.8,7.22
2022-11-14 03:00:00.000 -0500,Alan,497.2,46.72,0.33,11.57,48.52,7.22
2022-11-14 03:15:00.000 -0500,Alan,497.7,46.1,0.33,11.53,52.98,7.21
2022-11-14 03:30:00.000 -0500,Alan,498.0,46.3,0.33,11.49,51.55,7.21
2022-11-14 03:45:00.000 -0500,Alan,497.3,46.74,0.33,11.45,45.67,7.21
2022-11-14 04:00:00.000 -0500,Alan,496.0,45.61,0.33,11.41,24.77,7.21
2022-11-14 04:15:00.000 -0500,Alan,493.7,45.13,0.33,11.37,25.55,7.21
2022-11-14 04:30:00.000 -0500,Alan,494.9,44.36,0.33,11.33,25.64,7.21
2022-11-14 04:45:00.000 -0500,Alan,493.7,45.21,0.33,11.26,26.19,7.21
2022-11-14 05:00:00.000 -0500,Alan,492.3,45.69,0.33,11.24,27.3,7.21
2022-11-14 05:15:00.000 -0500,Alan,492.5,44.89,0.33,11.18,28.66,7.21
2022-11-14 05:30:00.000 -0500,Alan,491.5,45.28,0.33,11.13,30.03,7.21
2022-11-14 05:45:00.000 -0500,Alan,491.4,44.66,0.33,11.06,27.98,7.21
2022-11-14 06:00:00.000 -0500,Alan,490.1,44.26,0.33,11.02,28.31,7.21
2022-11-14 06:15:00.000 -0500,Alan,490.1,43.65,0.33,10.99,28.04,7.21
2022-11-14 06:30:00.000 -0500,Alan,488.2,43.31,0.33,10.93,27.58,7.21
2022-11-14 06:45:00.000 -0500,Alan,488.3,43.71,0.33,10.9,28.12,7.22
2022-11-14 07:00:00.000 -0500,Alan,486.4,43.91,0.33,10.86,28.14,7.22
2022-11-14 07:15:00.000 -0500,Alan,485.4,43.4,0.33,10.8,28.07,7.22
2022-11-14 07:30:00.000 -0500,Alan,486.1,42.73,0.33,10.76,27.54,7.21
2022-11-14 07:45:00.000 -0500,Alan,484.6,43.16,0.33,10.72,27.95,7.22
2022-11-14 08:00:00.000 -0500,Alan,482.2,43.48,0.33,10.7,32.22,7.22
2022-11-14 08:15:00.000 -0500,Alan,482.7,45.17,0.33,10.67,30.06,7.22
2022-11-14 08:30:00.000 -0500,Alan,482.1,44.12,0.33,10.62,28.29,7.22
2022-11-14 08:45:00.000 -0500,Alan,482.0,44.53,0.33,10.6,37.3,7.22
2022-11-14 09:00:00.000 -0500,Alan,481.9,45.02,0.33,10.56,27.96,7.22
2022-11-14 09:15:00.000 -0500,Alan,480.9,44.52,0.32,10.61,29.73,7.23
2022-11-14 09:30:00.000 -0500,Alan,480.8,44.96,0.32,10.6,28.51,7.23
2022-11-14 09:45:00.000 -0500,Alan,480.6,45.2,0.32,10.67,29.58,7.23
2022-11-14 10:00:00.000 -0500,Alan,480.5,46.02,0.32,10.73,31.51,7.24
2022-11-14 10:15:00.000 -0500,Alan,480.4,46.21,0.32,10.73,31.5,7.24
2022-11-14 10:30:00.000 -0500,Alan,480.5,46.96,0.32,10.8,28.8,7.25
2022-11-14 10:45:00.000 -0500,Alan,479.1,47.54,0.32,10.84,26.86,7.25
2022-11-14 11:00:00.000 -0500,Alan,480.1,47.76,0.32,10.83,33.42,7.26
2022-11-14 11:15:00.000 -0500,Alan,480.8,48.47,0.32,10.94,43.64,7.26
2022-11-14 11:30:00.000 -0500,Alan,482.2,49.97,0.32,10.97,32.55,7.27
2022-11-14 11:45:00.000 -0500,Alan,481.7,49.82,0.32,10.98,31.94,7.27
2022-11-14 12:00:00.000 -0500,Alan,482.9,50.86,0.32,11.0,36.2,7.28
2022-11-14 12:15:00.000 -0500,Alan,482.9,51.26,0.32,11.08,30.71,7.28
2022-11-14 12:30:00.000 -0500,Alan,485.2,52.37,0.32,11.13,34.49,7.29
2022-11-14 12:45:00.000 -0500,Alan,485.6,53.55,0.32,11.15,31.26,7.29
2022-11-14 13:00:00.000 -0500,Alan,486.9,53.19,0.32,11.26,30.66,7.29
2022-11-14 13:15:00.000 -0500,Alan,486.4,53.15,0.32,11.31,36.16,7.29
2022-11-14 13:30:00.000 -0500,Alan,486.1,53.56,0.32,11.22,31.66,7.29
2022-11-14 13:45:00.000 -0500,Alan,486.1,51.46,0.32,11.35,30.35,7.29
2022-11-14 14:00:00.000 -0500,Alan,487.2,52.0,0.32,11.36,30.51,7.29
2022-11-14 14:15:00.000 -0500,Alan,487.1,52.36,0.32,11.35,36.08,7.29
2022-11-14 14:30:00.000 -0500,Alan,487.2,52.22,0.32,11.37,31.99,7.29
2022-11-14 14:45:00.000 -0500,Alan,487.4,53.15,0.32,11.35,32.68,7.29
2022-11-14 15:00:00.000 -0500,Alan,490.7,55.26,0.32,11.4,30.81,7.3
2022-11-14 15:15:00.000 -0500,Alan,491.2,59.17,0.33,11.37,40.88,7.33
2022-11-14 15:30:00.000 -0500,Alan,490.6,58.65,0.33,11.38,36.6,7.32
2022-11-14 15:45:00.000 -0500,Alan,489.9,58.76,0.32,11.34,32.04,7.32
2022-11-14 16:00:00.000 -0500,Alan,489.6,57.86,0.32,11.33,36.99,7.32
2022-11-14 16:15:00.000 -0500,Alan,490.0,56.9,0.33,11.31,31.66,7.32
2022-11-14 16:30:00.000 -0500,Alan,489.2,57.63,0.33,11.25,31.19,7.32
2022-11-14 16:45:00.000 -0500,Alan,500.6,59.65,0.33,11.31,32.1,7.32
2022-11-14 17:00:00.000 -0500,Alan,495.0,61.77,0.33,11.24,32.64,7.33
2022-11-14 17:15:00.000 -0500,Alan,494.1,61.81,0.33,11.19,31.78,7.33
2022-11-14 17:30:00.000 -0500,Alan,493.5,60.61,0.33,11.17,31.88,7.32
2022-11-14 17:45:00.000 -0500,Alan,492.9,61.62,0.33,11.14,31.96,7.32
2022-11-14 18:00:00.000 -0500,Alan,493.6,60.21,0.33,11.11,34.19,7.31
2022-11-14 18:15:00.000 -0500,Alan,491.0,59.23,0.33,11.06,32.71,7.3
2022-11-14 18:30:00.000 -0500,Alan,490.1,59.47,0.33,11.01,32.47,7.3
2022-11-14 18:45:00.000 -0500,Alan,490.0,58.26,0.33,10.98,32.53,7.29
2022-11-14 19:00:00.000 -0500,Alan,488.6,58.2,0.33,10.93,39.75,7.31
2022-11-14 19:15:00.000 -0500,Alan,489.4,59.04,0.33,10.9,32.88,7.3
2022-11-14 19:30:00.000 -0500,Alan,487.3,55.61,0.33,10.86,32.42,7.29
2022-11-14 19:45:00.000 -0500,Alan,486.3,53.25,0.33,10.82,32.61,7.28
2022-11-14 20:00:00.000 -0500,Alan,486.6,51.64,0.33,10.8,33.1,7.28
2022-11-14 20:15:00.000 -0500,Alan,486.6,51.29,0.33,10.76,33.37,7.27
2022-11-14 20:30:00.000 -0500,Alan,486.8,52.62,0.33,10.72,33.28,7.26
2022-11-14 20:45:00.000 -0500,Alan,485.4,50.94,0.33,10.68,33.21,7.26
2022-11-14 21:00:00.000 -0500,Alan,483.4,48.15,0.33,10.63,33.5,7.26
2022-11-14 21:15:00.000 -0500,Alan,483.8,47.63,0.33,10.59,33.56,7.26
2022-11-14 21:30:00.000 -0500,Alan,483.0,45.87,0.33,10.55,33.49,7.25
2022-11-14 21:45:00.000 -0500,Alan,482.7,46.75,0.33,10.5,33.68,7.25
2022-11-14 22:00:00.000 -0500,Alan,481.8,49.03,0.33,10.45,34.19,7.25
2022-11-14 22:15:00.000 -0500,Alan,482.0,51.28,0.33,10.43,34.03,7.24
2022-11-14 22:30:00.000 -0500,Alan,482.3,50.95,0.33,10.39,33.85,7.25
2022-11-14 22:45:00.000 -0500,Alan,482.7,50.17,0.33,10.34,34.07,7.24
2022-11-14 23:00:00.000 -0500,Alan,482.2,49.7,0.33,10.3,33.96,7.24
2022-11-14 23:15:00.000 -0500,Alan,482.1,50.27,0.33,10.26,34.32,7.24
2022-11-14 23:30:00.000 -0500,Alan,480.5,48.41,0.33,10.2,34.27,7.23
2022-11-14 23:45:00.000 -0500,Alan,479.9,47.99,0.33,10.19,34.49,7.23
2022-11-15 00:00:00.000 -0500,Alan,478.3,47.72,0.33,10.12,34.38,7.23
2022-11-15 00:15:00.000 -0500,Alan,477.5,48.14,0.33,10.07,35.08,7.23
2022-11-15 00:30:00.000 -0500,Alan,477.0,50.13,0.33,10.05,35.06,7.24
2022-11-15 00:45:00.000 -0500,Alan,476.0,47.93,0.33,10.0,34.68,7.24
2022-11-15 01:00:00.000 -0500,Alan,475.9,47.98,0.33,9.93,35.77,7.24
2022-11-15 01:15:00.000 -0500,Alan,475.4,48.36,0.33,9.87,35.59,7.25
2022-11-15 01:30:00.000 -0500,Alan,474.2,48.29,0.33,9.81,34.93,7.25
2022-11-15 01:45:00.000 -0500,Alan,473.5,48.24,0.33,9.77,36.7,7.25
2022-11-15 02:00:00.000 -0500,Alan,473.2,48.24,0.33,9.71,35.88,7.24
2022-11-15 02:15:00.000 -0500,Alan,472.4,45.78,0.33,9.65,36.31,7.25
2022-11-15 02:30:00.000 -0500,Alan,472.0,47.27,0.33,9.62,49.32,7.24
2022-11-15 02:45:00.000 -0500,Alan,471.1,46.96,0.33,9.58,35.26,7.23
2022-11-15 03:00:00.000 -0500,Alan,470.3,47.18,0.33,9.51,47.01,7.24
2022-11-15 03:15:00.000 -0500,Alan,470.7,47.16,0.33,9.47,35.09,7.24
2022-11-15 03:30:00.000 -0500,Alan,470.3,45.89,0.33,9.43,45.78,7.24
2022-11-15 03:45:00.000 -0500,Alan,468.6,45.9,0.33,9.38,36.73,7.24
2022-11-15 04:00:00.000 -0500,Alan,468.1,46.14,0.33,9.35,37.04,7.24
2022-11-15 04:15:00.000 -0500,Alan,466.0,46.24,0.33,9.32,35.12,7.25
2022-11-15 04:30:00.000 -0500,Alan,467.0,44.75,0.33,9.29,42.5,7.24
2022-11-15 04:45:00.000 -0500,Alan,465.7,43.66,0.33,9.25,39.63,7.24
2022-11-15 05:00:00.000 -0500,Alan,464.8,43.56,0.33,9.2,36.12,7.25
2022-11-15 05:15:00.000 -0500,Alan,464.3,44.72,0.33,9.18,52.85,7.25
2022-11-15 05:30:00.000 -0500,Alan,463.8,44.75,0.33,9.14,35.89,7.25
2022-11-15 05:45:00.000 -0500,Alan,463.6,44.11,0.33,9.11,35.66,7.25
2022-11-15 06:00:00.000 -0500,Alan,464.2,44.46,0.33,9.08,42.45,7.26
2022-11-15 06:15:00.000 -0500,Alan,463.5,43.82,0.33,9.05,36.46,7.25
2022-11-15 06:30:00.000 -0500,Alan,462.8,41.57,0.33,9.03,42.68,7.25
2022-11-15 06:45:00.000 -0500,Alan,462.3,45.9,0.33,8.98,34.46,7.26
2022-11-15 07:00:00.000 -0500,Alan,461.5,44.63,0.33,8.94,35.39,7.25
2022-11-15 07:15:00.000 -0500,Alan,460.8,44.34,0.33,8.91,34.8,7.26
2022-11-15 07:30:00.000 -0500,Alan,461.4,43.67,0.33,8.91,34.71,7.25
2022-11-15 07:45:00.000 -0500,Alan,460.8,42.42,0.33,8.88,36.34,7.25
2022-11-15 08:00:00.000 -0500,Alan,460.2,42.93,0.33,8.85,38.33,7.25
2022-11-15 08:15:00.000 -0500,Alan,459.3,43.04,0.33,8.8,34.76,7.26
2022-11-15 08:30:00.000 -0500,Alan,459.3,44.6,0.33,8.79,34.71,7.26
2022-11-15 08:45:00.000 -0500,Alan,460.0,45.54,0.33,8.83,35.06,7.26
2022-11-15 09:00:00.000 -0500,Alan,460.7,47.1,0.33,8.81,42.85,7.28
2022-11-15 09:15:00.000 -0500,Alan,459.8,46.55,0.33,8.79,35.14,7.28
2022-11-15 09:30:00.000 -0500,Alan,459.4,44.87,0.33,8.82,43.6,7.27
2022-11-15 09:45:00.000 -0500,Alan,459.5,47.13,0.33,8.84,37.1,7.28
2022-11-15 10:00:00.000 -0500,Alan,459.7,47.48,0.33,8.84,34.99,7.28
2022-11-15 10:15:00.000 -0500,Alan,460.9,47.13,0.33,8.89,42.99,7.29
2022-11-15 10:30:00.000 -0500,Alan,462.3,49.34,0.33,8.96,36.96,7.29
2022-11-15 10:45:00.000 -0500,Alan,460.6,49.11,0.33,8.9,32.76,7.3
2022-11-15 11:00:00.000 -0500,Alan,463.4,48.89,0.33,9.15,36.72,7.3
2022-11-15 11:15:00.000 -0500,Alan,464.3,50.02,0.33,9.23,53.91,7.3
2022-11-15 11:30:00.000 -0500,Alan,464.9,49.85,0.32,9.34,34.61,7.3
2022-11-15 11:45:00.000 -0500,Alan,464.7,49.33,0.32,9.32,35.46,7.3
2022-11-15 12:00:00.000 -0500,Alan,466.9,48.54,0.33,9.46,35.27,7.3
2022-11-15 12:15:00.000 -0500,Alan,467.4,47.2,0.33,9.5,45.98,7.3
2022-11-15 12:30:00.000 -0500,Alan,467.9,48.42,0.33,9.54,34.06,7.3
2022-11-15 12:45:00.000 -0500,Alan,469.3,48.36,0.33,9.61,34.76,7.3
2022-11-15 13:00:00.000 -0500,Alan,469.5,47.58,0.33,9.63,35.07,7.3
2022-11-15 13:15:00.000 -0500,Alan,469.9,49.21,0.33,9.69,34.38,7.3
2022-11-15 13:30:00.000 -0500,Alan,469.9,49.3,0.33,9.68,34.71,7.31
2022-11-15 13:45:00.000 -0500,Alan,470.0,50.63,0.33,9.71,34.65,7.31
2022-11-15 14:00:00.000 -0500,Alan,469.8,50.32,0.33,9.71,35.5,7.31
2022-11-15 14:15:00.000 -0500,Alan,470.1,51.01,0.33,9.7,35.59,7.31
2022-11-15 14:30:00.000 -0500,Alan,470.5,50.31,0.33,9.69,34.66,7.31
2022-11-15 14:45:00.000 -0500,Alan,469.7,50.13,0.33,9.67,34.63,7.31
2022-11-15 15:00:00.000 -0500,Alan,469.5,50.04,0.33,9.66,34.89,7.31
2022-11-15 15:15:00.000 -0500,Alan,468.9,52.21,0.33,9.64,35.6,7.32
2022-11-15 15:30:00.000 -0500,Alan,469.2,52.6,0.33,9.64,34.27,7.33
2022-11-15 15:45:00.000 -0500,Alan,469.0,52.33,0.33,9.61,35.74,7.32
2022-11-15 16:00:00.000 -0500,Alan,468.7,52.38,0.33,9.6,35.1,7.33
2022-11-15 16:15:00.000 -0500,Alan,469.2,54.18,0.33,9.58,34.49,7.33
2022-11-15 16:30:00.000 -0500,Alan,469.0,54.11,0.33,9.57,34.74,7.33
2022-11-15 16:45:00.000 -0500,Alan,467.0,54.3,0.32,9.55,35.19,7.34
2022-11-15 17:00:00.000 -0500,Alan,468.8,54.53,0.33,9.53,34.89,7.33
2022-11-15 17:15:00.000 -0500,Alan,468.9,52.64,0.33,9.51,35.0,7.32
2022-11-15 17:30:00.000 -0500,Alan,468.7,53.47,0.33,9.49,34.61,7.32
2022-11-15 17:45:00.000 -0500,Alan,468.2,54.52,0.33,9.47,36.74,7.33
2022-11-15 18:00:00.000 -0500,Alan,468.5,54.73,0.33,9.45,35.72,7.34
2022-11-15 18:15:00.000 -0500,Alan,467.6,54.02,0.33,9.44,35.28,7.33
2022-11-15 18:30:00.000 -0500,Alan,467.5,53.52,0.33,9.42,35.31,7.33
2022-11-15 18:45:00.000 -0500,Alan,467.2,53.56,0.33,9.4,35.31,7.33
2022-11-15 19:00:00.000 -0500,Alan,466.9,52.98,0.33,9.37,34.33,7.33
2022-11-15 19:15:00.000 -0500,Alan,466.6,52.51,0.33,9.35,34.56,7.32
2022-11-15 19:30:00.000 -0500,Alan,466.3,51.9,0.33,9.33,34.69,7.33
2022-11-22 15:00:00.000 -0500,Alan,425.1,82.1,0.33,5.632,1.7,7.56
2022-11-22 15:15:00.000 -0500,Alan,423.5,82.3,0.33,5.4,1.71,7.59
2022-11-22 15:30:00.000 -0500,Alan,423.8,82.1,0.33,5.443,1.71,7.59
2022-11-22 15:45:00.000 -0500,Alan,423.5,81.3,0.33,5.466,1.63,7.59
2022-11-22 16:00:00.000 -0500,Alan,423.5,80.8,0.33,5.497,1.98,7.59
2022-11-22 16:15:00.000 -0500,Alan,424.9,81.6,0.33,5.428,1.71,7.58
2022-11-22 16:30:00.000 -0500,Alan,423.8,81.1,0.33,5.322,1.71,7.58
2022-11-22 16:45:00.000 -0500,Alan,421.3,80.5,0.33,5.253,1.76,7.58
2022-11-22 17:00:00.000 -0500,Alan,421.1,79.81,0.33,5.185,1.75,7.57
2022-11-22 17:15:00.000 -0500,Alan,420.8,79.51,0.33,5.14,1.75,7.57
2022-11-22 17:30:00.000 -0500,Alan,419.4,79.21,0.33,5.101,1.78,7.57
2022-11-22 17:45:00.000 -0500,Alan,418.9,78.99,0.33,5.069,1.71,7.57
2022-11-22 18:00:00.000 -0500,Alan,418.2,79.24,0.33,5.038,1.62,7.56
2022-11-22 18:15:00.000 -0500,Alan,418.7,79.18,0.33,5.033,1.67,7.57
2022-11-22 18:30:00.000 -0500,Alan,418.3,77.93,0.33,5.004,1.69,7.56
2022-11-22 18:45:00.000 -0500,Alan,418.9,78.28,0.33,4.993,1.65,7.55
2022-11-22 19:00:00.000 -0500,Alan,421.7,78.55,0.33,5.01,1.69,7.55
2022-11-22 19:15:00.000 -0500,Alan,420.0,79.46,0.33,4.991,1.65,7.55
2022-11-22 19:30:00.000 -0500,Alan,421.8,80.0,0.33,5.025,1.74,7.56
2022-11-22 19:45:00.000 -0500,Alan,434.5,80.8,0.34,5.234,2.85,7.54
2022-11-22 20:00:00.000 -0500,Alan,430.6,79.11,0.34,5.187,2.92,7.53
2022-11-22 20:15:00.000 -0500,Alan,430.7,80.1,0.34,5.258,2.67,7.53
2022-11-22 20:30:00.000 -0500,Alan,434.1,80.0,0.34,5.326,2.96,7.51
2022-11-22 20:45:00.000 -0500,Alan,431.1,80.2,0.34,5.208,2.43,7.51
2022-11-22 21:00:00.000 -0500,Alan,428.4,80.7,0.34,5.187,2.56,7.52
2022-11-22 21:15:00.000 -0500,Alan,435.7,80.7,0.34,5.296,2.83,7.51
2022-11-22 21:30:00.000 -0500,Alan,439.5,80.3,0.34,5.357,2.91,7.49
2022-11-22 21:45:00.000 -0500,Alan,436.9,80.0,0.34,5.323,3.55,7.48
2022-11-22 22:00:00.000 -0500,Alan,435.8,79.49,0.34,5.271,2.99,7.49
2022-11-22 22:15:00.000 -0500,Alan,435.2,79.77,0.34,5.243,3.12,7.49
2022-11-22 22:30:00.000 -0500,Alan,434.0,79.01,0.34,5.249,2.75,7.48
2022-11-22 22:45:00.000 -0500,Alan,438.6,78.53,0.34,5.243,3.17,7.47
2022-11-22 23:00:00.000 -0500,Alan,431.3,79.26,0.34,5.101,2.35,7.47
2022-11-22 23:15:00.000 -0500,Alan,431.0,77.95,0.34,5.016,3.39,7.48
2022-11-22 23:30:00.000 -0500,Alan,428.8,76.97,0.34,4.856,3.78,7.48
2022-11-22 23:45:00.000 -0500,Alan,428.1,77.16,0.34,4.889,2.65,7.48
2022-11-23 00:00:00.000 -0500,Alan,431.8,76.65,0.34,4.937,3.1,7.47
2022-11-23 00:15:00.000 -0500,Alan,428.3,76.44,0.34,4.854,2.86,7.47
2022-11-23 00:30:00.000 -0500,Alan,429.1,76.52,0.34,4.847,2.86,7.48
2022-11-23 00:45:00.000 -0500,Alan,426.8,77.38,0.34,4.834,2.66,7.49
2022-11-23 01:00:00.000 -0500,Alan,429.6,77.88,0.34,4.915,2.33,7.49
2022-11-23 01:15:00.000 -0500,Alan,429.1,77.3,0.34,4.827,3.18,7.48
2022-11-23 01:30:00.000 -0500,Alan,427.2,76.17,0.34,4.752,3.24,7.48
2022-11-23 01:45:00.000 -0500,Alan,427.8,75.77,0.34,4.799,3.5,7.47
2022-11-23 02:00:00.000 -0500,Alan,425.2,75.8,0.34,4.708,3.24,7.47
2022-11-23 02:15:00.000 -0500,Alan,422.5,75.88,0.34,4.639,3.14,7.47
2022-11-23 02:30:00.000 -0500,Alan,422.1,75.39,0.34,4.638,3.26,7.48
2022-11-23 02:45:00.000 -0500,Alan,426.0,74.89,0.34,4.732,3.05,7.46
2022-11-23 03:00:00.000 -0500,Alan,426.4,74.95,0.34,4.655,2.96,7.46
2022-11-23 03:15:00.000 -0500,Alan,424.5,74.39,0.34,4.569,2.74,7.46
2022-11-23 03:30:00.000 -0500,Alan,420.5,73.88,0.34,4.39,3.16,7.47
2022-11-23 03:45:00.000 -0500,Alan,417.7,74.66,0.34,4.327,2.85,7.47
2022-11-23 04:00:00.000 -0500,Alan,419.0,73.69,0.34,4.356,2.5,7.47
2022-11-23 04:15:00.000 -0500,Alan,417.7,73.51,0.34,4.307,3.09,7.47
2022-11-23 04:30:00.000 -0500,Alan,417.9,70.75,0.34,4.269,2.85,7.48
2022-11-23 04:45:00.000 -0500,Alan,417.6,72.05,0.34,4.261,2.63,7.47
2022-11-23 05:00:00.000 -0500,Alan,418.2,73.16,0.34,4.312,2.77,7.47
2022-11-23 05:15:00.000 -0500,Alan,415.8,74.43,0.33,4.277,2.24,7.48
2022-11-23 05:30:00.000 -0500,Alan,417.3,73.78,0.34,4.268,2.42,7.47
2022-11-23 05:45:00.000 -0500,Alan,419.2,73.68,0.34,4.265,2.6,7.47
2022-11-23 06:00:00.000 -0500,Alan,418.0,72.85,0.34,4.242,2.35,7.46
2022-11-23 06:15:00.000 -0500,Alan,418.1,72.8,0.34,4.243,2.97,7.46
2022-11-23 06:30:00.000 -0500,Alan,417.0,73.42,0.34,4.231,2.41,7.47
2022-11-23 06:45:00.000 -0500,Alan,416.8,72.27,0.34,4.182,2.79,7.46
2022-11-23 07:00:00.000 -0500,Alan,418.2,71.71,0.34,4.177,2.75,7.45
2022-11-23 07:15:00.000 -0500,Alan,416.2,70.9,0.34,4.043,2.27,7.45
2022-11-23 07:30:00.000 -0500,Alan,415.1,72.63,0.34,3.985,2.29,7.46
2022-11-23 07:45:00.000 -0500,Alan,415.2,73.11,0.34,4.032,2.3,7.47
2022-11-23 08:00:00.000 -0500,Alan,416.0,70.84,0.34,4.127,2.33,7.47
2022-11-23 08:15:00.000 -0500,Alan,415.1,70.06,0.34,4.113,2.25,7.47
2022-11-23 08:30:00.000 -0500,Alan,414.2,70.38,0.34,4.071,2.42,7.47
2022-11-23 08:45:00.000 -0500,Alan,414.2,68.65,0.34,4.077,2.16,7.47
2022-11-23 09:00:00.000 -0500,Alan,414.1,68.46,0.34,4.044,2.5,7.47
2022-11-23 09:15:00.000 -0500,Alan,414.8,69.95,0.34,4.092,2.81,7.47
2022-11-23 09:30:00.000 -0500,Alan,417.4,71.59,0.34,4.083,2.51,7.47
2022-11-23 09:45:00.000 -0500,Alan,418.7,72.01,0.34,4.09,2.79,7.47
2022-11-23 10:00:00.000 -0500,Alan,418.3,71.85,0.34,4.18,2.77,7.46
2022-11-23 10:15:00.000 -0500,Alan,414.6,73.59,0.34,4.111,2.27,7.47
2022-11-23 10:30:00.000 -0500,Alan,412.8,73.26,0.33,4.056,2.2,7.48
2022-11-23 10:45:00.000 -0500,Alan,415.4,73.95,0.34,4.021,2.52,7.48
2022-11-23 11:00:00.000 -0500,Alan,412.6,74.0,0.33,4.07,2.05,7.49
2022-11-23 11:15:00.000 -0500,Alan,412.4,74.99,0.33,4.139,1.87,7.51
2022-11-23 11:30:00.000 -0500,Alan,415.3,75.67,0.33,4.225,1.78,7.5
2022-11-23 11:45:00.000 -0500,Alan,419.0,75.66,0.34,4.285,1.93,7.49
2022-11-23 12:00:00.000 -0500,Alan,420.8,75.65,0.34,4.338,2.07,7.48
2022-11-23 12:15:00.000 -0500,Alan,426.8,78.37,0.34,4.667,2.11,7.49
2022-11-23 12:30:00.000 -0500,Alan,427.3,79.26,0.34,4.769,1.99,7.49
2022-11-23 12:45:00.000 -0500,Alan,426.9,79.66,0.34,4.802,2.01,7.5
2022-11-23 13:00:00.000 -0500,Alan,429.8,79.59,0.34,4.865,2.07,7.5
2022-11-23 13:15:00.000 -0500,Alan,428.6,80.6,0.34,4.917,2.01,7.52
2022-11-23 13:30:00.000 -0500,Alan,431.4,80.7,0.34,4.955,2.11,7.51
2022-11-23 13:45:00.000 -0500,Alan,430.5,81.6,0.34,5.044,2.08,7.52
2022-11-23 14:00:00.000 -0500,Alan,429.8,82.5,0.34,5.135,1.88,7.54
2022-11-23 14:15:00.000 -0500,Alan,430.6,82.9,0.34,5.109,1.95,7.54
2022-11-23 14:30:00.000 -0500,Alan,431.9,83.2,0.34,5.15,1.98,7.55
2022-11-23 14:45:00.000 -0500,Alan,432.2,83.7,0.34,5.295,1.86,7.55
2022-11-23 15:00:00.000 -0500,Alan,431.8,82.9,0.34,5.194,1.98,7.55
2022-11-23 15:15:00.000 -0500,Alan,431.6,82.4,0.34,5.139,1.97,7.54
2022-11-23 15:30:00.000 -0500,Alan,432.2,83.0,0.34,5.214,2.0,7.54
2022-11-23 15:45:00.000 -0500,Alan,431.8,82.8,0.34,5.178,1.86,7.54
2022-11-23 16:00:00.000 -0500,Alan,428.7,82.7,0.34,5.069,1.88,7.55
2022-11-23 16:15:00.000 -0500,Alan,431.2,82.2,0.34,5.219,1.89,7.54
2022-11-23 16:30:00.000 -0500,Alan,429.7,81.4,0.34,5.15,1.84,7.54
2022-11-23 16:45:00.000 -0500,Alan,431.2,81.9,0.34,5.072,1.92,7.54
2022-11-23 17:00:00.000 -0500,Alan,430.2,81.7,0.34,5.089,1.9,7.54
2022-11-23 17:15:00.000 -0500,Alan,428.6,81.0,0.34,5.087,1.87,7.54
2022-11-23 17:30:00.000 -0500,Alan,428.0,79.94,0.34,5.052,1.67,7.53
2022-11-23 17:45:00.000 -0500,Alan,428.2,79.52,0.34,5.062,1.76,7.53
2022-11-23 18:00:00.000 -0500,Alan,428.9,79.75,0.34,5.048,1.85,7.52
2022-11-23 18:15:00.000 -0500,Alan,428.5,79.5,0.34,5.013,1.87,7.52
2022-11-23 18:30:00.000 -0500,Alan,428.3,79.12,0.34,5.019,2.09,7.52
2022-11-23 18:45:00.000 -0500,Alan,428.7,80.9,0.34,5.041,1.9,7.53
2022-11-23 19:00:00.000 -0500,Alan,431.2,81.9,0.34,5.093,1.82,7.53
2022-11-23 19:15:00.000 -0500,Alan,429.5,82.6,0.34,5.035,1.92,7.54
2022-11-23 19:30:00.000 -0500,Alan,430.5,82.7,0.34,5.052,1.85,7.54
2022-11-23 19:45:00.000 -0500,Alan,428.9,82.5,0.34,4.997,1.9,7.55
2022-11-23 20:00:00.000 -0500,Alan,429.0,82.3,0.34,4.99,1.72,7.55
2022-11-23 20:15:00.000 -0500,Alan,429.5,82.6,0.34,5.009,1.84,7.54
2022-11-23 20:30:00.000 -0500,Alan,437.1,82.9,0.34,5.105,1.95,7.54
2022-11-23 20:45:00.000 -0500,Alan,436.1,81.9,0.34,5.025,1.9,7.53
2022-11-23 21:00:00.000 -0500,Alan,438.2,81.9,0.34,5.119,2.24,7.52
2022-11-23 21:15:00.000 -0500,Alan,432.5,82.0,0.34,4.983,2.37,7.52
2022-11-23 21:30:00.000 -0500,Alan,431.7,81.1,0.34,4.93,2.64,7.52
2022-11-23 21:45:00.000 -0500,Alan,432.4,80.7,0.34,4.933,2.49,7.52
2022-11-23 22:00:00.000 -0500,Alan,434.2,80.3,0.34,4.914,3.1,7.51
2022-11-23 22:15:00.000 -0500,Alan,437.7,80.5,0.35,5.019,2.53,7.5
2022-11-23 22:30:00.000 -0500,Alan,431.2,81.1,0.34,4.847,3.76,7.51
2022-11-23 22:45:00.000 -0500,Alan,430.2,79.88,0.34,4.822,2.97,7.5
2022-11-23 23:00:00.000 -0500,Alan,432.3,79.57,0.34,4.845,3.55,7.49
2022-11-23 23:15:00.000 -0500,Alan,429.4,78.56,0.34,4.78,2.54,7.49
2022-11-23 23:30:00.000 -0500,Alan,427.7,78.03,0.34,4.761,3.5,7.49
2022-11-23 23:45:00.000 -0500,Alan,426.5,78.59,0.34,4.708,2.7,7.5
2022-11-24 00:00:00.000 -0500,Alan,430.3,76.7,0.34,4.768,4.19,7.48
2022-11-24 00:15:00.000 -0500,Alan,428.8,77.07,0.34,4.658,3.86,7.48
2022-11-24 00:30:00.000 -0500,Alan,428.4,77.67,0.34,4.642,3.95,7.48
2022-11-24 00:45:00.000 -0500,Alan,426.9,77.22,0.34,4.629,3.33,7.49
2022-11-24 01:00:00.000 -0500,Alan,427.5,77.28,0.34,4.586,3.65,7.49
2022-11-24 01:15:00.000 -0500,Alan,426.9,77.66,0.34,4.574,3.85,7.48
2022-11-24 01:30:00.000 -0500,Alan,424.8,76.41,0.34,4.566,3.47,7.49
2022-11-24 01:45:00.000 -0500,Alan,426.4,76.16,0.34,4.516,4.21,7.49
2022-11-24 02:00:00.000 -0500,Alan,425.9,75.37,0.34,4.478,4.34,7.48
2022-11-24 02:15:00.000 -0500,Alan,425.1,76.13,0.34,4.444,4.62,7.48
2022-11-24 02:30:00.000 -0500,Alan,424.0,75.59,0.34,4.435,4.1,7.48
2022-11-24 02:45:00.000 -0500,Alan,424.0,75.6,0.34,4.44,3.65,7.48
2022-11-24 03:00:00.000 -0500,Alan,424.5,75.45,0.34,4.431,4.27,7.48
2022-11-24 03:15:00.000 -0500,Alan,423.1,74.63,0.34,4.396,4.76,7.47
2022-11-24 03:30:00.000 -0500,Alan,420.8,74.52,0.34,4.302,4.29,7.48
2022-11-24 03:45:00.000 -0500,Alan,420.6,74.44,0.34,4.271,3.93,7.48
2022-11-24 04:00:00.000 -0500,Alan,419.7,73.11,0.34,4.233,4.04,7.47
2022-11-24 04:15:00.000 -0500,Alan,419.3,72.46,0.34,4.203,3.36,7.47
2022-11-24 04:30:00.000 -0500,Alan,419.3,69.96,0.34,4.197,2.98,7.48
2022-11-24 04:45:00.000 -0500,Alan,421.3,68.56,0.34,4.293,3.25,7.47
2022-11-24 05:00:00.000 -0500,Alan,420.6,69.73,0.34,4.259,3.66,7.47
2022-11-24 05:15:00.000 -0500,Alan,419.5,71.47,0.34,4.198,2.97,7.47
2022-11-24 05:30:00.000 -0500,Alan,418.6,70.04,0.34,4.144,2.79,7.47
2022-11-24 05:45:00.000 -0500,Alan,417.9,72.07,0.34,4.125,2.74,7.48
2022-11-24 06:00:00.000 -0500,Alan,417.3,73.54,0.34,4.095,2.62,7.48
2022-11-24 06:15:00.000 -0500,Alan,418.3,75.29,0.34,4.147,2.94,7.47
2022-11-24 06:30:00.000 -0500,Alan,424.8,74.51,0.34,4.126,4.24,7.47
2022-11-24 06:45:00.000 -0500,Alan,421.1,73.73,0.34,4.102,3.19,7.45
2022-11-24 07:00:00.000 -0500,Alan,419.9,74.43,0.34,4.1,2.82,7.46
2022-11-24 07:15:00.000 -0500,Alan,418.8,72.28,0.34,4.092,2.45,7.47
2022-11-24 07:30:00.000 -0500,Alan,418.1,71.5,0.34,4.066,2.3,7.47
2022-11-24 07:45:00.000 -0500,Alan,418.1,71.37,0.34,4.052,2.65,7.48
2022-11-24 08:00:00.000 -0500,Alan,417.9,70.82,0.34,4.088,2.43,7.48
2022-11-24 08:15:00.000 -0500,Alan,416.5,71.22,0.34,4.087,2.36,7.49
2022-11-24 08:30:00.000 -0500,Alan,414.6,68.55,0.34,3.97,2.96,7.49
2022-11-24 08:45:00.000 -0500,Alan,415.3,74.16,0.34,4.0,3.31,7.48
2022-11-24 09:00:00.000 -0500,Alan,417.6,73.83,0.34,4.035,3.98,7.48
2022-11-24 09:15:00.000 -0500,Alan,416.8,74.26,0.34,3.984,4.25,7.46
2022-11-24 09:30:00.000 -0500,Alan,416.1,74.65,0.34,4.033,3.23,7.46
2022-11-24 09:45:00.000 -0500,Alan,416.3,73.04,0.34,4.058,3.17,7.46
2022-11-24 10:00:00.000 -0500,Alan,416.0,76.19,0.34,4.052,2.93,7.48
2022-11-24 10:15:00.000 -0500,Alan,415.2,77.38,0.34,4.045,2.53,7.49
2022-11-24 10:30:00.000 -0500,Alan,413.7,78.28,0.34,3.995,2.52,7.51
2022-11-24 10:45:00.000 -0500,Alan,414.0,77.98,0.34,3.976,3.14,7.51
2022-11-24 11:00:00.000 -0500,Alan,413.7,78.29,0.34,4.011,2.36,7.52
2022-11-24 11:15:00.000 -0500,Alan,415.2,78.84,0.34,4.13,2.18,7.53
2022-11-24 11:30:00.000 -0500,Alan,415.3,78.72,0.34,4.176,2.08,7.54
2022-11-24 11:45:00.000 -0500,Alan,415.1,79.1,0.33,4.22,1.97,7.55
2022-11-24 12:00:00.000 -0500,Alan,415.9,79.79,0.33,4.266,1.88,7.55
2022-11-24 12:15:00.000 -0500,Alan,416.0,79.83,0.33,4.284,1.81,7.56
2022-11-24 12:30:00.000 -0500,Alan,416.7,80.5,0.34,4.317,2.07,7.56
2022-11-24 12:45:00.000 -0500,Alan,415.5,80.3,0.33,4.271,1.83,7.57
2022-11-24 13:00:00.000 -0500,Alan,418.5,81.1,0.34,4.402,1.75,7.57
2022-11-24 13:15:00.000 -0500,Alan,417.7,80.6,0.33,4.482,1.79,7.57
2022-11-24 13:30:00.000 -0500,Alan,420.1,80.6,0.33,4.699,2.0,7.56
2022-11-24 13:45:00.000 -0500,Alan,418.4,80.3,0.34,4.413,2.05,7.56
2022-11-24 14:00:00.000 -0500,Alan,425.0,81.6,0.34,4.984,2.08,7.55
2022-11-24 14:15:00.000 -0500,Alan,430.9,82.3,0.33,5.549,1.91,7.57
2022-11-24 14:30:00.000 -0500,Alan,424.1,82.1,0.33,5.149,1.95,7.58
2022-11-24 14:45:00.000 -0500,Alan,430.9,82.4,0.33,5.628,1.9,7.58
2022-11-24 15:00:00.000 -0500,Alan,434.4,82.5,0.33,5.834,1.87,7.58
2022-11-24 15:15:00.000 -0500,Alan,433.1,83.1,0.33,5.714,1.86,7.58
2022-11-24 15:30:00.000 -0500,Alan,434.3,82.6,0.33,5.862,1.84,7.58
2022-11-24 15:45:00.000 -0500,Alan,428.0,82.9,0.33,5.565,1.9,7.58
2022-11-24 16:00:00.000 -0500,Alan,427.4,83.6,0.33,5.243,1.97,7.58
2022-11-24 16:15:00.000 -0500,Alan,424.9,83.8,0.33,5.186,1.86,7.58
2022-11-24 16:30:00.000 -0500,Alan,424.5,82.6,0.33,5.01,1.73,7.58
2022-11-24 16:45:00.000 -0500,Alan,426.0,82.7,0.34,5.04,1.72,7.58
2022-11-24 17:00:00.000 -0500,Alan,425.3,81.7,0.33,5.032,1.76,7.57
2022-11-24 17:15:00.000 -0500,Alan,424.6,80.7,0.33,4.994,1.76,7.57
2022-11-24 17:30:00.000 -0500,Alan,424.3,81.6,0.34,4.938,1.79,7.57
2022-11-24 17:45:00.000 -0500,Alan,423.7,82.4,0.34,4.876,1.86,7.56
2022-11-24 18:00:00.000 -0500,Alan,424.1,82.4,0.34,4.914,1.78,7.57
2022-11-24 18:15:00.000 -0500,Alan,423.8,82.3,0.33,4.92,1.85,7.57
2022-11-24 18:30:00.000 -0500,Alan,423.8,82.4,0.34,4.856,1.85,7.56
2022-11-24 18:45:00.000 -0500,Alan,423.8,81.7,0.34,4.897,1.81,7.56
2022-11-24 19:00:00.000 -0500,Alan,424.1,81.3,0.34,4.901,1.89,7.56
2022-11-24 19:15:00.000 -0500,Alan,424.2,80.5,0.34,4.921,1.86,7.55
2022-11-24 19:30:00.000 -0500,Alan,424.2,81.4,0.34,4.877,1.91,7.56
2022-11-24 19:45:00.000 -0500,Alan,424.8,81.2,0.34,4.947,1.82,7.55
2022-11-24 20:00:00.000 -0500,Alan,424.1,81.3,0.34,4.92,1.73,7.55
2022-11-24 20:15:00.000 -0500,Alan,424.0,80.7,0.34,4.904,1.75,7.55
2022-11-24 20:30:00.000 -0500,Alan,424.7,80.1,0.34,4.944,1.96,7.55
2022-11-24 20:45:00.000 -0500,Alan,424.9,80.9,0.34,4.948,2.0,7.55
2022-11-24 21:00:00.000 -0500,Alan,425.2,80.8,0.34,4.98,1.92,7.55
2022-11-24 21:15:00.000 -0500,Alan,425.6,81.5,0.34,4.983,1.68,7.55
2022-11-24 21:30:00.000 -0500,Alan,429.6,81.8,0.34,5.101,2.1,7.55
2022-11-24 21:45:00.000 -0500,Alan,428.3,82.2,0.34,5.092,2.03,7.54
2022-11-24 22:00:00.000 -0500,Alan,430.6,82.4,0.34,5.16,2.31,7.54
2022-11-24 22:15:00.000 -0500,Alan,431.6,82.4,0.34,5.181,2.0,7.53
2022-11-24 22:30:00.000 -0500,Alan,431.9,82.2,0.34,5.177,2.99,7.53
2022-11-24 22:45:00.000 -0500,Alan,432.2,82.4,0.34,5.195,2.29,7.53
2022-11-24 23:00:00.000 -0500,Alan,436.2,82.2,0.34,5.284,2.26,7.52
2022-11-24 23:15:00.000 -0500,Alan,437.4,81.4,0.34,5.334,2.38,7.51
2022-11-24 23:30:00.000 -0500,Alan,437.4,81.6,0.34,5.295,2.27,7.51
2022-11-24 23:45:00.000 -0500,Alan,435.3,81.9,0.34,5.242,2.18,7.52
2022-11-25 00:00:00.000 -0500,Alan,429.8,82.6,0.34,5.137,2.05,7.54
2022-11-25 00:15:00.000 -0500,Alan,427.3,82.5,0.34,5.047,2.01,7.55
2022-11-25 00:30:00.000 -0500,Alan,439.8,79.86,0.34,5.264,2.82,7.5
2022-11-25 00:45:00.000 -0500,Alan,440.5,80.1,0.35,5.252,3.29,7.49
2022-11-25 01:00:00.000 -0500,Alan,437.5,79.92,0.34,5.16,3.3,7.49
2022-11-25 01:15:00.000 -0500,Alan,435.9,79.74,0.34,5.149,3.35,7.49
2022-11-25 01:30:00.000 -0500,Alan,434.8,79.93,0.34,5.139,2.8,7.5
2022-11-25 01:45:00.000 -0500,Alan,434.3,77.42,0.34,5.133,4.1,7.5
2022-11-25 02:00:00.000 -0500,Alan,438.2,77.43,0.34,5.155,2.98,7.47
2022-11-25 02:15:00.000 -0500,Alan,440.2,77.26,0.35,5.132,5.61,7.46
2022-11-25 02:30:00.000 -0500,Alan,434.7,77.57,0.34,5.081,3.66,7.47
2022-11-25 02:45:00.000 -0500,Alan,435.0,78.29,0.34,5.088,4.08,7.48
2022-11-25 03:00:00.000 -0500,Alan,435.1,77.97,0.34,5.079,4.74,7.48
2022-11-25 03:15:00.000 -0500,Alan,434.4,78.94,0.34,5.072,3.91,7.48
2022-11-25 03:30:00.000 -0500,Alan,432.8,79.2,0.34,5.015,3.64,7.48
2022-11-25 03:45:00.000 -0500,Alan,436.7,78.68,0.34,5.0,4.42,7.49
2022-11-25 04:00:00.000 -0500,Alan,436.1,78.32,0.34,5.004,4.06,7.48
2022-11-25 04:15:00.000 -0500,Alan,433.8,78.83,0.34,4.961,4.71,7.49
2022-11-25 04:30:00.000 -0500,Alan,432.2,77.42,0.34,4.96,3.46,7.48
2022-11-25 04:45:00.000 -0500,Alan,431.4,74.81,0.34,4.946,2.76,7.49
2022-11-25 05:00:00.000 -0500,Alan,431.3,78.17,0.34,4.963,3.66,7.49
2022-11-25 05:15:00.000 -0500,Alan,430.8,79.48,0.34,4.932,4.3,7.5
2022-11-25 05:30:00.000 -0500,Alan,431.8,79.25,0.34,4.927,3.53,7.5
2022-11-25 05:45:00.000 -0500,Alan,429.3,79.4,0.34,4.926,2.6,7.51
2022-11-25 06:00:00.000 -0500,Alan,433.4,78.67,0.34,4.943,3.73,7.5
2022-11-25 06:15:00.000 -0500,Alan,431.4,78.56,0.34,4.927,3.16,7.49
2022-11-25 06:30:00.000 -0500,Alan,431.4,77.46,0.34,4.943,2.84,7.48
2022-11-25 06:45:00.000 -0500,Alan,436.5,78.9,0.35,4.942,3.42,7.5
2022-11-25 07:00:00.000 -0500,Alan,437.4,78.65,0.35,4.976,3.73,7.49
2022-11-25 07:15:00.000 -0500,Alan,426.4,78.76,0.34,4.925,2.19,7.52
2022-11-25 07:30:00.000 -0500,Alan,429.0,79.11,0.34,4.939,2.54,7.52
2022-11-25 07:45:00.000 -0500,Alan,427.2,79.15,0.34,4.929,2.29,7.53
2022-11-25 08:00:00.000 -0500,Alan,426.9,79.37,0.34,4.935,1.97,7.53
2022-11-25 08:15:00.000 -0500,Alan,428.0,79.17,0.34,4.947,2.42,7.53
2022-11-25 08:30:00.000 -0500,Alan,430.8,78.53,0.34,4.952,2.51,7.52
2022-11-25 08:45:00.000 -0500,Alan,425.5,79.59,0.34,4.968,1.93,7.53
2022-11-25 09:00:00.000 -0500,Alan,425.8,78.67,0.34,4.991,1.97,7.53
2022-11-25 09:15:00.000 -0500,Alan,432.2,79.06,0.34,5.005,2.41,7.54
2022-11-25 09:30:00.000 -0500,Alan,425.7,79.66,0.34,5.021,1.88,7.55
2022-11-25 09:45:00.000 -0500,Alan,426.6,79.65,0.34,5.035,1.98,7.55
2022-11-25 10:00:00.000 -0500,Alan,426.2,80.0,0.34,5.022,1.98,7.54
2022-11-25 10:15:00.000 -0500,Alan,426.4,80.6,0.34,5.027,1.96,7.55
2022-11-25 10:30:00.000 -0500,Alan,426.4,80.6,0.34,5.023,1.91,7.56
2022-11-25 10:45:00.000 -0500,Alan,425.8,81.2,0.34,5.062,1.78,7.56
2022-11-25 11:00:00.000 -0500,Alan,426.4,81.3,0.34,5.071,1.82,7.57
2022-11-25 11:15:00.000 -0500,Alan,426.6,81.6,0.34,5.092,1.79,7.57
2022-11-25 11:30:00.000 -0500,Alan,426.6,81.2,0.34,5.1,1.79,7.56
2022-11-25 11:45:00.000 -0500,Alan,426.6,81.2,0.34,5.106,1.88,7.57
2022-11-25 12:00:00.000 -0500,Alan,427.8,81.6,0.34,5.105,1.99,7.57
2022-11-25 12:15:00.000 -0500,Alan,427.0,81.3,0.34,5.15,1.87,7.56
2022-11-25 12:30:00.000 -0500,Alan,427.3,82.0,0.34,5.154,1.82,7.57
2022-11-25 12:45:00.000 -0500,Alan,427.6,82.0,0.34,5.161,1.82,7.58
2022-11-25 13:00:00.000 -0500,Alan,428.1,82.8,0.33,5.296,1.72,7.58
2022-11-25 13:15:00.000 -0500,Alan,428.6,82.7,0.34,5.295,1.75,7.58
2022-11-25 13:30:00.000 -0500,Alan,428.6,83.0,0.34,5.295,1.82,7.58
2022-11-25 13:45:00.000 -0500,Alan,429.5,83.3,0.34,5.374,1.71,7.59
2022-11-25 14:00:00.000 -0500,Alan,429.3,83.4,0.33,5.375,1.78,7.59
2022-11-25 14:15:00.000 -0500,Alan,429.9,83.5,0.33,5.403,1.75,7.59
2022-11-25 14:30:00.000 -0500,Alan,429.9,83.2,0.33,5.403,1.68,7.59
2022-11-25 14:45:00.000 -0500,Alan,430.4,83.5,0.33,5.452,1.76,7.59
2022-11-25 15:00:00.000 -0500,Alan,430.6,83.4,0.34,5.419,1.74,7.59
2022-11-25 15:15:00.000 -0500,Alan,430.7,83.8,0.34,5.462,2.27,7.59
2022-11-25 15:30:00.000 -0500,Alan,432.4,85.4,0.34,5.495,1.96,7.58
2022-11-25 15:45:00.000 -0500,Alan,432.5,84.6,0.34,5.551,1.76,7.59
2022-11-25 16:00:00.000 -0500,Alan,432.4,84.6,0.34,5.525,1.88,7.58
2022-11-25 16:15:00.000 -0500,Alan,433.4,84.6,0.34,5.531,1.81,7.58
2022-11-25 16:30:00.000 -0500,Alan,430.8,83.5,0.34,5.37,1.84,7.58
2022-11-25 16:45:00.000 -0500,Alan,430.9,82.3,0.34,5.33,1.78,7.56
2022-11-25 17:00:00.000 -0500,Alan,433.1,82.0,0.34,5.398,1.93,7.55
2022-11-25 17:15:00.000 -0500,Alan,433.7,80.6,0.34,5.288,2.02,7.53
2022-11-25 17:30:00.000 -0500,Alan,434.5,81.0,0.34,5.335,2.09,7.53
2022-11-25 17:45:00.000 -0500,Alan,435.5,81.2,0.34,5.328,2.24,7.52
2022-11-25 18:00:00.000 -0500,Alan,436.7,80.9,0.34,5.32,2.22,7.51
2022-11-25 18:15:00.000 -0500,Alan,443.6,80.7,0.35,5.466,2.52,7.5
2022-11-25 18:30:00.000 -0500,Alan,439.4,79.79,0.34,5.39,2.49,7.5
2022-11-25 18:45:00.000 -0500,Alan,437.1,80.5,0.34,5.33,2.28,7.51
2022-11-25 19:00:00.000 -0500,Alan,437.7,80.1,0.34,5.329,2.23,7.5
2022-11-25 19:15:00.000 -0500,Alan,438.5,79.78,0.34,5.335,2.48,7.5
2022-11-25 19:30:00.000 -0500,Alan,443.5,79.83,0.35,5.444,3.03,7.48
2022-11-25 19:45:00.000 -0500,Alan,443.4,78.71,0.35,5.442,3.4,7.46
2022-11-25 20:00:00.000 -0500,Alan,443.1,79.19,0.35,5.383,2.84,7.48
2022-11-25 20:15:00.000 -0500,Alan,448.2,78.77,0.35,5.438,2.99,7.47
2022-11-25 20:30:00.000 -0500,Alan,445.8,78.47,0.35,5.409,2.77,7.46
2022-11-25 20:45:00.000 -0500,Alan,443.7,78.44,0.35,5.371,2.61,7.46
2022-11-25 21:00:00.000 -0500,Alan,444.3,78.3,0.35,5.38,2.63,7.47
2022-11-25 21:15:00.000 -0500,Alan,441.0,78.56,0.34,5.307,2.45,7.47
2022-11-25 21:30:00.000 -0500,Alan,441.9,78.31,0.35,5.304,2.46,7.48
2022-11-25 21:45:00.000 -0500,Alan,451.4,75.6,0.35,5.395,4.08,7.43
2022-11-25 22:00:00.000 -0500,Alan,456.6,74.77,0.36,5.418,5.02,7.41
2022-11-25 22:15:00.000 -0500,Alan,446.9,75.98,0.35,5.326,3.85,7.43
2022-11-25 22:30:00.000 -0500,Alan,444.8,77.13,0.35,5.285,3.22,7.46
2022-11-25 22:45:00.000 -0500,Alan,443.7,76.23,0.35,5.241,2.93,7.45
2022-11-25 23:00:00.000 -0500,Alan,452.0,75.32,0.35,5.264,3.64,7.44
2022-11-25 23:15:00.000 -0500,Alan,446.4,75.35,0.35,5.275,3.35,7.43
2022-11-25 23:30:00.000 -0500,Alan,441.1,75.36,0.35,5.205,2.71,7.44
2022-11-25 23:45:00.000 -0500,Alan,447.5,75.77,0.35,5.224,3.74,7.44
2022-11-26 00:00:00.000 -0500,Alan,451.0,73.95,0.35,5.218,4.48,7.41
2022-11-26 00:15:00.000 -0500,Alan,447.5,75.56,0.35,5.198,3.79,7.43
2022-11-26 00:30:00.000 -0500,Alan,440.8,75.09,0.35,5.149,3.11,7.43
2022-11-26 00:45:00.000 -0500,Alan,445.2,74.76,0.35,5.165,4.5,7.43
2022-11-26 01:00:00.000 -0500,Alan,445.7,74.97,0.35,5.177,4.61,7.43
2022-11-26 01:15:00.000 -0500,Alan,444.2,75.35,0.35,5.137,4.64,7.44
2022-11-26 01:30:00.000 -0500,Alan,442.3,74.91,0.35,5.155,4.37,7.44
2022-11-26 01:45:00.000 -0500,Alan,441.0,75.93,0.35,5.087,3.48,7.45
2022-11-26 02:00:00.000 -0500,Alan,440.6,75.53,0.35,5.06,3.03,7.45
2022-11-26 02:15:00.000 -0500,Alan,444.9,75.7,0.35,5.066,3.27,7.45
2022-11-26 02:30:00.000 -0500,Alan,439.5,76.02,0.35,5.064,2.66,7.46
2022-11-26 02:45:00.000 -0500,Alan,441.0,75.96,0.35,5.065,2.59,7.46
2022-11-26 03:00:00.000 -0500,Alan,439.6,76.02,0.35,5.051,2.47,7.47
2022-11-26 03:15:00.000 -0500,Alan,437.5,76.15,0.34,5.035,2.38,7.47
2022-11-26 03:30:00.000 -0500,Alan,437.2,75.9,0.34,5.039,2.36,7.47
2022-11-26 03:45:00.000 -0500,Alan,437.2,75.58,0.35,4.992,2.43,7.47
2022-11-26 04:00:00.000 -0500,Alan,439.9,75.77,0.35,4.991,2.46,7.47
2022-11-26 04:15:00.000 -0500,Alan,435.4,76.28,0.34,4.954,2.24,7.47
2022-11-26 04:30:00.000 -0500,Alan,438.1,75.61,0.35,4.939,2.45,7.47
2022-11-26 04:45:00.000 -0500,Alan,438.2,75.69,0.35,4.934,2.53,7.47
2022-11-26 05:00:00.000 -0500,Alan,440.7,74.79,0.35,4.957,2.46,7.47
2022-11-26 05:15:00.000 -0500,Alan,438.5,73.53,0.35,4.941,2.45,7.44
2022-11-26 05:30:00.000 -0500,Alan,439.8,74.59,0.35,4.939,2.46,7.45
2022-11-26 05:45:00.000 -0500,Alan,444.2,73.55,0.35,4.991,2.84,7.44
2022-11-26 06:00:00.000 -0500,Alan,450.2,72.18,0.36,5.038,4.17,7.42
2022-11-26 06:15:00.000 -0500,Alan,451.8,73.02,0.36,5.058,4.49,7.43
2022-11-26 06:30:00.000 -0500,Alan,445.7,73.55,0.35,5.0,3.84,7.43
2022-11-26 06:45:00.000 -0500,Alan,445.0,72.57,0.35,4.996,4.29,7.41
2022-11-26 07:00:00.000 -0500,Alan,440.2,73.2,0.35,4.934,2.94,7.43
2022-11-26 07:15:00.000 -0500,Alan,437.0,73.89,0.35,4.861,2.98,7.45
2022-11-26 07:30:00.000 -0500,Alan,437.5,73.67,0.35,4.866,2.91,7.45
2022-11-26 07:45:00.000 -0500,Alan,441.2,71.53,0.35,4.912,3.61,7.44
2022-11-26 08:00:00.000 -0500,Alan,440.5,72.76,0.35,4.864,3.13,7.44
2022-11-26 08:15:00.000 -0500,Alan,440.6,72.71,0.35,4.821,3.02,7.44
2022-11-26 08:30:00.000 -0500,Alan,440.2,72.05,0.35,4.822,2.64,7.43
2022-11-26 08:45:00.000 -0500,Alan,442.1,72.58,0.35,4.829,2.66,7.42
2022-11-26 09:00:00.000 -0500,Alan,444.6,73.16,0.35,4.823,2.57,7.42
2022-11-26 09:15:00.000 -0500,Alan,444.0,73.18,0.35,4.834,2.52,7.43
2022-11-26 09:30:00.000 -0500,Alan,438.4,73.46,0.35,4.882,2.47,7.44
2022-11-26 09:45:00.000 -0500,Alan,441.6,73.58,0.35,4.893,2.57,7.43
2022-11-26 10:00:00.000 -0500,Alan,442.5,73.92,0.35,4.916,2.44,7.44
2022-11-26 10:15:00.000 -0500,Alan,441.1,74.5,0.35,4.976,2.43,7.44
2022-11-26 10:30:00.000 -0500,Alan,444.3,74.19,0.35,5.032,2.57,7.44
2022-11-26 10:45:00.000 -0500,Alan,445.4,74.97,0.35,5.127,2.56,7.43
2022-11-26 11:00:00.000 -0500,Alan,448.7,75.55,0.35,5.152,2.57,7.44
2022-11-26 11:15:00.000 -0500,Alan,449.9,75.77,0.35,5.229,2.5,7.43
2022-11-26 11:30:00.000 -0500,Alan,446.9,76.4,0.35,5.292,2.42,7.45
2022-11-26 11:45:00.000 -0500,Alan,447.6,77.15,0.35,5.27,2.49,7.46
2022-11-26 12:00:00.000 -0500,Alan,446.5,77.28,0.35,5.372,2.25,7.46
2022-11-26 12:15:00.000 -0500,Alan,447.1,77.91,0.35,5.416,2.41,7.46
2022-11-26 12:30:00.000 -0500,Alan,447.1,78.13,0.35,5.359,2.39,7.47
2022-11-26 12:45:00.000 -0500,Alan,446.1,78.94,0.35,5.416,2.28,7.48
2022-11-26 13:00:00.000 -0500,Alan,447.0,79.16,0.35,5.459,2.4,7.48
2022-11-26 13:15:00.000 -0500,Alan,445.3,79.63,0.35,5.372,2.27,7.48
2022-11-26 13:30:00.000 -0500,Alan,444.3,78.68,0.35,5.316,2.35,7.48
2022-11-26 13:45:00.000 -0500,Alan,445.3,78.87,0.35,5.301,2.36,7.48
2022-11-26 14:00:00.000 -0500,Alan,444.9,78.21,0.35,5.292,2.37,7.48
2022-11-26 14:15:00.000 -0500,Alan,442.8,78.72,0.35,5.352,2.48,7.49
2022-11-26 14:30:00.000 -0500,Alan,445.6,78.58,0.35,5.341,2.28,7.49
2022-11-26 14:45:00.000 -0500,Alan,441.2,79.54,0.34,5.352,2.3,7.51
2022-11-26 15:00:00.000 -0500,Alan,438.3,80.2,0.34,5.376,2.29,7.52
2022-11-26 15:15:00.000 -0500,Alan,438.6,80.8,0.34,5.439,2.13,7.53
2022-11-26 15:30:00.000 -0500,Alan,440.7,80.9,0.34,5.416,2.24,7.53
2022-11-26 15:45:00.000 -0500,Alan,438.2,81.0,0.34,5.39,2.22,7.53
2022-11-26 16:00:00.000 -0500,Alan,441.3,81.1,0.34,5.467,2.2,7.53
2022-11-26 16:15:00.000 -0500,Alan,443.7,81.3,0.34,5.549,2.01,7.53
2022-11-26 16:30:00.000 -0500,Alan,443.4,80.9,0.34,5.553,2.13,7.52
2022-11-26 16:45:00.000 -0500,Alan,443.0,81.1,0.34,5.524,2.26,7.52
2022-11-26 17:00:00.000 -0500,Alan,444.3,78.94,0.35,5.554,2.12,7.51
2022-11-26 17:15:00.000 -0500,Alan,444.2,77.07,0.34,5.569,2.07,7.51
2022-11-26 17:30:00.000 -0500,Alan,444.4,76.63,0.34,5.59,2.19,7.5
2022-11-26 17:45:00.000 -0500,Alan,445.6,73.9,0.35,5.629,2.12,7.51
2022-11-26 18:00:00.000 -0500,Alan,445.5,76.4,0.35,5.622,2.21,7.51
2022-11-26 18:15:00.000 -0500,Alan,444.6,79.83,0.34,5.592,2.2,7.52
2022-11-26 18:30:00.000 -0500,Alan,445.2,80.8,0.35,5.588,2.1,7.51
2022-11-26 18:45:00.000 -0500,Alan,447.0,80.4,0.35,5.582,2.47,7.51
2022-11-26 19:00:00.000 -0500,Alan,448.2,80.9,0.35,5.618,2.26,7.51
2022-11-26 19:15:00.000 -0500,Alan,448.6,80.9,0.35,5.632,2.35,7.5
2022-11-26 19:30:00.000 -0500,Alan,447.1,81.3,0.35,5.624,2.24,7.5
2022-11-26 19:45:00.000 -0500,Alan,448.6,80.4,0.35,5.553,2.29,7.5
2022-11-26 20:00:00.000 -0500,Alan,463.2,80.2,0.36,5.86,2.81,7.48
2022-11-26 20:15:00.000 -0500,Alan,452.1,80.8,0.35,5.701,2.58,7.48
2022-11-26 20:30:00.000 -0500,Alan,454.3,80.3,0.35,5.729,3.03,7.48
2022-11-26 20:45:00.000 -0500,Alan,456.4,79.49,0.35,5.815,3.77,7.46
2022-11-26 21:00:00.000 -0500,Alan,455.7,80.0,0.35,5.799,4.44,7.46
2022-11-26 21:15:00.000 -0500,Alan,451.9,82.0,0.35,5.721,3.69,7.48
2022-11-26 21:30:00.000 -0500,Alan,450.2,81.9,0.35,5.693,2.76,7.5
2022-11-26 21:45:00.000 -0500,Alan,451.3,82.1,0.35,5.684,3.27,7.5
2022-11-26 22:00:00.000 -0500,Alan,452.9,81.9,0.35,5.694,3.22,7.5
2022-11-26 22:15:00.000 -0500,Alan,452.1,82.4,0.35,5.685,3.25,7.49
2022-11-26 22:30:00.000 -0500,Alan,452.3,82.2,0.35,5.682,2.69,7.5
2022-11-26 22:45:00.000 -0500,Alan,455.5,82.0,0.35,5.728,3.17,7.5
2022-11-26 23:00:00.000 -0500,Alan,453.8,80.7,0.35,5.699,2.82,7.49
2022-11-26 23:15:00.000 -0500,Alan,451.7,80.3,0.35,5.651,2.65,7.48
2022-11-26 23:30:00.000 -0500,Alan,453.0,80.3,0.35,5.673,3.29,7.48
2022-11-26 23:45:00.000 -0500,Alan,454.4,80.9,0.35,5.693,3.41,7.48
2022-11-27 00:00:00.000 -0500,Alan,455.1,80.3,0.35,5.715,3.2,7.48
2022-11-27 00:15:00.000 -0500,Alan,450.2,80.3,0.35,5.63,2.78,7.48
2022-11-27 00:30:00.000 -0500,Alan,452.3,80.5,0.35,5.65,2.62,7.49
2022-11-27 00:45:00.000 -0500,Alan,450.3,79.9,0.35,5.603,2.72,7.48
2022-11-27 01:00:00.000 -0500,Alan,448.4,80.3,0.35,5.57,2.7,7.49
2022-11-27 01:15:00.000 -0500,Alan,449.9,79.6,0.35,5.586,3.09,7.49
2022-11-27 01:30:00.000 -0500,Alan,453.6,79.07,0.35,5.641,3.31,7.48
2022-11-27 01:45:00.000 -0500,Alan,455.7,78.71,0.35,5.692,3.08,7.47
2022-11-27 02:00:00.000 -0500,Alan,453.0,79.47,0.35,5.65,3.13,7.47
2022-11-27 02:15:00.000 -0500,Alan,454.3,79.61,0.35,5.613,2.74,7.47
2022-11-27 02:30:00.000 -0500,Alan,449.9,79.29,0.35,5.561,2.8,7.47
2022-11-27 02:45:00.000 -0500,Alan,456.0,79.01,0.35,5.656,3.24,7.46
2022-11-27 03:00:00.000 -0500,Alan,460.0,79.12,0.36,5.688,3.03,7.46
2022-11-27 03:15:00.000 -0500,Alan,456.5,79.0,0.35,5.604,2.47,7.45
2022-11-27 03:30:00.000 -0500,Alan,460.0,79.09,0.36,5.601,2.73,7.47
2022-11-27 03:45:00.000 -0500,Alan,452.2,78.89,0.35,5.514,2.19,7.45
2022-11-27 04:00:00.000 -0500,Alan,451.4,79.41,0.35,5.501,2.58,7.46
2022-11-27 04:15:00.000 -0500,Alan,453.3,77.35,0.35,5.483,2.59,7.45
2022-11-27 04:30:00.000 -0500,Alan,445.5,79.02,0.35,5.316,2.04,7.46
2022-11-27 04:45:00.000 -0500,Alan,445.7,79.37,0.35,5.303,2.25,7.48
2022-11-27 05:00:00.000 -0500,Alan,450.2,78.59,0.35,5.388,2.52,7.47
2022-11-27 05:15:00.000 -0500,Alan,442.7,80.6,0.35,5.229,2.11,7.49
2022-11-27 05:30:00.000 -0500,Alan,442.8,80.8,0.35,5.2,1.96,7.5
2022-11-27 05:45:00.000 -0500,Alan,442.6,82.3,0.35,5.174,2.02,7.51
2022-11-27 06:00:00.000 -0500,Alan,443.1,81.4,0.35,5.177,2.07,7.52
2022-11-27 06:15:00.000 -0500,Alan,440.6,80.5,0.35,5.087,1.97,7.52
2022-11-27 06:30:00.000 -0500,Alan,442.0,80.5,0.35,5.123,2.02,7.51
2022-11-27 06:45:00.000 -0500,Alan,442.1,80.2,0.35,5.114,1.87,7.5
2022-11-27 07:00:00.000 -0500,Alan,442.3,79.12,0.35,5.119,2.17,7.5
2022-11-27 07:15:00.000 -0500,Alan,442.1,79.56,0.35,5.113,2.27,7.5
2022-11-27 07:30:00.000 -0500,Alan,442.2,79.47,0.35,5.097,2.02,7.5
2022-11-27 07:45:00.000 -0500,Alan,440.9,79.55,0.35,5.067,2.04,7.5
2022-11-27 08:00:00.000 -0500,Alan,441.6,78.69,0.35,5.049,2.11,7.5
2022-11-27 08:15:00.000 -0500,Alan,441.7,78.82,0.35,5.07,2.13,7.5
2022-11-27 08:30:00.000 -0500,Alan,442.9,79.84,0.35,5.084,1.92,7.5
2022-11-27 08:45:00.000 -0500,Alan,441.3,80.3,0.35,5.065,1.99,7.51
2022-11-27 09:00:00.000 -0500,Alan,441.6,80.6,0.35,5.039,2.17,7.51
2022-11-27 09:15:00.000 -0500,Alan,439.8,80.9,0.35,5.018,2.08,7.51
2022-11-27 09:30:00.000 -0500,Alan,439.9,80.7,0.35,5.009,2.14,7.51
2022-11-27 09:45:00.000 -0500,Alan,438.9,81.5,0.35,4.987,2.05,7.52
2022-11-27 10:00:00.000 -0500,Alan,439.5,81.4,0.35,5.005,1.98,7.53
2022-11-27 10:15:00.000 -0500,Alan,439.3,81.8,0.35,5.013,1.98,7.53
2022-11-27 10:30:00.000 -0500,Alan,438.9,81.7,0.35,5.017,2.04,7.53
2022-11-27 10:45:00.000 -0500,Alan,438.4,81.1,0.35,5.024,1.82,7.53
2022-11-27 11:00:00.000 -0500,Alan,438.8,81.5,0.35,5.039,1.93,7.54
2022-11-27 11:15:00.000 -0500,Alan,439.5,82.0,0.35,5.02,2.07,7.54
2022-11-27 11:30:00.000 -0500,Alan,440.0,81.8,0.35,5.091,2.0,7.54
2022-11-27 11:45:00.000 -0500,Alan,439.7,80.5,0.35,5.156,1.87,7.53
2022-11-27 12:00:00.000 -0500,Alan,440.0,81.7,0.35,5.146,2.04,7.54
2022-11-27 12:15:00.000 -0500,Alan,440.6,81.2,0.35,5.217,1.93,7.53
2022-11-27 12:30:00.000 -0500,Alan,441.0,82.2,0.35,5.2,1.98,7.54
2022-11-27 12:45:00.000 -0500,Alan,442.6,81.8,0.35,5.365,1.9,7.54
2022-11-27 13:00:00.000 -0500,Alan,441.6,82.2,0.35,5.3,1.81,7.54
2022-11-27 13:15:00.000 -0500,Alan,443.6,82.2,0.35,5.428,1.91,7.53
2022-11-27 13:30:00.000 -0500,Alan,443.9,82.0,0.35,5.454,1.89,7.53
2022-11-27 13:45:00.000 -0500,Alan,443.6,81.8,0.35,5.415,1.82,7.53
2022-11-27 14:00:00.000 -0500,Alan,443.2,82.0,0.35,5.397,2.0,7.53
2022-11-27 14:15:00.000 -0500,Alan,443.3,82.5,0.35,5.428,1.88,7.54
2022-11-27 14:30:00.000 -0500,Alan,444.6,82.0,0.35,5.475,1.72,7.54
2022-11-27 14:45:00.000 -0500,Alan,444.9,81.4,0.35,5.551,1.76,7.53
2022-11-27 15:00:00.000 -0500,Alan,445.2,82.4,0.35,5.543,1.74,7.53
2022-11-27 15:15:00.000 -0500,Alan,445.6,83.1,0.35,5.562,1.87,7.54
2022-11-27 15:30:00.000 -0500,Alan,445.9,83.3,0.35,5.56,1.88,7.55
2022-11-27 15:45:00.000 -0500,Alan,447.3,83.1,0.35,5.593,1.83,7.55
2022-11-27 16:00:00.000 -0500,Alan,446.9,82.6,0.35,5.594,1.79,7.54
2022-11-27 16:15:00.000 -0500,Alan,446.7,82.6,0.35,5.543,1.85,7.55
2022-11-27 16:30:00.000 -0500,Alan,445.4,82.2,0.35,5.55,1.91,7.54
2022-11-27 16:45:00.000 -0500,Alan,444.4,82.3,0.35,5.449,1.96,7.54
2022-11-27 17:00:00.000 -0500,Alan,447.3,82.6,0.35,5.696,2.02,7.54
2022-11-27 17:15:00.000 -0500,Alan,448.9,83.1,0.35,5.753,1.98,7.54
2022-11-27 17:30:00.000 -0500,Alan,449.5,83.7,0.35,5.796,2.05,7.54
2022-11-27 17:45:00.000 -0500,Alan,447.9,83.6,0.35,5.79,1.98,7.54
2022-11-27 18:00:00.000 -0500,Alan,448.1,83.8,0.35,5.757,2.01,7.55
2022-11-27 18:15:00.000 -0500,Alan,447.7,84.2,0.35,5.802,2.14,7.55
2022-11-27 18:30:00.000 -0500,Alan,448.1,84.1,0.35,5.799,2.02,7.55
2022-11-27 18:45:00.000 -0500,Alan,447.1,83.6,0.35,5.774,1.98,7.55
2022-11-27 19:00:00.000 -0500,Alan,447.4,83.9,0.35,5.732,1.9,7.55
2022-11-27 19:15:00.000 -0500,Alan,448.4,83.6,0.35,5.678,1.83,7.54
2022-11-27 19:30:00.000 -0500,Alan,448.6,83.8,0.35,5.697,1.91,7.54
2022-11-27 19:45:00.000 -0500,Alan,447.2,85.0,0.35,5.656,1.84,7.55
2022-11-27 20:00:00.000 -0500,Alan,445.6,83.7,0.35,5.542,2.0,7.55
2022-11-27 20:15:00.000 -0500,Alan,444.5,83.0,0.35,5.512,1.96,7.54
2022-11-27 20:30:00.000 -0500,Alan,445.8,82.9,0.35,5.497,1.99,7.54
2022-11-27 20:45:00.000 -0500,Alan,445.3,82.2,0.35,5.466,1.99,7.54
2022-11-27 21:00:00.000 -0500,Alan,444.1,82.7,0.34,5.568,1.98,7.54
2022-11-27 21:15:00.000 -0500,Alan,445.1,82.1,0.35,5.531,1.86,7.54
2022-11-27 21:30:00.000 -0500,Alan,444.8,81.9,0.35,5.521,1.97,7.54
2022-11-27 21:45:00.000 -0500,Alan,445.1,82.2,0.35,5.558,1.92,7.54
2022-11-27 22:00:00.000 -0500,Alan,445.3,81.9,0.35,5.527,1.93,7.54
2022-11-27 22:15:00.000 -0500,Alan,445.9,82.2,0.35,5.551,1.89,7.53
2022-11-27 22:30:00.000 -0500,Alan,444.8,81.8,0.35,5.478,1.92,7.53
2022-11-27 22:45:00.000 -0500,Alan,443.9,81.5,0.35,5.507,1.96,7.53
2022-11-27 23:00:00.000 -0500,Alan,444.9,81.6,0.35,5.503,1.94,7.53
2022-11-27 23:15:00.000 -0500,Alan,444.0,81.2,0.35,5.484,1.99,7.53
2022-11-27 23:30:00.000 -0500,Alan,444.1,81.2,0.35,5.499,1.95,7.53
2022-11-27 23:45:00.000 -0500,Alan,445.4,82.1,0.35,5.549,1.92,7.53
2022-11-28 00:00:00.000 -0500,Alan,447.0,81.9,0.35,5.543,2.25,7.53
2022-11-28 00:15:00.000 -0500,Alan,447.2,82.7,0.35,5.571,2.12,7.53
2022-11-28 00:30:00.000 -0500,Alan,447.7,82.4,0.35,5.604,2.13,7.53
2022-11-28 00:45:00.000 -0500,Alan,447.8,82.5,0.35,5.603,1.97,7.53
2022-11-28 01:00:00.000 -0500,Alan,447.4,82.2,0.35,5.605,1.96,7.53
2022-11-28 01:15:00.000 -0500,Alan,447.3,82.7,0.35,5.623,1.88,7.53
2022-11-28 01:30:00.000 -0500,Alan,447.5,82.6,0.35,5.633,1.97,7.53
2022-11-28 01:45:00.000 -0500,Alan,448.3,82.5,0.35,5.579,2.02,7.53
2022-11-28 02:00:00.000 -0500,Alan,447.2,82.1,0.35,5.599,1.98,7.53
2022-11-28 02:15:00.000 -0500,Alan,447.5,81.9,0.35,5.581,1.97,7.52
2022-11-28 02:30:00.000 -0500,Alan,447.4,82.2,0.35,5.591,1.98,7.53
2022-11-28 02:45:00.000 -0500,Alan,447.5,82.5,0.35,5.618,1.94,7.53
2022-11-28 03:00:00.000 -0500,Alan,447.5,82.4,0.35,5.631,1.93,7.53
2022-11-28 03:15:00.000 -0500,Alan,447.6,82.5,0.35,5.646,1.82,7.53
2022-11-28 03:30:00.000 -0500,Alan,447.7,82.3,0.35,5.627,2.01,7.53
2022-11-28 03:45:00.000 -0500,Alan,447.7,82.4,0.35,5.621,1.92,7.53
2022-11-28 04:00:00.000 -0500,Alan,447.2,82.3,0.35,5.641,1.98,7.53
2022-11-28 04:15:00.000 -0500,Alan,446.7,82.1,0.35,5.663,1.92,7.53
2022-11-28 04:30:00.000 -0500,Alan,447.3,82.2,0.35,5.611,1.95,7.53
2022-11-28 04:45:00.000 -0500,Alan,446.9,82.4,0.35,5.647,1.9,7.53
2022-11-28 05:00:00.000 -0500,Alan,447.5,82.4,0.35,5.651,1.98,7.53
2022-11-28 05:15:00.000 -0500,Alan,446.1,82.4,0.35,5.667,1.96,7.53
2022-11-28 05:30:00.000 -0500,Alan,447.4,82.0,0.35,5.644,2.01,7.53
2022-11-28 05:45:00.000 -0500,Alan,447.5,82.3,0.35,5.676,1.99,7.53
2022-11-28 06:00:00.000 -0500,Alan,447.1,82.4,0.35,5.66,2.01,7.53
2022-11-28 06:15:00.000 -0500,Alan,446.7,82.4,0.35,5.662,1.97,7.53
2022-11-28 06:30:00.000 -0500,Alan,447.3,82.3,0.35,5.657,1.96,7.53
2022-11-28 06:45:00.000 -0500,Alan,447.5,82.3,0.35,5.66,1.93,7.53
2022-11-28 07:00:00.000 -0500,Alan,447.0,82.0,0.35,5.618,1.97,7.53
2022-11-28 07:15:00.000 -0500,Alan,446.2,82.2,0.35,5.643,1.88,7.53
2022-11-28 07:30:00.000 -0500,Alan,446.7,82.2,0.35,5.647,1.98,7.53
2022-11-28 07:45:00.000 -0500,Alan,445.4,82.1,0.35,5.622,1.92,7.53
2022-11-28 08:00:00.000 -0500,Alan,444.5,80.9,0.34,5.597,1.83,7.53
2022-11-28 08:15:00.000 -0500,Alan,444.2,80.7,0.34,5.569,1.85,7.52
2022-11-28 08:30:00.000 -0500,Alan,444.4,80.6,0.35,5.546,1.86,7.52
2022-11-28 08:45:00.000 -0500,Alan,443.4,80.2,0.34,5.544,1.86,7.52
2022-11-28 09:00:00.000 -0500,Alan,444.5,80.4,0.35,5.543,1.87,7.52
2022-11-28 09:15:00.000 -0500,Alan,445.2,80.6,0.35,5.592,1.89,7.52
2022-11-28 09:30:00.000 -0500,Alan,445.2,80.8,0.35,5.597,1.9,7.51
2022-11-28 09:45:00.000 -0500,Alan,447.8,80.8,0.35,5.64,1.93,7.52
2022-11-28 10:00:00.000 -0500,Alan,446.7,81.1,0.35,5.75,1.99,7.51
2022-11-28 10:15:00.000 -0500,Alan,443.9,81.4,0.34,5.763,1.93,7.51
2022-11-28 10:30:00.000 -0500,Alan,444.8,81.8,0.34,5.908,2.02,7.52
2022-11-28 10:45:00.000 -0500,Alan,444.4,82.2,0.34,5.989,1.97,7.52
2022-11-28 11:00:00.000 -0500,Alan,446.6,82.1,0.34,5.865,1.95,7.52
2022-11-28 11:15:00.000 -0500,Alan,446.2,83.1,0.34,6.145,1.98,7.52
2022-11-28 11:30:00.000 -0500,Alan,446.5,82.4,0.34,5.757,1.93,7.53
2022-11-28 11:45:00.000 -0500,Alan,447.4,83.2,0.34,5.867,1.94,7.53
2022-11-28 12:00:00.000 -0500,Alan,447.1,82.6,0.34,5.791,1.94,7.53
2022-11-28 12:15:00.000 -0500,Alan,446.9,83.1,0.34,5.87,1.87,7.53
2022-11-28 12:30:00.000 -0500,Alan,448.0,83.5,0.34,5.864,1.93,7.53
2022-11-28 12:45:00.000 -0500,Alan,449.8,83.6,0.35,5.915,1.96,7.53
2022-11-28 13:00:00.000 -0500,Alan,449.7,84.6,0.35,5.928,1.86,7.54
2022-11-28 13:15:00.000 -0500,Alan,449.9,84.5,0.35,5.999,1.96,7.53
2022-11-28 13:30:00.000 -0500,Alan,450.2,86.1,0.35,6.011,1.98,7.54
2022-11-28 13:45:00.000 -0500,Alan,449.1,85.3,0.34,5.964,1.89,7.55
2022-11-28 14:00:00.000 -0500,Alan,450.0,85.3,0.34,6.068,1.91,7.54
2022-11-28 14:15:00.000 -0500,Alan,451.5,85.5,0.34,6.246,1.94,7.54
2022-11-28 14:30:00.000 -0500,Alan,451.0,85.1,0.34,6.179,2.03,7.54
2022-11-28 14:45:00.000 -0500,Alan,452.1,88.1,0.34,6.22,1.89,7.56
2022-11-28 15:00:00.000 -0500,Alan,452.3,88.3,0.35,6.188,1.88,7.56
2022-11-28 15:15:00.000 -0500,Alan,453.1,88.1,0.35,6.121,1.92,7.57
2022-11-28 15:30:00.000 -0500,Alan,451.8,87.3,0.34,6.215,1.94,7.56
2022-11-28 15:45:00.000 -0500,Alan,450.9,87.0,0.34,6.379,1.93,7.56
2022-11-28 16:00:00.000 -0500,Alan,450.9,88.2,0.34,6.394,1.95,7.57
2022-11-28 16:15:00.000 -0500,Alan,451.1,88.5,0.34,6.394,1.88,7.57
2022-11-28 16:30:00.000 -0500,Alan,447.9,89.4,0.34,6.55,1.9,7.58
2022-11-28 16:45:00.000 -0500,Alan,448.4,88.9,0.34,6.525,1.97,7.57
2022-11-28 17:00:00.000 -0500,Alan,445.9,88.6,0.34,6.539,1.96,7.57
2022-11-28 17:15:00.000 -0500,Alan,449.2,88.5,0.34,6.52,1.97,7.57
2022-11-28 17:30:00.000 -0500,Alan,447.5,88.7,0.34,6.528,1.92,7.57
2022-11-28 17:45:00.000 -0500,Alan,444.5,88.6,0.34,6.514,2.01,7.57
2022-11-28 18:00:00.000 -0500,Alan,448.8,88.5,0.34,6.494,1.92,7.57
2022-11-28 18:15:00.000 -0500,Alan,448.7,88.5,0.34,6.499,1.88,7.57
2022-11-28 18:30:00.000 -0500,Alan,445.9,88.4,0.34,6.51,1.87,7.57
2022-11-28 18:45:00.000 -0500,Alan,448.0,88.7,0.34,6.567,1.94,7.57
2022-11-28 19:00:00.000 -0500,Alan,447.2,88.8,0.34,6.597,2.0,7.57
2022-11-28 19:15:00.000 -0500,Alan,444.9,88.5,0.34,6.543,1.9,7.57
2022-11-28 19:30:00.000 -0500,Alan,443.0,88.3,0.33,6.532,1.82,7.57
2022-11-28 19:45:00.000 -0500,Alan,444.2,88.2,0.34,6.523,1.86,7.57
2022-11-28 20:00:00.000 -0500,Alan,449.2,87.5,0.34,6.569,2.08,7.56
2022-11-28 20:15:00.000 -0500,Alan,444.8,87.5,0.34,6.516,2.01,7.55
2022-11-28 20:30:00.000 -0500,Alan,451.3,87.3,0.34,6.491,1.94,7.55
2022-11-28 20:45:00.000 -0500,Alan,450.0,86.6,0.34,6.509,1.93,7.55
2022-11-28 21:00:00.000 -0500,Alan,448.7,87.0,0.34,6.422,2.3,7.55
2022-11-28 21:15:00.000 -0500,Alan,451.8,87.2,0.34,6.447,1.9,7.54
2022-11-28 21:30:00.000 -0500,Alan,450.1,86.9,0.34,6.439,1.85,7.55
2022-11-28 21:45:00.000 -0500,Alan,448.1,86.5,0.34,6.377,1.84,7.55
2022-11-28 22:00:00.000 -0500,Alan,449.6,86.3,0.34,6.392,1.9,7.54
2022-11-28 22:15:00.000 -0500,Alan,442.3,86.3,0.34,6.265,1.83,7.55
2022-11-28 22:30:00.000 -0500,Alan,441.5,86.5,0.34,6.229,1.95,7.56
2022-11-28 22:45:00.000 -0500,Alan,442.6,86.4,0.34,6.241,1.98,7.56
2022-11-28 23:00:00.000 -0500,Alan,444.4,85.9,0.34,6.262,1.88,7.55
2022-11-28 23:15:00.000 -0500,Alan,452.2,84.8,0.34,6.347,2.3,7.53
2022-11-28 23:30:00.000 -0500,Alan,451.3,84.2,0.34,6.337,1.87,7.5
2022-11-28 23:45:00.000 -0500,Alan,448.2,84.3,0.34,6.239,2.1,7.51
2022-11-29 00:00:00.000 -0500,Alan,446.9,84.7,0.34,6.187,1.97,7.51
2022-11-29 00:15:00.000 -0500,Alan,443.2,85.0,0.34,6.137,1.89,7.52
2022-11-29 00:30:00.000 -0500,Alan,445.2,85.2,0.34,6.135,1.96,7.53
2022-11-29 00:45:00.000 -0500,Alan,442.0,84.1,0.34,6.074,1.84,7.52
2022-11-29 01:00:00.000 -0500,Alan,442.5,82.4,0.34,6.061,1.89,7.52
2022-11-29 01:15:00.000 -0500,Alan,443.1,81.7,0.34,6.053,1.97,7.52
2022-11-29 01:30:00.000 -0500,Alan,441.4,84.7,0.34,5.987,2.09,7.52
2022-11-29 01:45:00.000 -0500,Alan,440.9,83.0,0.34,5.972,2.13,7.5
2022-11-29 02:00:00.000 -0500,Alan,439.4,83.0,0.34,5.926,1.95,7.51
2022-11-29 02:15:00.000 -0500,Alan,441.1,83.7,0.34,5.924,2.25,7.51
2022-11-29 02:30:00.000 -0500,Alan,443.1,80.7,0.34,5.885,2.03,7.49
2022-11-29 02:45:00.000 -0500,Alan,441.9,79.87,0.34,5.829,2.27,7.49
2022-11-29 03:00:00.000 -0500,Alan,442.8,81.5,0.34,5.817,2.25,7.49
2022-11-29 03:15:00.000 -0500,Alan,443.5,80.8,0.34,5.815,2.13,7.48
2022-11-29 03:30:00.000 -0500,Alan,441.8,81.4,0.34,5.768,2.07,7.49
2022-11-29 03:45:00.000 -0500,Alan,442.0,81.8,0.34,5.745,2.05,7.48
2022-11-29 04:00:00.000 -0500,Alan,436.6,80.8,0.34,5.629,2.04,7.49
2022-11-29 04:15:00.000 -0500,Alan,439.5,81.7,0.34,5.62,1.94,7.5
2022-11-29 04:30:00.000 -0500,Alan,438.8,79.79,0.34,5.622,1.91,7.49
2022-11-29 04:45:00.000 -0500,Alan,437.5,77.36,0.34,5.609,2.05,7.48
2022-11-29 05:00:00.000 -0500,Alan,437.1,79.82,0.34,5.553,1.92,7.48
2022-11-29 05:15:00.000 -0500,Alan,439.4,79.91,0.34,5.567,2.46,7.48
2022-11-29 05:30:00.000 -0500,Alan,437.3,78.41,0.34,5.541,2.13,7.48
2022-11-29 05:45:00.000 -0500,Alan,437.7,80.6,0.34,5.545,2.22,7.47
2022-11-29 06:00:00.000 -0500,Alan,436.3,80.1,0.34,5.495,1.97,7.48
2022-11-29 06:15:00.000 -0500,Alan,434.8,78.75,0.34,5.455,2.1,7.48
2022-11-29 06:30:00.000 -0500,Alan,437.8,79.51,0.34,5.489,2.05,7.48
2022-11-29 06:45:00.000 -0500,Alan,434.9,78.36,0.34,5.412,1.87,7.48
2022-11-29 07:00:00.000 -0500,Alan,432.4,78.33,0.34,5.34,1.98,7.48
2022-11-29 07:15:00.000 -0500,Alan,439.8,78.19,0.34,5.455,2.23,7.47
2022-11-29 07:30:00.000 -0500,Alan,438.1,77.12,0.34,5.38,1.98,7.46
2022-11-29 07:45:00.000 -0500,Alan,432.4,78.84,0.34,5.268,1.93,7.47
2022-11-29 08:00:00.000 -0500,Alan,433.3,80.0,0.34,5.301,1.93,7.47
2022-11-29 08:15:00.000 -0500,Alan,433.1,79.15,0.34,5.269,1.95,7.47
2022-11-29 08:30:00.000 -0500,Alan,434.5,77.34,0.34,5.292,1.95,7.47
2022-11-29 08:45:00.000 -0500,Alan,433.3,77.85,0.34,5.265,2.13,7.47
2022-11-29 09:00:00.000 -0500,Alan,434.7,77.17,0.34,5.268,2.1,7.46
2022-11-29 09:15:00.000 -0500,Alan,432.3,77.76,0.34,5.216,1.92,7.47
2022-11-29 09:30:00.000 -0500,Alan,431.8,78.38,0.34,5.202,2.04,7.48
2022-11-29 09:45:00.000 -0500,Alan,432.1,79.1,0.34,5.204,2.01,7.48
2022-11-29 10:00:00.000 -0500,Alan,431.1,79.62,0.34,5.183,1.87,7.49
2022-11-29 10:15:00.000 -0500,Alan,431.7,80.4,0.34,5.207,2.07,7.49
2022-11-29 10:30:00.000 -0500,Alan,430.9,81.8,0.34,5.243,1.97,7.5
2022-11-29 10:45:00.000 -0500,Alan,431.0,82.0,0.34,5.239,1.99,7.5
2022-11-29 11:00:00.000 -0500,Alan,430.9,82.3,0.34,5.274,1.9,7.51
2022-11-29 11:15:00.000 -0500,Alan,430.5,82.5,0.34,5.221,1.93,7.52
2022-11-29 11:30:00.000 -0500,Alan,433.1,82.7,0.34,5.394,1.89,7.52
2022-11-29 11:45:00.000 -0500,Alan,432.6,82.7,0.34,5.343,1.88,7.52
2022-11-29 12:00:00.000 -0500,Alan,433.3,83.0,0.34,5.402,2.06,7.52
2022-11-29 12:15:00.000 -0500,Alan,434.1,83.6,0.34,5.439,1.98,7.53
2022-11-29 12:30:00.000 -0500,Alan,436.9,83.6,0.34,5.548,2.03,7.53
2022-11-29 12:45:00.000 -0500,Alan,436.3,84.1,0.34,5.577,1.97,7.53
2022-11-29 13:00:00.000 -0500,Alan,434.4,84.3,0.34,5.563,1.99,7.53
2022-11-29 13:15:00.000 -0500,Alan,436.4,84.6,0.34,5.569,2.01,7.54
2022-11-29 13:30:00.000 -0500,Alan,435.2,84.8,0.34,5.534,2.14,7.54
2022-11-29 13:45:00.000 -0500,Alan,438.6,85.6,0.34,5.71,1.94,7.54
2022-11-29 14:00:00.000 -0500,Alan,437.9,87.1,0.34,5.761,1.88,7.56
2022-11-29 14:15:00.000 -0500,Alan,438.7,86.6,0.34,5.81,1.87,7.56
2022-11-29 14:30:00.000 -0500,Alan,438.5,88.1,0.34,5.857,1.81,7.57
2022-11-29 14:45:00.000 -0500,Alan,438.5,86.7,0.34,5.85,1.84,7.56
2022-11-29 15:00:00.000 -0500,Alan,437.8,87.0,0.34,5.717,1.87,7.56
2022-11-29 15:15:00.000 -0500,Alan,439.0,87.6,0.34,5.89,1.83,7.56
2022-11-29 15:30:00.000 -0500,Alan,438.9,89.1,0.34,5.868,1.85,7.57
2022-11-29 15:45:00.000 -0500,Alan,439.3,89.2,0.34,5.891,1.75,7.58
2022-11-29 16:00:00.000 -0500,Alan,438.6,89.1,0.34,5.894,1.81,7.58
2022-11-29 16:15:00.000 -0500,Alan,438.3,88.7,0.34,5.888,1.82,7.58
2022-11-29 16:30:00.000 -0500,Alan,438.2,88.9,0.34,5.86,1.72,7.58
2022-11-29 16:45:00.000 -0500,Alan,437.6,89.8,0.34,5.852,1.79,7.58
2022-11-29 17:00:00.000 -0500,Alan,438.8,89.3,0.34,5.793,1.68,7.58
2022-11-29 17:15:00.000 -0500,Alan,438.2,89.6,0.34,5.819,1.73,7.58
2022-11-29 17:30:00.000 -0500,Alan,438.4,89.5,0.34,5.815,1.69,7.57
2022-11-29 17:45:00.000 -0500,Alan,438.6,89.1,0.34,5.786,1.76,7.57
2022-11-29 18:00:00.000 -0500,Alan,438.6,89.1,0.34,5.776,1.76,7.57
2022-11-29 18:15:00.000 -0500,Alan,439.0,89.7,0.34,5.743,1.65,7.56
2022-11-29 18:30:00.000 -0500,Alan,439.4,89.0,0.34,5.729,1.74,7.56
2022-11-29 18:45:00.000 -0500,Alan,437.8,89.7,0.34,5.666,1.87,7.56
2022-11-29 19:00:00.000 -0500,Alan,439.0,89.5,0.34,5.696,1.69,7.56
2022-11-29 19:15:00.000 -0500,Alan,438.8,89.8,0.34,5.683,1.88,7.56
2022-11-29 19:30:00.000 -0500,Alan,439.0,89.2,0.34,5.668,1.99,7.56
2022-11-29 19:45:00.000 -0500,Alan,438.1,89.1,0.34,5.619,1.72,7.55
2022-11-29 20:00:00.000 -0500,Alan,436.6,89.2,0.34,5.585,1.69,7.56
2022-11-29 20:15:00.000 -0500,Alan,437.1,89.4,0.34,5.598,1.76,7.56
2022-11-29 20:30:00.000 -0500,Alan,436.8,89.4,0.34,5.562,1.73,7.57
2022-11-29 20:45:00.000 -0500,Alan,436.0,88.8,0.34,5.54,1.61,7.56
2022-11-29 21:00:00.000 -0500,Alan,436.0,89.0,0.34,5.533,1.68,7.56
2022-11-29 21:15:00.000 -0500,Alan,437.6,89.2,0.34,5.561,1.69,7.56
2022-11-29 21:30:00.000 -0500,Alan,445.3,88.8,0.34,5.67,1.65,7.54
2022-11-29 21:45:00.000 -0500,Alan,446.8,89.1,0.35,5.681,1.72,7.53
2022-11-29 22:00:00.000 -0500,Alan,447.0,89.2,0.35,5.684,1.71,7.52
2022-11-29 22:15:00.000 -0500,Alan,445.0,88.6,0.35,5.582,1.7,7.52
2022-11-29 22:30:00.000 -0500,Alan,447.0,89.4,0.35,5.615,1.77,7.52
2022-11-29 22:45:00.000 -0500,Alan,440.1,89.3,0.34,5.488,1.81,7.52
2022-11-29 23:00:00.000 -0500,Alan,441.7,87.8,0.34,5.496,1.78,7.52
2022-11-29 23:15:00.000 -0500,Alan,445.2,90.7,0.35,5.545,1.95,7.51
2022-11-29 23:30:00.000 -0500,Alan,445.7,90.7,0.35,5.554,1.82,7.51
2022-11-29 23:45:00.000 -0500,Alan,446.1,91.1,0.35,5.559,1.88,7.51
2022-11-30 00:00:00.000 -0500,Alan,444.2,90.7,0.35,5.499,1.93,7.51
2022-11-30 00:15:00.000 -0500,Alan,439.1,90.0,0.34,5.38,1.79,7.52
2022-11-30 00:30:00.000 -0500,Alan,434.1,89.3,0.34,5.228,1.81,7.54
2022-11-30 00:45:00.000 -0500,Alan,433.6,88.0,0.34,5.205,1.79,7.54
2022-11-30 01:00:00.000 -0500,Alan,432.8,87.9,0.34,5.159,1.83,7.55
2022-11-30 01:15:00.000 -0500,Alan,432.9,87.8,0.34,5.131,1.7,7.54
2022-11-30 01:30:00.000 -0500,Alan,433.2,88.0,0.34,5.132,1.72,7.55
2022-11-30 01:45:00.000 -0500,Alan,432.8,84.7,0.34,5.104,1.8,7.54
2022-11-30 02:00:00.000 -0500,Alan,432.6,84.6,0.34,5.088,1.67,7.53
2022-11-30 02:15:00.000 -0500,Alan,432.7,85.2,0.34,5.09,1.74,7.53
2022-11-30 02:30:00.000 -0500,Alan,432.6,85.7,0.34,5.081,1.73,7.53
2022-11-30 02:45:00.000 -0500,Alan,432.7,86.3,0.34,5.067,1.76,7.53
2022-11-30 03:00:00.000 -0500,Alan,432.1,85.8,0.34,5.051,1.75,7.54
2022-11-30 03:15:00.000 -0500,Alan,432.3,86.6,0.34,5.04,1.71,7.54
2022-11-30 03:30:00.000 -0500,Alan,431.6,86.5,0.34,5.014,1.69,7.55
2022-11-30 03:45:00.000 -0500,Alan,433.9,85.3,0.34,5.06,1.72,7.54
2022-11-30 04:00:00.000 -0500,Alan,435.1,86.0,0.34,5.056,1.73,7.54
2022-11-30 04:15:00.000 -0500,Alan,433.3,85.8,0.34,5.022,1.64,7.54
2022-11-30 04:30:00.000 -0500,Alan,433.9,85.5,0.34,5.021,1.73,7.53
2022-11-30 04:45:00.000 -0500,Alan,431.4,85.5,0.34,4.948,1.62,7.53
2022-11-30 05:00:00.000 -0500,Alan,431.8,84.6,0.34,4.956,2.82,7.54
2022-11-30 05:15:00.000 -0500,Alan,431.2,85.1,0.34,4.918,2.73,7.53
2022-11-30 05:30:00.000 -0500,Alan,430.4,84.2,0.34,4.884,2.76,7.53
2022-11-30 05:45:00.000 -0500,Alan,429.9,83.7,0.34,4.857,2.67,7.53
2022-11-30 06:00:00.000 -0500,Alan,430.0,84.9,0.34,4.846,1.72,7.54
2022-11-30 06:15:00.000 -0500,Alan,429.7,84.4,0.34,4.84,1.72,7.54
2022-11-30 06:30:00.000 -0500,Alan,430.2,83.5,0.34,4.849,1.72,7.53
2022-11-30 06:45:00.000 -0500,Alan,429.9,84.5,0.34,4.832,1.71,7.54
2022-11-30 07:00:00.000 -0500,Alan,429.4,83.8,0.34,4.806,1.68,7.53
2022-11-30 07:15:00.000 -0500,Alan,429.1,84.2,0.34,4.788,1.76,7.54
2022-11-30 07:30:00.000 -0500,Alan,428.7,85.0,0.34,4.779,1.77,7.54
2022-11-30 07:45:00.000 -0500,Alan,429.6,84.3,0.34,4.798,1.6,7.54
2022-11-30 08:00:00.000 -0500,Alan,429.4,83.7,0.34,4.771,1.69,7.54
2022-11-30 08:15:00.000 -0500,Alan,429.0,83.3,0.34,4.751,1.71,7.54
2022-11-30 08:30:00.000 -0500,Alan,429.9,84.2,0.34,4.763,1.81,7.54
2022-11-30 08:45:00.000 -0500,Alan,429.8,84.3,0.34,4.759,1.71,7.54
2022-11-30 09:00:00.000 -0500,Alan,428.3,84.9,0.34,4.731,1.77,7.54
2022-11-30 09:15:00.000 -0500,Alan,427.7,85.2,0.34,4.701,1.83,7.55
2022-11-30 09:30:00.000 -0500,Alan,429.9,85.2,0.34,4.735,1.98,7.55
2022-11-30 09:45:00.000 -0500,Alan,432.0,84.3,0.34,4.781,1.91,7.53
2022-11-30 10:00:00.000 -0500,Alan,438.0,81.6,0.35,4.912,3.3,7.5
2022-11-30 10:15:00.000 -0500,Alan,433.6,82.3,0.34,4.884,2.85,7.5
2022-11-30 10:30:00.000 -0500,Alan,433.8,82.3,0.34,4.868,2.54,7.51
2022-11-30 10:45:00.000 -0500,Alan,440.4,85.6,0.35,4.852,2.28,7.53
2022-11-30 11:00:00.000 -0500,Alan,428.1,85.6,0.34,4.713,1.98,7.55
2022-11-30 11:15:00.000 -0500,Alan,431.1,85.4,0.34,4.759,2.11,7.54
2022-11-30 11:30:00.000 -0500,Alan,430.2,85.1,0.34,4.782,2.13,7.54
2022-11-30 11:45:00.000 -0500,Alan,431.7,85.0,0.34,4.844,2.4,7.53
2022-11-30 12:00:00.000 -0500,Alan,433.5,85.4,0.34,4.94,2.07,7.53
2022-11-30 12:15:00.000 -0500,Alan,436.5,84.9,0.34,5.197,2.1,7.53
2022-11-30 12:30:00.000 -0500,Alan,437.2,84.7,0.34,5.346,1.96,7.54
2022-11-30 12:45:00.000 -0500,Alan,438.0,84.8,0.34,5.545,1.92,7.54
2022-11-30 13:00:00.000 -0500,Alan,437.9,84.9,0.34,5.531,1.96,7.55
2022-11-30 13:15:00.000 -0500,Alan,439.8,85.1,0.34,5.614,2.05,7.54
2022-11-30 13:30:00.000 -0500,Alan,441.0,85.3,0.34,5.657,2.11,7.53
2022-11-30 13:45:00.000 -0500,Alan,438.7,84.9,0.34,5.644,1.97,7.54
2022-11-30 14:00:00.000 -0500,Alan,414.0,86.1,0.31,6.189,2.82,7.56
2022-11-30 14:15:00.000 -0500,Alan,424.2,86.0,0.32,6.035,2.55,7.55
2022-11-30 14:30:00.000 -0500,Alan,420.8,86.5,0.32,6.298,3.07,7.55
2022-11-30 14:45:00.000 -0500,Alan,419.6,86.1,0.32,6.234,3.05,7.55
2022-11-30 15:00:00.000 -0500,Alan,425.1,86.7,0.32,6.4,2.84,7.55
2022-11-30 15:15:00.000 -0500,Alan,427.7,85.9,0.32,6.285,2.6,7.53
2022-11-30 15:30:00.000 -0500,Alan,431.9,86.0,0.33,6.224,2.44,7.54
2022-11-30 15:45:00.000 -0500,Alan,419.3,86.3,0.32,6.466,3.28,7.54
2022-11-30 16:00:00.000 -0500,Alan,418.3,86.3,0.32,6.496,3.12,7.54
2022-11-30 16:15:00.000 -0500,Alan,418.6,86.3,0.32,6.415,3.21,7.54
2022-11-30 16:30:00.000 -0500,Alan,424.8,86.1,0.32,6.39,2.87,7.54
2022-11-30 16:45:00.000 -0500,Alan,432.4,85.4,0.33,6.332,2.52,7.53
2022-11-30 17:00:00.000 -0500,Alan,423.9,85.8,0.32,6.416,2.91,7.54
2022-11-30 17:15:00.000 -0500,Alan,423.8,85.7,0.32,6.401,2.95,7.54
2022-11-30 17:30:00.000 -0500,Alan,428.0,85.3,0.32,6.318,2.63,7.54
2022-11-30 17:45:00.000 -0500,Alan,428.7,85.0,0.33,6.305,2.6,7.53
2022-11-30 18:00:00.000 -0500,Alan,419.6,85.5,0.32,6.548,2.82,7.53
2022-11-30 18:15:00.000 -0500,Alan,417.7,84.5,0.31,6.773,2.67,7.52
2022-11-30 18:30:00.000 -0500,Alan,422.8,84.4,0.32,6.611,2.7,7.51
2022-11-30 18:45:00.000 -0500,Alan,426.8,84.5,0.32,6.526,2.66,7.52
2022-11-30 19:00:00.000 -0500,Alan,429.4,83.5,0.32,6.422,2.67,7.52
2022-11-30 19:15:00.000 -0500,Alan,434.3,82.3,0.33,6.237,2.31,7.5
2022-11-30 19:30:00.000 -0500,Alan,437.4,82.4,0.33,6.157,2.56,7.5
2022-11-30 19:45:00.000 -0500,Alan,436.7,82.0,0.33,6.077,2.34,7.5
2022-11-30 20:00:00.000 -0500,Alan,437.5,82.5,0.33,6.079,2.32,7.5
2022-11-30 20:15:00.000 -0500,Alan,439.8,82.1,0.34,6.153,2.32,7.5
2022-11-30 20:30:00.000 -0500,Alan,430.7,83.3,0.33,6.263,2.34,7.52
2022-11-30 20:45:00.000 -0500,Alan,435.7,81.9,0.33,6.185,2.28,7.5
2022-11-30 21:00:00.000 -0500,Alan,435.6,82.7,0.33,6.209,2.32,7.5
2022-11-30 21:15:00.000 -0500,Alan,434.1,82.6,0.33,6.276,2.45,7.5
2022-11-30 21:30:00.000 -0500,Alan,427.5,82.8,0.32,6.368,2.42,7.5
2022-11-30 21:45:00.000 -0500,Alan,427.9,82.7,0.33,6.209,2.42,7.5
2022-11-30 22:00:00.000 -0500,Alan,434.3,82.8,0.33,6.163,2.23,7.51
2022-11-30 22:15:00.000 -0500,Alan,435.3,82.3,0.33,6.062,2.2,7.51
2022-11-30 22:30:00.000 -0500,Alan,435.4,82.3,0.33,6.084,2.19,7.51
2022-11-30 22:45:00.000 -0500,Alan,434.3,81.8,0.33,6.148,2.24,7.5
2022-11-30 23:00:00.000 -0500,Alan,429.2,81.8,0.33,6.108,2.31,7.5
2022-11-30 23:15:00.000 -0500,Alan,424.8,81.9,0.32,6.144,2.38,7.5
2022-11-30 23:30:00.000 -0500,Alan,430.5,82.0,0.33,6.11,2.28,7.5
2022-11-30 23:45:00.000 -0500,Alan,431.4,81.9,0.33,6.148,2.23,7.5
2022-12-01 00:00:00.000 -0500,Alan,426.9,81.3,0.33,6.152,2.47,7.5
2022-12-01 00:15:00.000 -0500,Alan,419.0,82.0,0.32,6.096,2.43,7.51
2022-12-01 00:30:00.000 -0500,Alan,422.9,82.0,0.32,6.112,2.43,7.5
2022-12-01 00:45:00.000 -0500,Alan,415.3,82.1,0.32,6.119,2.53,7.5
2022-12-01 01:00:00.000 -0500,Alan,418.4,81.9,0.32,6.109,2.51,7.49
2022-12-01 01:15:00.000 -0500,Alan,422.4,81.5,0.32,6.124,2.39,7.48
2022-12-01 01:30:00.000 -0500,Alan,414.0,81.5,0.32,6.148,2.49,7.49
2022-12-01 01:45:00.000 -0500,Alan,412.0,81.5,0.31,6.135,2.66,7.49
2022-12-01 02:00:00.000 -0500,Alan,415.8,81.4,0.32,6.083,2.47,7.49
2022-12-01 02:15:00.000 -0500,Alan,417.5,81.0,0.32,6.019,2.42,7.48
2022-12-01 02:30:00.000 -0500,Alan,425.2,80.7,0.33,5.996,2.33,7.48
2022-12-01 02:45:00.000 -0500,Alan,419.4,80.7,0.32,5.852,2.28,7.49
2022-12-01 03:00:00.000 -0500,Alan,419.2,80.6,0.32,5.805,2.33,7.49
2022-12-01 03:15:00.000 -0500,Alan,418.7,80.5,0.32,5.794,2.35,7.49
2022-12-01 03:30:00.000 -0500,Alan,418.5,80.5,0.32,5.817,2.42,7.49
2022-12-01 03:45:00.000 -0500,Alan,415.9,80.4,0.32,5.761,2.42,7.49
2022-12-01 04:00:00.000 -0500,Alan,416.4,80.3,0.32,5.77,2.43,7.48
2022-12-01 04:15:00.000 -0500,Alan,415.6,80.1,0.32,5.757,2.44,7.48
2022-12-01 04:30:00.000 -0500,Alan,415.5,80.2,0.32,5.745,2.35,7.49
2022-12-01 04:45:00.000 -0500,Alan,415.3,79.63,0.32,5.75,2.42,7.49
2022-12-01 05:00:00.000 -0500,Alan,417.8,79.16,0.32,5.749,2.33,7.48
2022-12-01 05:15:00.000 -0500,Alan,415.9,79.51,0.32,5.717,2.35,7.48
2022-12-01 05:30:00.000 -0500,Alan,412.6,78.98,0.32,5.622,2.42,7.48
2022-12-01 05:45:00.000 -0500,Alan,413.5,78.78,0.32,5.581,2.3,7.48
2022-12-01 06:00:00.000 -0500,Alan,409.9,78.93,0.32,5.552,2.35,7.48
2022-12-01 06:15:00.000 -0500,Alan,411.5,79.07,0.32,5.547,2.37,7.48
2022-12-01 06:30:00.000 -0500,Alan,408.8,78.61,0.32,5.494,2.41,7.48
2022-12-01 06:45:00.000 -0500,Alan,406.3,78.32,0.32,5.434,2.44,7.47
2022-12-01 07:00:00.000 -0500,Alan,409.2,78.48,0.32,5.476,2.33,7.47
2022-12-01 07:15:00.000 -0500,Alan,408.6,78.57,0.32,5.404,2.32,7.47
2022-12-01 07:30:00.000 -0500,Alan,404.5,78.63,0.32,5.331,2.42,7.47
2022-12-01 07:45:00.000 -0500,Alan,408.1,78.14,0.32,5.402,2.32,7.47
2022-12-01 08:00:00.000 -0500,Alan,399.8,78.38,0.31,5.287,2.42,7.47
2022-12-01 08:15:00.000 -0500,Alan,395.2,78.27,0.31,5.191,2.43,7.46
2022-12-01 08:30:00.000 -0500,Alan,393.1,78.93,0.31,5.147,2.46,7.47
2022-12-01 08:45:00.000 -0500,Alan,391.1,78.92,0.31,5.094,2.51,7.47
2022-12-01 09:00:00.000 -0500,Alan,394.5,78.57,0.31,5.16,2.47,7.47
2022-12-01 09:15:00.000 -0500,Alan,396.6,78.74,0.31,5.133,2.37,7.46
2022-12-01 09:30:00.000 -0500,Alan,393.2,78.94,0.31,5.157,2.48,7.46
2022-12-01 09:45:00.000 -0500,Alan,396.0,79.75,0.31,5.243,2.47,7.45
2022-12-01 10:00:00.000 -0500,Alan,395.2,79.58,0.31,5.182,2.43,7.46
2022-12-01 10:15:00.000 -0500,Alan,396.6,79.42,0.31,5.244,2.62,7.43
2022-12-01 10:30:00.000 -0500,Alan,397.1,80.5,0.31,5.249,2.5,7.45
2022-12-01 10:45:00.000 -0500,Alan,402.6,80.6,0.31,5.311,2.6,7.44
2022-12-01 11:00:00.000 -0500,Alan,402.8,81.2,0.31,5.344,2.47,7.44
2022-12-01 11:15:00.000 -0500,Alan,407.4,81.3,0.32,5.464,2.34,7.47
2022-12-01 11:30:00.000 -0500,Alan,409.2,81.4,0.32,5.497,2.34,7.47
2022-12-01 11:45:00.000 -0500,Alan,411.1,82.0,0.32,5.552,2.29,7.47
2022-12-01 12:00:00.000 -0500,Alan,414.8,82.8,0.32,5.622,2.57,7.47
2022-12-01 12:15:00.000 -0500,Alan,418.1,83.2,0.32,5.729,2.2,7.49
2022-12-01 12:30:00.000 -0500,Alan,422.8,83.1,0.33,5.832,2.24,7.49
2022-12-01 12:45:00.000 -0500,Alan,425.5,83.5,0.33,5.905,2.15,7.5
2022-12-01 13:00:00.000 -0500,Alan,425.1,83.2,0.33,5.923,2.13,7.5
2022-12-01 13:15:00.000 -0500,Alan,424.1,83.8,0.33,5.909,2.18,7.51
2022-12-01 13:30:00.000 -0500,Alan,423.6,84.2,0.32,5.922,2.19,7.51
2022-12-01 13:45:00.000 -0500,Alan,423.6,84.4,0.32,5.94,2.13,7.51
2022-12-01 14:00:00.000 -0500,Alan,419.2,85.0,0.32,5.872,2.36,7.52
2022-12-01 14:15:00.000 -0500,Alan,418.8,85.1,0.32,5.868,2.34,7.53
2022-12-01 14:30:00.000 -0500,Alan,418.3,85.5,0.32,5.845,66.39,7.53
2022-12-01 14:45:00.000 -0500,Alan,417.4,85.5,0.32,5.833,2.27,7.53
2022-12-01 15:00:00.000 -0500,Alan,415.6,85.7,0.32,5.797,2.17,7.54
2022-12-01 15:15:00.000 -0500,Alan,414.8,85.6,0.32,5.788,2.28,7.54
2022-12-01 15:30:00.000 -0500,Alan,414.1,86.0,0.32,5.75,2.24,7.54
2022-12-01 15:45:00.000 -0500,Alan,414.2,85.8,0.32,5.736,2.21,7.54
2022-12-01 16:00:00.000 -0500,Alan,413.4,85.8,0.32,5.684,2.25,7.54
2022-12-01 16:15:00.000 -0500,Alan,414.4,86.2,0.32,5.666,2.27,7.54
2022-12-01 16:30:00.000 -0500,Alan,414.3,86.0,0.32,5.625,2.35,7.53
2022-12-01 16:45:00.000 -0500,Alan,409.9,85.9,0.32,5.485,2.38,7.54
2022-12-01 17:00:00.000 -0500,Alan,412.2,85.8,0.32,5.432,2.33,7.53
2022-12-01 17:15:00.000 -0500,Alan,413.0,85.6,0.32,5.463,2.69,7.52
2022-12-01 17:30:00.000 -0500,Alan,408.8,85.2,0.32,5.406,2.53,7.51
2022-12-01 17:45:00.000 -0500,Alan,411.1,84.9,0.32,5.424,2.77,7.51
2022-12-01 18:00:00.000 -0500,Alan,414.4,84.5,0.32,5.473,2.5,7.5
2022-12-01 18:15:00.000 -0500,Alan,411.5,83.9,0.32,5.376,2.36,7.49
2022-12-01 18:30:00.000 -0500,Alan,412.4,83.9,0.32,5.34,2.45,7.49
2022-12-01 18:45:00.000 -0500,Alan,411.3,83.8,0.32,5.331,2.42,7.49
2022-12-01 19:00:00.000 -0500,Alan,408.6,83.6,0.32,5.249,2.35,7.49
2022-12-01 19:15:00.000 -0500,Alan,410.2,83.1,0.32,5.186,2.54,7.49
2022-12-01 19:30:00.000 -0500,Alan,410.1,83.0,0.32,5.129,2.31,7.49
2022-12-01 19:45:00.000 -0500,Alan,408.6,83.5,0.32,5.114,2.34,7.5
2022-12-01 20:00:00.000 -0500,Alan,408.7,83.0,0.32,5.074,2.33,7.5
2022-12-01 20:15:00.000 -0500,Alan,408.9,82.3,0.32,4.995,2.39,7.49
2022-12-01 20:30:00.000 -0500,Alan,410.6,82.1,0.32,4.991,2.43,7.48
2022-12-01 20:45:00.000 -0500,Alan,412.2,82.3,0.32,5.078,2.37,7.48
2022-12-01 21:00:00.000 -0500,Alan,411.3,82.6,0.32,5.118,2.35,7.48
2022-12-01 21:15:00.000 -0500,Alan,409.0,82.9,0.32,5.029,2.37,7.49
2022-12-01 21:30:00.000 -0500,Alan,409.3,81.4,0.32,4.977,2.26,7.48
2022-12-01 21:45:00.000 -0500,Alan,409.0,82.4,0.32,4.92,2.35,7.49
2022-12-01 22:00:00.000 -0500,Alan,407.9,82.6,0.32,4.91,2.34,7.5
2022-12-01 22:15:00.000 -0500,Alan,406.9,82.7,0.32,4.957,2.21,7.5
2022-12-01 22:30:00.000 -0500,Alan,406.7,82.5,0.32,4.955,2.17,7.5
2022-12-01 22:45:00.000 -0500,Alan,407.2,81.4,0.32,4.854,2.2,7.49
2022-12-01 23:00:00.000 -0500,Alan,406.7,81.5,0.32,4.805,2.29,7.49
2022-12-01 23:15:00.000 -0500,Alan,406.5,82.0,0.32,4.845,2.35,7.49
2022-12-01 23:30:00.000 -0500,Alan,407.9,80.9,0.32,4.868,2.29,7.49
2022-12-01 23:45:00.000 -0500,Alan,409.3,82.1,0.32,4.858,2.31,7.49
2022-12-02 00:00:00.000 -0500,Alan,407.1,82.2,0.32,4.84,2.32,7.5
2022-12-02 00:15:00.000 -0500,Alan,407.2,81.8,0.32,4.843,2.33,7.5
2022-12-02 00:30:00.000 -0500,Alan,407.5,81.5,0.32,4.861,2.22,7.49
2022-12-02 00:45:00.000 -0500,Alan,411.2,80.5,0.32,4.915,2.45,7.47
2022-12-02 01:00:00.000 -0500,Alan,409.3,80.8,0.32,4.857,2.47,7.47
2022-12-02 01:15:00.000 -0500,Alan,408.2,80.6,0.32,4.814,2.41,7.47
2022-12-02 01:30:00.000 -0500,Alan,407.5,80.5,0.32,4.784,2.43,7.48
2022-12-02 01:45:00.000 -0500,Alan,406.3,79.8,0.32,4.745,2.36,7.48
2022-12-02 02:00:00.000 -0500,Alan,405.7,79.49,0.32,4.705,2.31,7.48
2022-12-02 02:15:00.000 -0500,Alan,404.9,79.18,0.32,4.669,2.27,7.47
2022-12-02 02:30:00.000 -0500,Alan,403.8,80.2,0.32,4.614,2.36,7.47
2022-12-02 02:45:00.000 -0500,Alan,404.6,79.36,0.32,4.639,2.4,7.48
2022-12-02 03:00:00.000 -0500,Alan,404.7,78.67,0.32,4.658,2.16,7.48
2022-12-02 03:15:00.000 -0500,Alan,404.8,80.2,0.32,4.65,2.29,7.48
2022-12-02 03:30:00.000 -0500,Alan,404.5,79.64,0.32,4.648,2.44,7.48
2022-12-02 03:45:00.000 -0500,Alan,404.6,80.3,0.32,4.625,2.38,7.48
2022-12-02 04:00:00.000 -0500,Alan,405.2,80.4,0.32,4.65,2.25,7.48
2022-12-02 04:15:00.000 -0500,Alan,404.9,79.07,0.32,4.603,2.31,7.48
2022-12-02 04:30:00.000 -0500,Alan,404.8,79.75,0.32,4.545,2.32,7.48
2022-12-02 04:45:00.000 -0500,Alan,404.7,78.18,0.32,4.574,2.3,7.48
2022-12-02 05:00:00.000 -0500,Alan,405.1,77.16,0.32,4.589,2.33,7.47
2022-12-02 05:15:00.000 -0500,Alan,406.1,76.8,0.32,4.608,2.44,7.47
2022-12-02 05:30:00.000 -0500,Alan,404.9,76.0,0.32,4.606,2.12,7.47
2022-12-02 05:45:00.000 -0500,Alan,405.0,74.72,0.32,4.59,2.33,7.47
2022-12-02 06:00:00.000 -0500,Alan,405.6,78.41,0.32,4.595,2.45,7.46
2022-12-02 06:15:00.000 -0500,Alan,405.5,78.48,0.32,4.557,2.31,7.46
2022-12-02 06:30:00.000 -0500,Alan,404.4,79.63,0.32,4.525,2.35,7.47
2022-12-02 06:45:00.000 -0500,Alan,404.1,79.03,0.32,4.542,2.3,7.47
2022-12-02 07:00:00.000 -0500,Alan,404.7,78.35,0.32,4.496,2.2,7.47
2022-12-02 07:15:00.000 -0500,Alan,404.2,78.31,0.32,4.552,2.22,7.47
2022-12-02 07:30:00.000 -0500,Alan,404.2,78.44,0.32,4.567,2.33,7.47
2022-12-02 07:45:00.000 -0500,Alan,404.3,78.68,0.32,4.581,2.12,7.47
2022-12-02 08:00:00.000 -0500,Alan,404.6,78.65,0.32,4.593,2.16,7.47
2022-12-02 08:15:00.000 -0500,Alan,404.5,78.46,0.32,4.596,2.1,7.46
2022-12-02 08:30:00.000 -0500,Alan,404.2,78.58,0.32,4.596,2.19,7.47
2022-12-02 08:45:00.000 -0500,Alan,403.4,78.42,0.32,4.578,2.16,7.47
2022-12-02 09:00:00.000 -0500,Alan,403.2,78.86,0.32,4.563,2.11,7.47
2022-12-02 09:15:00.000 -0500,Alan,403.5,78.08,0.32,4.591,2.05,7.47
2022-12-02 09:30:00.000 -0500,Alan,403.3,78.45,0.32,4.58,2.08,7.47
2022-12-02 09:45:00.000 -0500,Alan,403.0,78.2,0.32,4.568,2.09,7.46
2022-12-02 10:00:00.000 -0500,Alan,402.9,78.64,0.32,4.556,2.01,7.46
2022-12-02 10:15:00.000 -0500,Alan,403.4,81.1,0.32,4.557,2.49,7.48
2022-12-02 10:30:00.000 -0500,Alan,402.9,81.5,0.32,4.523,2.69,7.49
2022-12-02 10:45:00.000 -0500,Alan,401.2,81.4,0.32,4.496,2.53,7.5
2022-12-02 11:00:00.000 -0500,Alan,400.9,81.4,0.32,4.513,3.01,7.5
2022-12-02 11:15:00.000 -0500,Alan,400.2,81.3,0.32,4.498,2.74,7.5
2022-12-02 11:30:00.000 -0500,Alan,399.3,81.9,0.32,4.468,2.59,7.5
2022-12-02 11:45:00.000 -0500,Alan,400.8,81.9,0.32,4.487,2.89,7.51
2022-12-02 12:00:00.000 -0500,Alan,399.6,82.4,0.32,4.516,2.61,7.52
2022-12-02 12:15:00.000 -0500,Alan,401.5,82.7,0.32,4.562,3.18,7.51
2022-12-02 12:30:00.000 -0500,Alan,394.7,84.0,0.32,4.47,2.18,7.53
2022-12-02 12:45:00.000 -0500,Alan,395.5,83.1,0.32,4.552,3.01,7.53
2022-12-02 13:00:00.000 -0500,Alan,393.7,83.7,0.32,4.34,2.32,7.54
2022-12-02 13:15:00.000 -0500,Alan,395.0,85.1,0.32,4.474,2.39,7.55
2022-12-02 13:30:00.000 -0500,Alan,395.0,85.2,0.31,4.607,2.21,7.55
2022-12-02 13:45:00.000 -0500,Alan,394.9,85.8,0.31,4.573,2.23,7.56
2022-12-02 14:00:00.000 -0500,Alan,396.3,86.6,0.31,4.656,2.12,7.56
2022-12-02 14:15:00.000 -0500,Alan,397.1,87.2,0.32,4.698,2.25,7.57
2022-12-02 14:30:00.000 -0500,Alan,400.9,88.3,0.32,4.952,2.11,7.58
2022-12-02 14:45:00.000 -0500,Alan,401.4,89.6,0.31,5.129,2.2,7.59
2022-12-02 15:00:00.000 -0500,Alan,402.7,91.0,0.32,5.161,2.18,7.6
2022-12-02 15:15:00.000 -0500,Alan,405.7,91.5,0.32,5.375,2.11,7.61
2022-12-02 15:30:00.000 -0500,Alan,399.8,90.4,0.32,4.924,2.24,7.61
2022-12-02 15:45:00.000 -0500,Alan,402.2,90.9,0.32,5.075,2.29,7.61
2022-12-02 16:00:00.000 -0500,Alan,404.5,91.2,0.32,5.264,2.3,7.61
2022-12-02 16:15:00.000 -0500,Alan,405.8,92.9,0.32,5.38,2.65,7.62
2022-12-02 16:30:00.000 -0500,Alan,405.1,92.8,0.32,5.338,2.25,7.63
2022-12-02 16:45:00.000 -0500,Alan,406.9,92.7,0.32,5.417,2.21,7.62
2022-12-02 17:00:00.000 -0500,Alan,405.8,93.8,0.32,5.4,2.41,7.61
2022-12-02 17:15:00.000 -0500,Alan,411.5,92.3,0.32,5.204,2.31,7.61
2022-12-02 17:30:00.000 -0500,Alan,403.8,91.9,0.32,5.096,2.08,7.6
2022-12-02 17:45:00.000 -0500,Alan,404.5,91.4,0.32,5.146,2.03,7.6
2022-12-02 18:00:00.000 -0500,Alan,404.7,91.1,0.32,5.107,2.47,7.6
2022-12-02 18:15:00.000 -0500,Alan,405.3,91.1,0.32,5.202,2.31,7.59
2022-12-02 18:30:00.000 -0500,Alan,404.1,91.7,0.32,5.088,2.18,7.59
2022-12-02 18:45:00.000 -0500,Alan,405.1,92.3,0.32,5.082,2.42,7.61
2022-12-02 19:00:00.000 -0500,Alan,405.3,91.7,0.32,5.122,2.34,7.6
2022-12-02 19:15:00.000 -0500,Alan,405.4,92.0,0.32,5.115,2.46,7.6
2022-12-02 19:30:00.000 -0500,Alan,404.7,92.2,0.32,5.116,2.27,7.6
2022-12-02 19:45:00.000 -0500,Alan,403.8,91.9,0.32,5.076,2.38,7.6
2022-12-02 20:00:00.000 -0500,Alan,403.1,91.8,0.32,5.052,2.37,7.6
2022-12-02 20:15:00.000 -0500,Alan,405.7,91.0,0.32,5.073,2.2,7.59
2022-12-02 20:30:00.000 -0500,Alan,406.0,91.1,0.32,5.02,2.36,7.58
2022-12-02 20:45:00.000 -0500,Alan,404.8,90.9,0.32,5.032,2.54,7.58
2022-12-02 21:00:00.000 -0500,Alan,404.4,90.6,0.32,5.004,2.36,7.57
2022-12-02 21:15:00.000 -0500,Alan,402.7,90.3,0.32,4.97,2.29,7.58
2022-12-02 21:30:00.000 -0500,Alan,405.4,90.8,0.32,5.022,2.47,7.57
2022-12-02 21:45:00.000 -0500,Alan,402.8,91.1,0.32,4.958,2.36,7.58
2022-12-02 22:00:00.000 -0500,Alan,409.5,90.2,0.32,5.071,2.59,7.57
2022-12-02 22:15:00.000 -0500,Alan,412.9,90.0,0.32,5.083,2.6,7.56
2022-12-02 22:30:00.000 -0500,Alan,401.7,90.1,0.32,4.895,2.37,7.56
2022-12-02 22:45:00.000 -0500,Alan,401.6,89.3,0.32,4.869,2.16,7.57
2022-12-02 23:00:00.000 -0500,Alan,404.3,89.7,0.32,4.954,2.35,7.56
2022-12-02 23:15:00.000 -0500,Alan,405.3,87.9,0.32,4.958,2.38,7.55
2022-12-02 23:30:00.000 -0500,Alan,410.1,90.0,0.32,5.01,2.66,7.55
2022-12-02 23:45:00.000 -0500,Alan,402.8,90.0,0.32,4.871,2.15,7.55
2022-12-03 00:00:00.000 -0500,Alan,405.7,89.7,0.32,4.916,2.3,7.55
2022-12-03 00:15:00.000 -0500,Alan,410.4,89.5,0.32,5.006,2.58,7.52
2022-12-03 00:30:00.000 -0500,Alan,407.8,89.2,0.32,4.983,2.27,7.52
2022-12-03 00:45:00.000 -0500,Alan,409.1,89.9,0.32,4.997,2.68,7.52
2022-12-03 01:00:00.000 -0500,Alan,411.0,90.0,0.32,5.028,2.61,7.52
2022-12-03 01:15:00.000 -0500,Alan,406.7,89.7,0.32,4.953,2.97,7.53
2022-12-03 01:30:00.000 -0500,Alan,404.8,90.0,0.32,4.835,2.9,7.55
2022-12-03 01:45:00.000 -0500,Alan,405.9,89.7,0.32,4.839,3.26,7.55
2022-12-03 02:00:00.000 -0500,Alan,405.3,89.2,0.32,4.846,3.32,7.55
2022-12-03 02:15:00.000 -0500,Alan,405.0,89.3,0.32,4.837,3.31,7.54
2022-12-03 02:30:00.000 -0500,Alan,405.2,89.6,0.32,4.849,3.48,7.55
2022-12-03 02:45:00.000 -0500,Alan,405.0,89.3,0.32,4.857,3.11,7.55
2022-12-03 03:00:00.000 -0500,Alan,405.4,88.8,0.32,4.862,4.03,7.55
2022-12-03 03:15:00.000 -0500,Alan,413.4,86.3,0.33,4.938,5.23,7.5
2022-12-03 03:30:00.000 -0500,Alan,408.3,87.8,0.32,4.882,4.98,7.5
2022-12-03 03:45:00.000 -0500,Alan,417.0,86.7,0.33,4.989,4.71,7.49
2022-12-03 04:00:00.000 -0500,Alan,413.9,87.5,0.33,4.985,4.59,7.48
2022-12-03 04:15:00.000 -0500,Alan,408.5,87.4,0.32,4.943,5.26,7.49
2022-12-03 04:30:00.000 -0500,Alan,407.3,87.6,0.32,4.874,3.25,7.5
2022-12-03 04:45:00.000 -0500,Alan,405.0,85.2,0.32,4.841,2.96,7.49
2022-12-03 05:00:00.000 -0500,Alan,406.7,88.1,0.32,4.821,3.2,7.51
2022-12-03 05:15:00.000 -0500,Alan,404.6,88.9,0.32,4.809,2.58,7.54
2022-12-03 05:30:00.000 -0500,Alan,406.1,88.4,0.32,4.886,3.4,7.52
2022-12-03 05:45:00.000 -0500,Alan,408.1,87.1,0.32,4.886,3.11,7.51
2022-12-03 06:00:00.000 -0500,Alan,406.8,88.2,0.32,4.87,2.69,7.53
2022-12-03 06:15:00.000 -0500,Alan,410.4,87.8,0.32,4.885,2.95,7.53
2022-12-03 06:30:00.000 -0500,Alan,405.8,87.3,0.32,4.867,2.7,7.53
2022-12-03 06:45:00.000 -0500,Alan,408.4,87.0,0.32,4.899,2.85,7.52
2022-12-03 07:00:00.000 -0500,Alan,409.2,85.9,0.32,4.902,3.66,7.51
2022-12-03 07:15:00.000 -0500,Alan,411.6,85.2,0.32,4.929,3.09,7.49
2022-12-03 07:30:00.000 -0500,Alan,410.6,84.9,0.32,4.933,3.05,7.49
2022-12-03 07:45:00.000 -0500,Alan,411.3,85.2,0.32,4.984,3.09,7.49
2022-12-03 08:00:00.000 -0500,Alan,411.1,85.2,0.32,4.987,3.46,7.48
2022-12-03 08:15:00.000 -0500,Alan,412.3,84.2,0.32,5.0,3.46,7.47
2022-12-03 08:30:00.000 -0500,Alan,413.0,85.5,0.32,5.041,3.57,7.46
2022-12-03 08:45:00.000 -0500,Alan,409.8,86.0,0.32,4.967,4.02,7.48
2022-12-03 09:00:00.000 -0500,Alan,415.9,84.2,0.33,5.171,4.27,7.48
2022-12-03 09:15:00.000 -0500,Alan,412.6,85.5,0.32,4.998,3.49,7.49
2022-12-03 09:30:00.000 -0500,Alan,410.5,84.9,0.32,4.976,2.98,7.48
2022-12-03 09:45:00.000 -0500,Alan,409.0,84.2,0.32,5.007,3.1,7.48
2022-12-03 10:00:00.000 -0500,Alan,411.6,87.0,0.32,5.124,3.2,7.53
2022-12-03 10:15:00.000 -0500,Alan,408.0,85.8,0.32,5.246,2.47,7.53
2022-12-03 10:30:00.000 -0500,Alan,407.1,87.5,0.32,5.226,2.37,7.54
2022-12-03 10:45:00.000 -0500,Alan,407.1,87.8,0.32,5.311,2.32,7.55
2022-12-03 11:00:00.000 -0500,Alan,405.7,88.0,0.32,5.317,2.29,7.56
2022-12-03 11:15:00.000 -0500,Alan,407.5,88.5,0.32,5.444,2.25,7.57
2022-12-03 11:30:00.000 -0500,Alan,401.8,88.9,0.31,5.479,2.33,7.58
2022-12-03 11:45:00.000 -0500,Alan,403.9,89.3,0.31,5.573,2.31,7.59
2022-12-03 12:00:00.000 -0500,Alan,397.5,88.9,0.31,5.605,2.39,7.59
2022-12-03 12:15:00.000 -0500,Alan,400.7,89.0,0.31,5.604,2.4,7.58
2022-12-03 12:30:00.000 -0500,Alan,397.7,89.1,0.31,5.651,2.39,7.58
2022-12-03 12:45:00.000 -0500,Alan,399.2,88.8,0.31,5.616,2.42,7.58
2022-12-03 13:00:00.000 -0500,Alan,401.1,88.7,0.31,5.536,2.36,7.58
2022-12-03 13:15:00.000 -0500,Alan,400.3,89.1,0.31,5.532,2.34,7.58
2022-12-03 13:30:00.000 -0500,Alan,399.9,89.1,0.31,5.592,2.34,7.59
2022-12-03 13:45:00.000 -0500,Alan,400.3,89.1,0.31,5.561,2.43,7.59
2022-12-03 14:00:00.000 -0500,Alan,400.1,89.2,0.31,5.611,2.39,7.59
2022-12-03 14:15:00.000 -0500,Alan,400.1,89.4,0.31,5.613,2.37,7.59
2022-12-03 14:30:00.000 -0500,Alan,399.7,89.8,0.31,5.757,2.38,7.59
2022-12-03 14:45:00.000 -0500,Alan,401.0,88.9,0.31,5.662,2.33,7.58
2022-12-03 15:00:00.000 -0500,Alan,402.0,89.7,0.31,5.827,2.37,7.59
2022-12-03 15:15:00.000 -0500,Alan,403.1,90.1,0.31,5.938,2.33,7.58
2022-12-03 15:30:00.000 -0500,Alan,403.2,89.9,0.31,5.957,2.33,7.59
2022-12-03 15:45:00.000 -0500,Alan,403.3,90.2,0.31,5.999,2.38,7.59
2022-12-03 16:00:00.000 -0500,Alan,403.9,90.1,0.31,5.909,2.36,7.59
2022-12-03 16:15:00.000 -0500,Alan,405.2,89.4,0.31,5.937,2.45,7.58
2022-12-03 16:30:00.000 -0500,Alan,404.9,89.2,0.31,5.887,2.41,7.58
2022-12-03 16:45:00.000 -0500,Alan,404.5,89.6,0.31,5.911,2.33,7.58
2022-12-03 17:00:00.000 -0500,Alan,404.6,89.9,0.31,5.988,2.37,7.58
2022-12-03 17:15:00.000 -0500,Alan,405.3,89.3,0.31,5.886,2.29,7.58
2022-12-03 17:30:00.000 -0500,Alan,411.8,84.1,0.32,5.745,2.33,7.53
2022-12-03 17:45:00.000 -0500,Alan,410.1,85.8,0.32,5.566,2.3,7.53
2022-12-03 18:00:00.000 -0500,Alan,406.9,86.1,0.32,5.442,2.27,7.55
2022-12-03 18:15:00.000 -0500,Alan,406.3,87.3,0.32,5.393,2.31,7.55
2022-12-03 18:30:00.000 -0500,Alan,405.7,86.7,0.32,5.315,2.27,7.55
2022-12-03 18:45:00.000 -0500,Alan,408.9,86.3,0.32,5.423,2.32,7.54
2022-12-03 19:00:00.000 -0500,Alan,408.0,86.2,0.32,5.373,2.23,7.54
2022-12-03 19:15:00.000 -0500,Alan,407.2,86.0,0.32,5.43,2.34,7.53
2022-12-03 19:30:00.000 -0500,Alan,407.9,87.7,0.32,5.403,2.37,7.55
2022-12-03 19:45:00.000 -0500,Alan,404.4,87.5,0.31,5.43,2.26,7.55
2022-12-03 20:00:00.000 -0500,Alan,404.2,88.0,0.31,5.393,2.24,7.56
2022-12-03 20:15:00.000 -0500,Alan,405.8,87.0,0.32,5.295,2.28,7.55
2022-12-03 20:30:00.000 -0500,Alan,407.7,86.2,0.32,5.31,2.33,7.53
2022-12-03 20:45:00.000 -0500,Alan,406.7,86.0,0.32,5.438,2.34,7.52
2022-12-03 21:00:00.000 -0500,Alan,408.5,85.4,0.32,5.33,2.22,7.51
2022-12-03 21:15:00.000 -0500,Alan,409.7,83.2,0.32,5.33,2.21,7.5
2022-12-03 21:30:00.000 -0500,Alan,408.5,84.4,0.32,5.42,2.33,7.5
2022-12-03 21:45:00.000 -0500,Alan,407.6,84.5,0.32,5.419,2.33,7.5
2022-12-03 22:00:00.000 -0500,Alan,408.0,85.2,0.32,5.445,2.44,7.52
2022-12-03 22:15:00.000 -0500,Alan,409.1,84.7,0.32,5.424,2.32,7.51
2022-12-03 22:30:00.000 -0500,Alan,408.7,83.9,0.32,5.383,2.29,7.51
2022-12-03 22:45:00.000 -0500,Alan,408.1,84.7,0.32,5.407,2.45,7.51
2022-12-03 23:00:00.000 -0500,Alan,406.7,84.2,0.32,5.408,2.41,7.51
2022-12-03 23:15:00.000 -0500,Alan,406.5,84.4,0.32,5.426,2.47,7.51
2022-12-03 23:30:00.000 -0500,Alan,402.9,84.6,0.31,5.424,2.41,7.51
2022-12-03 23:45:00.000 -0500,Alan,400.6,85.1,0.31,5.454,2.4,7.51
2022-12-04 00:00:00.000 -0500,Alan,399.3,85.2,0.31,5.46,2.4,7.52
2022-12-04 00:15:00.000 -0500,Alan,401.4,85.0,0.31,5.484,2.39,7.51
2022-12-04 00:30:00.000 -0500,Alan,398.5,85.0,0.31,5.483,2.42,7.51
2022-12-04 00:45:00.000 -0500,Alan,394.8,84.7,0.31,5.496,2.52,7.51
2022-12-04 01:00:00.000 -0500,Alan,393.6,84.9,0.3,5.514,2.54,7.51
2022-12-04 01:15:00.000 -0500,Alan,398.4,84.6,0.31,5.476,2.52,7.51
2022-12-04 01:30:00.000 -0500,Alan,398.3,84.2,0.31,5.455,2.44,7.51
2022-12-04 01:45:00.000 -0500,Alan,403.3,83.8,0.31,5.448,2.33,7.51
2022-12-04 02:00:00.000 -0500,Alan,403.0,83.4,0.31,5.392,2.38,7.5
2022-12-04 02:15:00.000 -0500,Alan,408.0,83.0,0.32,5.43,2.28,7.49
2022-12-04 02:30:00.000 -0500,Alan,401.0,83.1,0.31,5.321,2.29,7.5
2022-12-04 02:45:00.000 -0500,Alan,399.9,82.8,0.31,5.292,2.44,7.49
2022-12-04 03:00:00.000 -0500,Alan,399.9,82.7,0.31,5.286,2.37,7.49
2022-12-04 03:15:00.000 -0500,Alan,400.6,82.6,0.31,5.291,2.34,7.49
2022-12-04 03:30:00.000 -0500,Alan,400.9,82.8,0.31,5.272,2.32,7.49
2022-12-04 03:45:00.000 -0500,Alan,402.3,81.3,0.31,5.32,2.81,7.48
2022-12-04 04:00:00.000 -0500,Alan,401.2,81.5,0.31,5.297,2.75,7.48
2022-12-04 04:15:00.000 -0500,Alan,402.1,80.7,0.31,5.281,3.04,7.46
2022-12-04 04:30:00.000 -0500,Alan,402.6,79.51,0.31,5.282,3.7,7.45
2022-12-04 04:45:00.000 -0500,Alan,401.2,78.74,0.31,5.213,3.25,7.43
2022-12-04 05:00:00.000 -0500,Alan,401.5,79.21,0.31,5.202,3.25,7.44
2022-12-04 05:15:00.000 -0500,Alan,401.6,79.88,0.31,5.152,3.2,7.45
2022-12-04 05:30:00.000 -0500,Alan,400.6,79.64,0.31,5.132,2.98,7.45
2022-12-04 05:45:00.000 -0500,Alan,396.0,80.4,0.31,5.0,2.7,7.46
2022-12-04 06:00:00.000 -0500,Alan,398.9,79.59,0.31,5.078,2.85,7.45
2022-12-04 06:15:00.000 -0500,Alan,398.7,79.25,0.31,5.08,2.88,7.45
2022-12-04 06:30:00.000 -0500,Alan,394.5,78.45,0.31,4.973,2.56,7.44
2022-12-04 06:45:00.000 -0500,Alan,396.9,77.58,0.31,4.981,2.81,7.43
2022-12-04 07:00:00.000 -0500,Alan,396.8,77.79,0.31,4.968,2.85,7.42
2022-12-04 07:15:00.000 -0500,Alan,396.5,78.04,0.31,4.929,3.1,7.44
2022-12-04 07:30:00.000 -0500,Alan,395.5,77.05,0.31,4.91,3.02,7.42
2022-12-04 07:45:00.000 -0500,Alan,395.5,77.22,0.31,4.854,3.03,7.42
2022-12-04 08:00:00.000 -0500,Alan,393.3,78.94,0.31,4.81,2.91,7.44
2022-12-04 08:15:00.000 -0500,Alan,393.6,79.46,0.31,4.825,2.88,7.44
2022-12-04 08:30:00.000 -0500,Alan,393.6,79.48,0.31,4.827,2.78,7.46
2022-12-04 08:45:00.000 -0500,Alan,393.7,78.88,0.31,4.757,2.82,7.45
2022-12-04 09:00:00.000 -0500,Alan,395.1,78.13,0.31,4.747,3.15,7.44
2022-12-04 09:15:00.000 -0500,Alan,396.0,77.54,0.31,4.742,3.23,7.42
2022-12-04 09:30:00.000 -0500,Alan,395.8,77.92,0.31,4.793,3.17,7.42
2022-12-04 09:45:00.000 -0500,Alan,397.4,78.57,0.31,4.801,3.18,7.43
2022-12-04 10:00:00.000 -0500,Alan,396.9,79.04,0.31,4.839,3.1,7.43
2022-12-04 10:15:00.000 -0500,Alan,397.9,78.62,0.31,4.837,3.19,7.43
2022-12-04 10:30:00.000 -0500,Alan,397.8,79.02,0.31,4.834,3.08,7.43
2022-12-04 10:45:00.000 -0500,Alan,400.1,79.58,0.32,4.97,2.81,7.43
2022-12-04 11:00:00.000 -0500,Alan,404.2,80.3,0.32,5.062,2.74,7.42
2022-12-04 11:15:00.000 -0500,Alan,408.1,80.8,0.32,5.099,2.87,7.41
2022-12-04 11:30:00.000 -0500,Alan,409.8,81.5,0.32,5.219,2.75,7.41
2022-12-04 11:45:00.000 -0500,Alan,409.2,81.7,0.32,5.273,3.3,7.42
2022-12-04 12:00:00.000 -0500,Alan,405.5,81.9,0.32,5.189,2.97,7.44
2022-12-04 12:15:00.000 -0500,Alan,405.3,82.3,0.32,5.289,3.09,7.44
2022-12-04 12:30:00.000 -0500,Alan,404.2,82.8,0.32,5.255,2.92,7.45
2022-12-04 12:45:00.000 -0500,Alan,408.0,83.2,0.32,5.351,2.94,7.45
2022-12-04 13:00:00.000 -0500,Alan,406.7,83.4,0.32,5.374,2.84,7.46
2022-12-04 13:15:00.000 -0500,Alan,404.5,84.2,0.32,5.325,2.88,7.47
2022-12-04 13:30:00.000 -0500,Alan,408.5,85.5,0.32,5.382,2.76,7.49
2022-12-04 13:45:00.000 -0500,Alan,405.9,85.4,0.31,5.52,2.77,7.49
2022-12-04 14:00:00.000 -0500,Alan,408.2,86.0,0.32,5.517,2.79,7.49
2022-12-04 14:15:00.000 -0500,Alan,411.3,87.1,0.32,5.762,2.64,7.49
2022-12-04 14:30:00.000 -0500,Alan,410.7,86.1,0.32,5.72,2.72,7.49
2022-12-04 14:45:00.000 -0500,Alan,411.7,87.8,0.32,5.829,2.63,7.5
2022-12-04 15:00:00.000 -0500,Alan,411.0,86.8,0.32,5.764,2.76,7.5
2022-12-04 15:15:00.000 -0500,Alan,409.7,86.4,0.32,5.664,2.68,7.5
2022-12-04 15:30:00.000 -0500,Alan,410.2,86.5,0.32,5.72,2.6,7.5
2022-12-04 15:45:00.000 -0500,Alan,410.9,85.6,0.32,5.768,2.52,7.49
2022-12-04 16:00:00.000 -0500,Alan,409.6,86.6,0.32,5.689,2.61,7.49
2022-12-04 16:15:00.000 -0500,Alan,410.6,86.1,0.32,5.683,2.64,7.49
2022-12-04 16:30:00.000 -0500,Alan,411.9,84.7,0.32,5.75,2.62,7.48
2022-12-04 16:45:00.000 -0500,Alan,411.7,85.5,0.32,5.751,2.61,7.48
2022-12-04 17:00:00.000 -0500,Alan,412.2,87.5,0.32,5.743,3.12,7.48
2022-12-04 17:15:00.000 -0500,Alan,412.2,87.6,0.32,5.752,2.45,7.48
2022-12-04 17:30:00.000 -0500,Alan,411.8,86.0,0.32,5.724,2.69,7.48
2022-12-04 17:45:00.000 -0500,Alan,411.3,84.9,0.32,5.664,2.71,7.48
2022-12-04 18:00:00.000 -0500,Alan,411.8,85.4,0.32,5.716,2.6,7.48
2022-12-04 18:15:00.000 -0500,Alan,411.2,81.7,0.32,5.68,2.56,7.47
2022-12-04 18:30:00.000 -0500,Alan,410.9,80.9,0.32,5.671,2.49,7.47
2022-12-04 18:45:00.000 -0500,Alan,411.3,79.6,0.32,5.687,2.66,7.46
2022-12-04 19:00:00.000 -0500,Alan,411.5,76.75,0.32,5.664,2.98,7.46
2022-12-04 19:15:00.000 -0500,Alan,410.8,79.54,0.32,5.636,3.2,7.45
2022-12-04 19:30:00.000 -0500,Alan,410.0,76.21,0.32,5.599,3.1,7.45
2022-12-04 19:45:00.000 -0500,Alan,409.1,82.1,0.32,5.547,2.67,7.47
2022-12-04 20:00:00.000 -0500,Alan,409.9,80.9,0.32,5.528,2.46,7.47
2022-12-04 20:15:00.000 -0500,Alan,407.2,81.4,0.32,5.457,2.44,7.49
2022-12-04 20:30:00.000 -0500,Alan,408.2,81.0,0.32,5.471,2.8,7.49
2022-12-04 20:45:00.000 -0500,Alan,410.7,81.2,0.32,5.52,2.69,7.47
2022-12-04 21:00:00.000 -0500,Alan,412.0,82.3,0.32,5.498,2.36,7.47
2022-12-04 21:15:00.000 -0500,Alan,412.3,83.0,0.32,5.535,2.68,7.46
2022-12-04 21:30:00.000 -0500,Alan,410.9,84.0,0.32,5.413,2.63,7.46
2022-12-04 21:45:00.000 -0500,Alan,413.6,82.8,0.32,5.452,2.67,7.46
2022-12-04 22:00:00.000 -0500,Alan,413.4,80.8,0.32,5.406,2.83,7.45
2022-12-04 22:15:00.000 -0500,Alan,413.9,82.1,0.32,5.384,3.18,7.44
2022-12-04 22:30:00.000 -0500,Alan,410.6,80.5,0.32,5.289,3.49,7.45
2022-12-04 22:45:00.000 -0500,Alan,411.2,80.1,0.32,5.289,3.3,7.45
2022-12-04 23:00:00.000 -0500,Alan,409.1,79.41,0.32,5.222,3.59,7.45
2022-12-04 23:15:00.000 -0500,Alan,412.5,82.5,0.32,5.292,3.05,7.45
2022-12-04 23:30:00.000 -0500,Alan,413.2,80.8,0.32,5.28,2.78,7.44
2022-12-04 23:45:00.000 -0500,Alan,413.3,78.21,0.32,5.213,3.54,7.44
2022-12-05 00:00:00.000 -0500,Alan,409.4,77.73,0.32,5.141,2.92,7.43
2022-12-05 00:15:00.000 -0500,Alan,409.1,79.41,0.32,5.117,3.14,7.44
2022-12-05 00:30:00.000 -0500,Alan,406.6,79.35,0.32,5.006,3.18,7.44
2022-12-05 00:45:00.000 -0500,Alan,405.2,79.79,0.32,4.922,3.12,7.44
2022-12-05 01:00:00.000 -0500,Alan,404.0,79.97,0.32,4.897,2.54,7.45
2022-12-05 01:15:00.000 -0500,Alan,403.3,79.88,0.32,4.848,2.64,7.46
2022-12-05 01:30:00.000 -0500,Alan,404.7,81.4,0.32,4.887,3.12,7.45
2022-12-05 01:45:00.000 -0500,Alan,404.8,80.3,0.32,4.847,2.72,7.45
2022-12-05 02:00:00.000 -0500,Alan,402.1,79.45,0.32,4.767,2.86,7.45
2022-12-05 02:15:00.000 -0500,Alan,402.7,79.55,0.32,4.768,2.93,7.45
2022-12-05 02:30:00.000 -0500,Alan,401.5,79.64,0.32,4.744,2.67,7.45
2022-12-05 02:45:00.000 -0500,Alan,403.4,79.99,0.32,4.697,3.12,7.45
2022-12-05 03:00:00.000 -0500,Alan,400.3,79.45,0.32,4.629,2.64,7.45
2022-12-05 03:15:00.000 -0500,Alan,399.3,78.51,0.32,4.523,2.58,7.44
2022-12-05 03:30:00.000 -0500,Alan,399.7,81.2,0.32,4.526,2.62,7.44
2022-12-05 03:45:00.000 -0500,Alan,397.4,79.56,0.32,4.455,2.72,7.45
2022-12-05 04:00:00.000 -0500,Alan,397.8,79.75,0.32,4.47,2.43,7.45
2022-12-05 04:15:00.000 -0500,Alan,397.6,79.24,0.32,4.464,2.6,7.46
2022-12-05 04:30:00.000 -0500,Alan,399.6,79.34,0.32,4.555,2.85,7.45
2022-12-05 04:45:00.000 -0500,Alan,400.6,78.63,0.32,4.509,2.84,7.44
2022-12-05 05:00:00.000 -0500,Alan,401.7,78.93,0.32,4.422,3.07,7.43
2022-12-05 05:15:00.000 -0500,Alan,398.5,77.86,0.32,4.29,4.83,7.42
2022-12-05 05:30:00.000 -0500,Alan,399.7,77.66,0.32,4.224,6.43,7.41
2022-12-05 05:45:00.000 -0500,Alan,397.0,76.64,0.32,4.163,9.92,7.4
2022-12-05 06:00:00.000 -0500,Alan,397.7,75.89,0.32,4.2,4.54,7.39
2022-12-05 06:15:00.000 -0500,Alan,397.1,74.5,0.32,4.215,3.02,7.39
2022-12-05 06:30:00.000 -0500,Alan,396.0,74.26,0.32,4.207,4.64,7.39
2022-12-05 06:45:00.000 -0500,Alan,394.8,74.54,0.32,4.203,5.49,7.4
2022-12-05 07:00:00.000 -0500,Alan,394.1,73.05,0.32,4.216,4.21,7.41
2022-12-05 07:15:00.000 -0500,Alan,393.0,75.4,0.32,4.225,4.04,7.42
2022-12-05 07:30:00.000 -0500,Alan,392.6,76.59,0.32,4.219,4.31,7.42
2022-12-05 07:45:00.000 -0500,Alan,392.4,73.38,0.32,4.224,3.43,7.42
2022-12-05 08:00:00.000 -0500,Alan,392.3,73.26,0.32,4.255,2.82,7.43
2022-12-05 08:15:00.000 -0500,Alan,393.0,73.6,0.32,4.293,2.62,7.44
2022-12-05 08:30:00.000 -0500,Alan,392.2,77.08,0.32,4.273,3.26,7.44
2022-12-05 08:45:00.000 -0500,Alan,392.4,75.78,0.32,4.274,3.05,7.44
2022-12-05 09:00:00.000 -0500,Alan,391.2,80.5,0.31,4.236,2.82,7.46
2022-12-05 09:15:00.000 -0500,Alan,391.0,79.99,0.31,4.218,2.93,7.46
2022-12-05 09:30:00.000 -0500,Alan,390.5,78.64,0.31,4.217,2.69,7.46
2022-12-05 09:45:00.000 -0500,Alan,388.9,80.6,0.31,4.177,2.57,7.48
2022-12-05 10:00:00.000 -0500,Alan,389.1,82.3,0.31,4.203,3.35,7.48
2022-12-05 10:15:00.000 -0500,Alan,389.6,83.5,0.31,4.215,3.12,7.48
2022-12-05 10:30:00.000 -0500,Alan,392.1,82.8,0.32,4.202,4.59,7.49
2022-12-05 10:45:00.000 -0500,Alan,393.5,82.1,0.32,4.194,4.8,7.47
2022-12-05 11:00:00.000 -0500,Alan,390.0,83.5,0.31,4.183,3.52,7.49
2022-12-05 11:15:00.000 -0500,Alan,390.7,83.2,0.31,4.187,3.78,7.5
2022-12-05 11:30:00.000 -0500,Alan,391.6,84.0,0.31,4.257,3.95,7.5
2022-12-05 11:45:00.000 -0500,Alan,390.3,84.1,0.31,4.269,3.39,7.5
2022-12-05 12:00:00.000 -0500,Alan,389.3,84.4,0.31,4.245,2.94,7.51
2022-12-05 12:15:00.000 -0500,Alan,391.6,85.4,0.31,4.284,3.09,7.52
2022-12-05 12:30:00.000 -0500,Alan,389.9,85.5,0.31,4.299,2.99,7.52
2022-12-05 12:45:00.000 -0500,Alan,391.8,86.6,0.31,4.363,2.89,7.53
2022-12-05 13:00:00.000 -0500,Alan,391.6,86.8,0.31,4.415,2.85,7.53
2022-12-05 13:15:00.000 -0500,Alan,391.4,88.2,0.31,4.547,2.62,7.55
2022-12-05 13:30:00.000 -0500,Alan,391.3,88.5,0.31,4.652,2.42,7.56
2022-12-05 13:45:00.000 -0500,Alan,390.2,88.9,0.31,4.649,2.52,7.57
2022-12-05 14:00:00.000 -0500,Alan,391.7,89.7,0.31,4.671,2.53,7.58
2022-12-05 14:15:00.000 -0500,Alan,391.6,89.4,0.31,4.738,2.5,7.58
2022-12-05 14:30:00.000 -0500,Alan,393.8,90.3,0.31,4.975,2.51,7.59
2022-12-05 14:45:00.000 -0500,Alan,393.6,90.1,0.31,4.845,2.51,7.59
2022-12-05 15:00:00.000 -0500,Alan,395.9,91.9,0.31,5.12,2.41,7.59
2022-12-05 15:15:00.000 -0500,Alan,397.1,91.9,0.31,4.996,2.59,7.6
2022-12-05 15:30:00.000 -0500,Alan,396.8,94.9,0.31,5.277,2.41,7.62
2022-12-05 15:45:00.000 -0500,Alan,396.5,95.9,0.31,5.28,2.34,7.64
2022-12-05 16:00:00.000 -0500,Alan,398.0,95.5,0.31,5.328,2.44,7.63
2022-12-05 16:15:00.000 -0500,Alan,399.4,94.7,0.31,5.311,2.34,7.63
2022-12-05 16:30:00.000 -0500,Alan,397.4,95.1,0.31,5.209,2.41,7.62
2022-12-05 16:45:00.000 -0500,Alan,399.5,93.8,0.31,5.272,2.34,7.62
2022-12-05 17:00:00.000 -0500,Alan,398.3,93.2,0.31,5.202,2.38,7.61
2022-12-05 17:15:00.000 -0500,Alan,399.0,93.3,0.31,5.263,2.23,7.61
2022-12-05 17:30:00.000 -0500,Alan,398.8,93.5,0.31,5.267,2.44,7.61
2022-12-05 17:45:00.000 -0500,Alan,398.5,93.2,0.31,5.228,2.49,7.6
2022-12-05 18:00:00.000 -0500,Alan,397.6,93.1,0.31,5.063,2.52,7.6
2022-12-05 18:15:00.000 -0500,Alan,397.5,93.5,0.31,5.038,2.58,7.6
2022-12-05 18:30:00.000 -0500,Alan,397.0,93.3,0.31,5.004,2.45,7.59
2022-12-05 18:45:00.000 -0500,Alan,396.5,92.3,0.31,4.963,2.5,7.59
2022-12-05 19:00:00.000 -0500,Alan,396.7,91.8,0.31,4.986,2.54,7.58
2022-12-05 19:15:00.000 -0500,Alan,397.1,91.2,0.31,4.976,2.43,7.58
2022-12-05 19:30:00.000 -0500,Alan,397.1,92.1,0.31,4.93,2.41,7.58
2022-12-05 19:45:00.000 -0500,Alan,397.1,91.3,0.31,4.942,2.29,7.57
2022-12-05 20:00:00.000 -0500,Alan,397.0,91.1,0.31,4.935,2.35,7.57
2022-12-05 20:15:00.000 -0500,Alan,397.0,89.5,0.31,4.924,2.48,7.56
2022-12-05 20:30:00.000 -0500,Alan,396.2,90.5,0.31,4.895,2.52,7.57
2022-12-05 20:45:00.000 -0500,Alan,397.7,90.2,0.31,4.889,2.65,7.57
2022-12-05 21:00:00.000 -0500,Alan,396.9,90.1,0.31,4.874,2.62,7.56
2022-12-05 21:15:00.000 -0500,Alan,396.3,88.9,0.31,4.848,2.5,7.56
2022-12-05 21:30:00.000 -0500,Alan,395.9,89.8,0.31,4.82,2.41,7.56
2022-12-05 21:45:00.000 -0500,Alan,398.2,89.2,0.31,4.881,2.44,7.55
2022-12-05 22:00:00.000 -0500,Alan,397.8,89.6,0.31,4.868,2.4,7.55
2022-12-05 22:15:00.000 -0500,Alan,399.2,89.5,0.32,4.887,2.46,7.55
2022-12-05 22:30:00.000 -0500,Alan,398.9,91.0,0.32,4.821,2.47,7.55
2022-12-05 22:45:00.000 -0500,Alan,398.2,89.4,0.32,4.762,2.46,7.56
2022-12-05 23:00:00.000 -0500,Alan,399.0,88.8,0.32,4.757,2.57,7.55
2022-12-05 23:15:00.000 -0500,Alan,400.1,88.9,0.32,4.813,2.29,7.54
2022-12-05 23:30:00.000 -0500,Alan,401.9,88.9,0.32,4.861,2.51,7.53
2022-12-05 23:45:00.000 -0500,Alan,399.6,89.4,0.32,4.796,2.31,7.54
2022-12-06 00:00:00.000 -0500,Alan,397.4,90.7,0.32,4.668,2.41,7.55
2022-12-06 00:15:00.000 -0500,Alan,395.8,90.4,0.31,4.628,2.28,7.55
2022-12-06 00:30:00.000 -0500,Alan,396.3,89.9,0.32,4.608,2.2,7.55
2022-12-06 00:45:00.000 -0500,Alan,396.1,89.0,0.32,4.599,2.6,7.54
2022-12-06 01:00:00.000 -0500,Alan,396.6,89.0,0.32,4.606,2.43,7.53
2022-12-06 01:15:00.000 -0500,Alan,397.2,88.5,0.32,4.605,2.45,7.53
2022-12-06 01:30:00.000 -0500,Alan,396.7,88.2,0.32,4.589,2.34,7.53
2022-12-06 01:45:00.000 -0500,Alan,397.7,88.1,0.32,4.599,2.48,7.53
2022-12-06 02:00:00.000 -0500,Alan,397.7,87.6,0.32,4.601,2.32,7.52
2022-12-06 02:15:00.000 -0500,Alan,397.1,87.4,0.32,4.595,2.26,7.52
2022-12-06 02:30:00.000 -0500,Alan,398.0,87.0,0.32,4.603,2.24,7.51
2022-12-06 02:45:00.000 -0500,Alan,398.8,87.0,0.32,4.597,2.7,7.51
2022-12-06 03:00:00.000 -0500,Alan,398.9,87.4,0.32,4.632,2.5,7.52
2022-12-06 03:15:00.000 -0500,Alan,399.1,87.6,0.32,4.62,2.23,7.51
2022-12-06 03:30:00.000 -0500,Alan,399.7,87.1,0.32,4.639,2.22,7.51
2022-12-06 03:45:00.000 -0500,Alan,399.9,87.5,0.32,4.62,2.6,7.51
2022-12-06 04:00:00.000 -0500,Alan,398.7,87.3,0.32,4.605,2.22,7.51
2022-12-06 04:15:00.000 -0500,Alan,398.9,87.7,0.32,4.575,2.48,7.52
2022-12-06 04:30:00.000 -0500,Alan,398.4,87.6,0.32,4.551,2.46,7.52
2022-12-06 04:45:00.000 -0500,Alan,397.0,87.3,0.32,4.509,2.54,7.52
2022-12-06 05:00:00.000 -0500,Alan,395.5,88.0,0.32,4.335,2.56,7.54
2022-12-06 05:15:00.000 -0500,Alan,392.9,87.3,0.32,4.31,2.8,7.54
2022-12-06 05:30:00.000 -0500,Alan,393.4,86.3,0.32,4.354,2.37,7.53
2022-12-06 05:45:00.000 -0500,Alan,394.2,84.7,0.32,4.377,2.23,7.52
2022-12-06 06:00:00.000 -0500,Alan,395.2,85.0,0.32,4.402,2.3,7.52
2022-12-06 06:15:00.000 -0500,Alan,395.3,85.7,0.32,4.4,2.31,7.51
2022-12-06 06:30:00.000 -0500,Alan,394.9,86.4,0.32,4.397,2.59,7.51
2022-12-06 06:45:00.000 -0500,Alan,398.5,86.9,0.32,4.479,2.54,7.52
2022-12-06 07:00:00.000 -0500,Alan,398.8,86.0,0.32,4.437,2.4,7.51
2022-12-06 07:15:00.000 -0500,Alan,396.7,85.8,0.32,4.301,2.6,7.52
2022-12-06 07:30:00.000 -0500,Alan,395.3,86.2,0.32,4.194,3.38,7.52
2022-12-06 07:45:00.000 -0500,Alan,394.9,85.4,0.32,4.205,2.86,7.52
2022-12-06 08:00:00.000 -0500,Alan,393.0,86.0,0.32,4.202,2.85,7.53
2022-12-06 08:15:00.000 -0500,Alan,393.4,85.1,0.32,4.192,2.79,7.52
2022-12-06 08:30:00.000 -0500,Alan,394.3,86.1,0.32,4.219,2.83,7.53
2022-12-06 08:45:00.000 -0500,Alan,395.2,86.4,0.32,4.222,2.8,7.52
2022-12-06 09:00:00.000 -0500,Alan,391.8,86.9,0.32,4.193,2.58,7.53
2022-12-06 09:15:00.000 -0500,Alan,393.2,87.2,0.32,4.185,2.93,7.53
2022-12-06 09:30:00.000 -0500,Alan,392.7,87.6,0.32,4.181,2.89,7.54
2022-12-06 09:45:00.000 -0500,Alan,395.8,87.6,0.32,4.249,2.8,7.54
2022-12-06 10:00:00.000 -0500,Alan,396.2,88.2,0.32,4.307,2.57,7.53
2022-12-06 10:15:00.000 -0500,Alan,393.7,88.6,0.32,4.323,2.6,7.53
2022-12-06 10:30:00.000 -0500,Alan,397.0,88.9,0.32,4.374,2.63,7.53
2022-12-06 10:45:00.000 -0500,Alan,397.1,90.2,0.32,4.508,3.28,7.53
2022-12-06 11:00:00.000 -0500,Alan,395.3,90.3,0.32,4.445,3.68,7.54
2022-12-06 11:15:00.000 -0500,Alan,392.9,90.4,0.31,4.369,3.26,7.55
2022-12-06 11:30:00.000 -0500,Alan,391.5,90.8,0.31,4.299,2.95,7.55
2022-12-06 11:45:00.000 -0500,Alan,394.9,90.1,0.32,4.445,2.94,7.54
2022-12-06 12:00:00.000 -0500,Alan,396.7,89.7,0.32,4.459,3.8,7.53
2022-12-06 12:15:00.000 -0500,Alan,396.4,90.2,0.32,4.472,3.35,7.53
2022-12-06 12:30:00.000 -0500,Alan,396.3,90.7,0.32,4.457,2.92,7.53
2022-12-06 12:45:00.000 -0500,Alan,396.2,91.3,0.32,4.555,2.65,7.56
2022-12-06 13:00:00.000 -0500,Alan,396.4,90.9,0.32,4.506,3.86,7.56
2022-12-06 13:15:00.000 -0500,Alan,394.7,92.1,0.32,4.479,2.65,7.58
2022-12-06 13:30:00.000 -0500,Alan,394.9,92.2,0.32,4.519,2.99,7.57
2022-12-06 13:45:00.000 -0500,Alan,394.3,92.0,0.31,4.513,2.63,7.58
2022-12-06 14:00:00.000 -0500,Alan,395.9,92.3,0.31,4.623,2.61,7.59
2022-12-06 14:15:00.000 -0500,Alan,395.3,92.0,0.31,4.627,2.61,7.59
2022-12-06 14:30:00.000 -0500,Alan,397.3,91.8,0.32,4.657,2.56,7.59
2022-12-06 14:45:00.000 -0500,Alan,398.8,91.8,0.32,4.715,2.57,7.58
2022-12-06 15:00:00.000 -0500,Alan,398.1,92.4,0.32,4.776,2.51,7.59
2022-12-06 15:15:00.000 -0500,Alan,399.6,92.8,0.32,4.83,3.03,7.6
2022-12-06 15:30:00.000 -0500,Alan,398.4,92.9,0.31,4.87,2.56,7.59
2022-12-06 15:45:00.000 -0500,Alan,398.3,93.1,0.31,4.906,2.65,7.6
2022-12-06 16:00:00.000 -0500,Alan,398.8,92.9,0.31,4.936,2.58,7.59
2022-12-06 16:15:00.000 -0500,Alan,399.5,93.7,0.31,4.983,2.51,7.6
2022-12-06 16:30:00.000 -0500,Alan,398.9,93.3,0.31,4.969,2.55,7.61
2022-12-06 16:45:00.000 -0500,Alan,399.6,94.0,0.31,5.052,2.47,7.61
2022-12-06 17:00:00.000 -0500,Alan,399.8,92.2,0.32,4.886,2.64,7.59
2022-12-06 17:15:00.000 -0500,Alan,400.3,92.7,0.31,5.013,3.05,7.59
2022-12-06 17:30:00.000 -0500,Alan,400.9,93.1,0.32,5.027,2.82,7.59
2022-12-06 17:45:00.000 -0500,Alan,403.6,92.9,0.32,5.044,3.45,7.58
2022-12-06 18:00:00.000 -0500,Alan,402.6,93.5,0.32,5.121,3.16,7.58
2022-12-06 18:15:00.000 -0500,Alan,401.9,94.2,0.31,5.181,3.03,7.6
2022-12-06 18:30:00.000 -0500,Alan,401.3,94.2,0.31,5.191,2.65,7.61
2022-12-06 18:45:00.000 -0500,Alan,403.0,94.0,0.31,5.237,4.07,7.6
2022-12-06 19:00:00.000 -0500,Alan,401.1,93.9,0.31,5.208,2.62,7.61
2022-12-06 19:15:00.000 -0500,Alan,400.9,94.2,0.31,5.254,2.67,7.62
2022-12-06 19:30:00.000 -0500,Alan,401.5,94.4,0.31,5.273,2.73,7.61
2022-12-06 19:45:00.000 -0500,Alan,402.2,93.4,0.31,5.303,2.7,7.61
2022-12-06 20:00:00.000 -0500,Alan,402.1,93.8,0.31,5.28,3.13,7.6
2022-12-06 20:15:00.000 -0500,Alan,401.6,94.3,0.31,5.305,2.85,7.61
2022-12-06 20:30:00.000 -0500,Alan,402.3,94.1,0.31,5.277,2.89,7.61
2022-12-06 20:45:00.000 -0500,Alan,402.5,94.1,0.31,5.374,2.85,7.61
2022-12-06 21:00:00.000 -0500,Alan,403.2,94.4,0.31,5.437,2.95,7.61
2022-12-06 21:15:00.000 -0500,Alan,403.5,94.2,0.31,5.464,2.78,7.61
2022-12-06 21:30:00.000 -0500,Alan,404.4,94.2,0.31,5.5,3.0,7.61
2022-12-06 21:45:00.000 -0500,Alan,404.8,94.3,0.31,5.57,2.79,7.61
2022-12-06 22:00:00.000 -0500,Alan,404.2,94.3,0.31,5.57,2.62,7.62
2022-12-06 22:15:00.000 -0500,Alan,410.0,93.2,0.32,5.469,5.25,7.61
2022-12-06 22:30:00.000 -0500,Alan,405.5,94.0,0.31,5.586,2.76,7.61
2022-12-06 22:45:00.000 -0500,Alan,405.2,94.1,0.31,5.623,2.57,7.61
2022-12-06 23:00:00.000 -0500,Alan,406.0,94.2,0.31,5.725,2.65,7.61
2022-12-06 23:15:00.000 -0500,Alan,406.5,94.1,0.31,5.677,2.74,7.62
2022-12-06 23:30:00.000 -0500,Alan,407.4,94.1,0.31,5.856,2.66,7.61
2022-12-06 23:45:00.000 -0500,Alan,407.0,94.4,0.31,5.918,2.6,7.61
2022-12-07 00:00:00.000 -0500,Alan,406.9,94.2,0.31,5.864,2.64,7.61
2022-12-07 00:15:00.000 -0500,Alan,407.1,94.4,0.31,5.978,2.61,7.62
2022-12-07 00:30:00.000 -0500,Alan,407.1,94.2,0.31,6.001,2.61,7.61
2022-12-07 00:45:00.000 -0500,Alan,405.6,94.1,0.31,6.055,2.66,7.62
2022-12-07 01:00:00.000 -0500,Alan,402.7,94.2,0.31,6.011,2.66,7.62
2022-12-07 01:15:00.000 -0500,Alan,401.9,94.1,0.31,6.047,2.93,7.62
2022-12-07 01:30:00.000 -0500,Alan,402.7,93.8,0.31,6.004,2.65,7.62
2022-12-07 01:45:00.000 -0500,Alan,401.9,93.9,0.31,6.079,2.63,7.62
2022-12-07 02:00:00.000 -0500,Alan,402.5,94.0,0.31,6.037,2.68,7.62
2022-12-07 02:15:00.000 -0500,Alan,397.7,93.9,0.3,6.188,2.74,7.62
2022-12-07 02:30:00.000 -0500,Alan,406.4,92.6,0.31,5.79,2.63,7.61
2022-12-07 02:45:00.000 -0500,Alan,404.8,91.8,0.31,5.935,2.61,7.58
2022-12-07 03:00:00.000 -0500,Alan,403.5,92.7,0.31,5.969,2.79,7.59
2022-12-07 03:15:00.000 -0500,Alan,405.5,92.6,0.31,5.893,2.61,7.59
2022-12-07 03:30:00.000 -0500,Alan,404.6,92.3,0.31,5.882,2.81,7.59
2022-12-07 03:45:00.000 -0500,Alan,408.8,91.7,0.31,5.737,2.77,7.57
2022-12-07 04:00:00.000 -0500,Alan,408.7,90.0,0.32,5.644,2.7,7.55
2022-12-07 04:15:00.000 -0500,Alan,410.3,88.4,0.32,5.635,2.79,7.53
2022-12-07 04:30:00.000 -0500,Alan,410.2,88.2,0.32,5.584,2.75,7.52
2022-12-07 04:45:00.000 -0500,Alan,410.2,89.3,0.32,5.644,2.91,7.52
2022-12-07 05:00:00.000 -0500,Alan,410.8,88.7,0.32,5.677,2.86,7.51
2022-12-07 05:15:00.000 -0500,Alan,408.6,87.9,0.32,5.604,2.56,7.51
2022-12-07 05:30:00.000 -0500,Alan,406.3,87.0,0.31,5.551,2.58,7.52
2022-12-07 05:45:00.000 -0500,Alan,404.4,89.4,0.31,5.595,2.64,7.54
2022-12-07 06:00:00.000 -0500,Alan,404.0,89.0,0.31,5.621,2.73,7.54
2022-12-07 06:15:00.000 -0500,Alan,404.9,88.9,0.31,5.72,2.67,7.55
2022-12-07 06:30:00.000 -0500,Alan,403.7,89.5,0.31,5.86,2.92,7.55
2022-12-07 06:45:00.000 -0500,Alan,403.1,89.2,0.31,5.825,2.73,7.55
2022-12-07 07:00:00.000 -0500,Alan,402.8,84.8,0.31,5.88,2.58,7.54
2022-12-07 07:15:00.000 -0500,Alan,403.4,87.7,0.31,5.817,2.72,7.55
2022-12-07 07:30:00.000 -0500,Alan,403.0,89.5,0.31,5.81,2.68,7.55
2022-12-07 07:45:00.000 -0500,Alan,403.7,88.6,0.31,5.71,2.53,7.54
2022-12-07 08:00:00.000 -0500,Alan,404.3,89.0,0.31,5.694,2.69,7.54
2022-12-07 08:15:00.000 -0500,Alan,403.5,88.9,0.31,5.6,2.85,7.55
2022-12-07 08:30:00.000 -0500,Alan,403.9,89.6,0.31,5.601,2.72,7.55
2022-12-07 08:45:00.000 -0500,Alan,403.6,89.9,0.31,5.582,2.78,7.55
2022-12-07 09:00:00.000 -0500,Alan,404.4,89.7,0.31,5.548,2.74,7.55
2022-12-07 09:15:00.000 -0500,Alan,407.2,88.8,0.32,5.56,2.61,7.54
2022-12-07 09:30:00.000 -0500,Alan,409.0,86.9,0.32,5.599,2.7,7.52
2022-12-07 09:45:00.000 -0500,Alan,409.5,86.1,0.32,5.568,2.97,7.51
2022-12-07 10:00:00.000 -0500,Alan,408.1,87.5,0.32,5.572,2.86,7.51
2022-12-07 10:15:00.000 -0500,Alan,407.3,89.4,0.32,5.576,2.74,7.53
2022-12-07 10:30:00.000 -0500,Alan,407.4,89.5,0.31,5.642,2.66,7.53
2022-12-07 10:45:00.000 -0500,Alan,407.3,88.5,0.31,5.679,2.72,7.53
2022-12-07 11:00:00.000 -0500,Alan,407.6,88.9,0.31,5.699,2.82,7.53
2022-12-07 11:15:00.000 -0500,Alan,408.1,89.3,0.31,5.713,2.69,7.53
2022-12-07 11:30:00.000 -0500,Alan,407.7,88.4,0.31,5.679,2.65,7.53
2022-12-07 11:45:00.000 -0500,Alan,407.7,88.7,0.31,5.67,2.64,7.52
2022-12-07 12:00:00.000 -0500,Alan,407.3,88.0,0.31,5.673,2.57,7.52
2022-12-07 12:15:00.000 -0500,Alan,406.3,88.9,0.31,5.677,2.68,7.53
2022-12-07 12:30:00.000 -0500,Alan,405.3,88.9,0.31,5.707,2.68,7.54
2022-12-07 12:45:00.000 -0500,Alan,405.0,89.9,0.31,5.706,2.86,7.55
2022-12-07 13:00:00.000 -0500,Alan,404.8,90.7,0.31,5.725,2.69,7.55
2022-12-07 13:15:00.000 -0500,Alan,405.5,90.5,0.31,5.727,2.75,7.55
2022-12-07 13:30:00.000 -0500,Alan,406.8,89.8,0.31,5.724,2.9,7.55
2022-12-07 13:45:00.000 -0500,Alan,408.0,89.4,0.31,5.692,2.92,7.54
2022-12-07 14:00:00.000 -0500,Alan,408.7,88.2,0.32,5.667,2.78,7.53
2022-12-07 14:15:00.000 -0500,Alan,408.2,89.4,0.32,5.662,2.72,7.53
2022-12-07 14:30:00.000 -0500,Alan,407.7,88.4,0.31,5.729,2.8,7.53
2022-12-07 14:45:00.000 -0500,Alan,407.3,88.8,0.31,5.753,2.82,7.53
2022-12-07 15:00:00.000 -0500,Alan,407.2,88.4,0.31,5.773,2.82,7.53
2022-12-07 15:15:00.000 -0500,Alan,407.1,88.0,0.31,5.781,2.72,7.53
2022-12-07 15:30:00.000 -0500,Alan,407.4,90.5,0.31,5.676,2.86,7.54
2022-12-07 15:45:00.000 -0500,Alan,406.7,91.4,0.31,5.662,2.79,7.55
2022-12-07 16:00:00.000 -0500,Alan,408.3,92.1,0.31,5.7,2.85,7.56
2022-12-07 16:15:00.000 -0500,Alan,406.8,92.0,0.31,5.745,2.82,7.56
2022-12-07 16:30:00.000 -0500,Alan,407.0,91.4,0.31,5.766,2.92,7.56
2022-12-07 16:45:00.000 -0500,Alan,408.4,91.1,0.31,5.715,2.89,7.55
2022-12-07 17:00:00.000 -0500,Alan,409.3,90.7,0.32,5.726,2.94,7.54
2022-12-07 17:15:00.000 -0500,Alan,409.5,90.6,0.32,5.766,2.85,7.54
2022-12-07 17:30:00.000 -0500,Alan,409.5,90.3,0.32,5.73,2.81,7.53
2022-12-07 17:45:00.000 -0500,Alan,409.8,90.0,0.32,5.723,2.96,7.53
2022-12-07 18:00:00.000 -0500,Alan,409.3,90.1,0.32,5.761,2.86,7.53
2022-12-07 18:15:00.000 -0500,Alan,408.9,90.2,0.31,5.759,2.98,7.53
2022-12-07 18:30:00.000 -0500,Alan,409.3,90.3,0.32,5.742,2.91,7.53
2022-12-07 18:45:00.000 -0500,Alan,408.7,90.0,0.31,5.773,2.99,7.53
2022-12-07 19:00:00.000 -0500,Alan,409.2,90.4,0.32,5.742,2.91,7.53
2022-12-07 19:15:00.000 -0500,Alan,410.0,90.1,0.32,5.678,2.97,7.54
2022-12-07 19:30:00.000 -0500,Alan,406.4,91.5,0.31,5.857,2.98,7.55
2022-12-07 19:45:00.000 -0500,Alan,410.6,90.3,0.32,5.701,2.75,7.54
2022-12-07 20:00:00.000 -0500,Alan,410.3,89.9,0.32,5.749,2.71,7.53
2022-12-07 20:15:00.000 -0500,Alan,409.5,90.1,0.32,5.766,2.74,7.53
2022-12-07 20:30:00.000 -0500,Alan,409.6,90.4,0.32,5.753,2.9,7.53
2022-12-07 20:45:00.000 -0500,Alan,408.9,90.2,0.31,5.753,2.75,7.54
2022-12-07 21:00:00.000 -0500,Alan,408.0,90.7,0.31,5.812,3.03,7.54
2022-12-07 21:15:00.000 -0500,Alan,407.4,90.4,0.31,5.848,2.93,7.55
2022-12-07 21:30:00.000 -0500,Alan,406.9,90.3,0.31,5.843,2.96,7.54
2022-12-07 21:45:00.000 -0500,Alan,407.4,89.9,0.31,5.836,2.89,7.54
2022-12-07 22:00:00.000 -0500,Alan,408.3,89.8,0.31,5.827,2.98,7.53
2022-12-07 22:15:00.000 -0500,Alan,409.2,88.6,0.31,5.815,2.74,7.53
2022-12-07 22:30:00.000 -0500,Alan,408.6,89.0,0.31,5.848,2.82,7.53
2022-12-07 22:45:00.000 -0500,Alan,408.4,86.6,0.31,5.823,2.79,7.53
2022-12-07 23:00:00.000 -0500,Alan,407.7,87.8,0.31,5.852,2.94,7.53
2022-12-07 23:15:00.000 -0500,Alan,408.6,89.2,0.31,5.832,2.85,7.53
2022-12-07 23:30:00.000 -0500,Alan,408.8,88.5,0.31,5.819,2.87,7.53
2022-12-07 23:45:00.000 -0500,Alan,409.7,89.2,0.32,5.77,2.77,7.53
2022-12-08 00:00:00.000 -0500,Alan,408.8,89.9,0.31,5.852,2.83,7.53
2022-12-08 00:15:00.000 -0500,Alan,409.3,89.6,0.31,5.849,2.91,7.53
2022-12-08 00:30:00.000 -0500,Alan,408.8,89.6,0.31,5.827,2.96,7.53
2022-12-08 00:45:00.000 -0500,Alan,410.1,89.6,0.32,5.824,3.09,7.53
2022-12-08 01:00:00.000 -0500,Alan,409.7,89.4,0.31,5.822,2.73,7.52
2022-12-08 01:15:00.000 -0500,Alan,409.4,89.4,0.31,5.836,3.06,7.52
2022-12-08 01:30:00.000 -0500,Alan,408.9,89.9,0.31,5.787,3.0,7.53
2022-12-08 01:45:00.000 -0500,Alan,409.2,89.8,0.31,5.786,3.11,7.53
2022-12-08 02:00:00.000 -0500,Alan,409.3,89.5,0.31,5.827,2.95,7.52
2022-12-08 02:15:00.000 -0500,Alan,409.2,89.2,0.31,5.89,3.23,7.52
2022-12-08 02:30:00.000 -0500,Alan,410.3,88.3,0.31,5.881,3.2,7.52
2022-12-08 02:45:00.000 -0500,Alan,410.0,86.5,0.31,5.906,2.98,7.52
2022-12-08 03:00:00.000 -0500,Alan,408.3,89.4,0.31,5.99,3.01,7.52
2022-12-08 03:15:00.000 -0500,Alan,409.2,89.1,0.31,5.942,2.94,7.52
2022-12-08 03:30:00.000 -0500,Alan,410.0,88.4,0.31,5.896,2.75,7.52
2022-12-08 03:45:00.000 -0500,Alan,410.6,86.5,0.32,5.874,2.58,7.51
2022-12-08 04:00:00.000 -0500,Alan,410.6,87.7,0.32,5.887,2.63,7.51
2022-12-08 04:15:00.000 -0500,Alan,410.3,88.0,0.31,5.868,2.72,7.51
2022-12-08 04:30:00.000 -0500,Alan,410.1,87.7,0.31,5.883,2.74,7.51
2022-12-08 04:45:00.000 -0500,Alan,410.6,87.9,0.32,5.831,2.62,7.51
2022-12-08 05:00:00.000 -0500,Alan,409.9,87.0,0.31,5.878,2.54,7.51
2022-12-08 05:15:00.000 -0500,Alan,409.8,88.1,0.31,5.893,2.67,7.51
2022-12-08 05:30:00.000 -0500,Alan,410.5,87.9,0.32,5.849,2.63,7.51
2022-12-08 05:45:00.000 -0500,Alan,410.6,87.3,0.32,5.837,2.39,7.51
2022-12-08 06:00:00.000 -0500,Alan,409.4,87.5,0.31,5.844,2.61,7.5
2022-12-08 06:15:00.000 -0500,Alan,409.6,86.5,0.31,5.851,2.58,7.5
2022-12-08 06:30:00.000 -0500,Alan,410.0,86.7,0.31,5.845,2.56,7.5
2022-12-08 06:45:00.000 -0500,Alan,410.3,87.2,0.32,5.861,2.62,7.51
2022-12-08 07:00:00.000 -0500,Alan,410.8,88.0,0.32,5.894,2.73,7.51
2022-12-08 07:15:00.000 -0500,Alan,410.1,88.8,0.31,5.891,2.78,7.51
2022-12-08 07:30:00.000 -0500,Alan,411.2,87.7,0.32,5.885,2.53,7.51
2022-12-08 07:45:00.000 -0500,Alan,411.5,88.6,0.32,5.883,2.69,7.51
2022-12-08 08:00:00.000 -0500,Alan,410.7,88.4,0.32,5.879,2.71,7.51
2022-12-08 08:15:00.000 -0500,Alan,410.3,88.7,0.31,5.925,2.83,7.51
2022-12-08 08:30:00.000 -0500,Alan,409.2,88.6,0.31,5.931,2.86,7.51
2022-12-08 08:45:00.000 -0500,Alan,415.5,87.7,0.32,5.856,2.66,7.5
2022-12-08 09:00:00.000 -0500,Alan,410.5,88.9,0.32,5.871,2.77,7.51
2022-12-08 09:15:00.000 -0500,Alan,412.5,87.9,0.32,5.844,2.66,7.51
2022-12-08 09:30:00.000 -0500,Alan,412.8,88.9,0.32,5.846,2.69,7.51
2022-12-08 09:45:00.000 -0500,Alan,410.4,89.8,0.32,5.848,2.63,7.53
2022-12-08 10:00:00.000 -0500,Alan,413.8,89.3,0.32,5.871,2.62,7.52
2022-12-08 10:15:00.000 -0500,Alan,408.1,90.5,0.31,6.005,2.79,7.53
2022-12-08 10:30:00.000 -0500,Alan,411.0,90.1,0.31,5.971,3.08,7.54
2022-12-08 10:45:00.000 -0500,Alan,412.9,89.3,0.32,5.94,2.6,7.52
2022-12-08 11:00:00.000 -0500,Alan,412.4,90.1,0.32,6.006,2.76,7.52
2022-12-08 11:15:00.000 -0500,Alan,412.8,90.3,0.32,5.91,2.59,7.53
2022-12-08 11:30:00.000 -0500,Alan,412.5,90.5,0.32,6.006,2.67,7.53
2022-12-08 11:45:00.000 -0500,Alan,412.7,90.8,0.32,5.93,2.67,7.53
2022-12-08 12:00:00.000 -0500,Alan,412.9,91.0,0.32,5.947,2.74,7.54
2022-12-08 12:15:00.000 -0500,Alan,411.6,91.5,0.31,6.067,2.72,7.53
2022-12-08 12:30:00.000 -0500,Alan,409.9,90.9,0.31,5.98,2.7,7.54
2022-12-08 12:45:00.000 -0500,Alan,413.8,92.4,0.32,5.979,2.7,7.55
2022-12-08 13:00:00.000 -0500,Alan,411.1,92.0,0.31,6.017,2.7,7.55
2022-12-08 13:15:00.000 -0500,Alan,411.5,92.4,0.31,6.166,2.79,7.55
2022-12-08 13:30:00.000 -0500,Alan,410.6,92.9,0.31,6.322,2.87,7.56
2022-12-08 13:45:00.000 -0500,Alan,415.5,93.3,0.32,6.126,2.67,7.55
2022-12-08 14:00:00.000 -0500,Alan,415.6,95.3,0.32,6.124,2.75,7.56
2022-12-08 14:15:00.000 -0500,Alan,414.4,95.5,0.31,6.225,2.84,7.57
2022-12-08 14:30:00.000 -0500,Alan,413.4,94.7,0.31,6.139,2.74,7.57
2022-12-08 14:45:00.000 -0500,Alan,415.1,95.1,0.31,6.302,2.84,7.57
2022-12-08 15:00:00.000 -0500,Alan,411.9,94.5,0.31,6.415,3.16,7.57
2022-12-08 15:15:00.000 -0500,Alan,415.2,91.9,0.31,6.362,3.14,7.54
2022-12-08 15:30:00.000 -0500,Alan,417.3,96.4,0.32,6.202,2.82,7.56
2022-12-08 15:45:00.000 -0500,Alan,414.7,93.7,0.31,6.337,2.81,7.56
2022-12-08 16:00:00.000 -0500,Alan,416.7,95.8,0.32,6.362,3.05,7.56
2022-12-08 16:15:00.000 -0500,Alan,416.8,96.2,0.32,6.3,3.01,7.57
2022-12-08 16:30:00.000 -0500,Alan,413.4,94.3,0.31,6.498,3.02,7.55
2022-12-08 16:45:00.000 -0500,Alan,415.8,92.4,0.31,6.403,3.2,7.52
2022-12-08 17:00:00.000 -0500,Alan,415.8,91.8,0.31,6.436,3.34,7.5
2022-12-08 17:15:00.000 -0500,Alan,415.5,90.6,0.31,6.469,3.33,7.5
2022-12-08 17:30:00.000 -0500,Alan,418.7,90.9,0.32,6.404,3.43,7.48
2022-12-08 17:45:00.000 -0500,Alan,417.9,90.5,0.32,6.425,3.2,7.48
2022-12-08 18:00:00.000 -0500,Alan,414.6,91.7,0.31,6.59,2.88,7.5
2022-12-08 18:15:00.000 -0500,Alan,410.6,93.0,0.31,6.751,3.15,7.51
2022-12-08 18:30:00.000 -0500,Alan,412.6,91.8,0.31,6.618,3.21,7.51
2022-12-08 18:45:00.000 -0500,Alan,412.9,92.1,0.31,6.713,3.26,7.5
2022-12-08 19:00:00.000 -0500,Alan,414.3,91.8,0.31,6.641,3.14,7.5
2022-12-08 19:15:00.000 -0500,Alan,414.3,91.7,0.31,6.651,3.2,7.5
2022-12-08 19:30:00.000 -0500,Alan,411.3,92.9,0.31,6.718,3.31,7.5
2022-12-08 19:45:00.000 -0500,Alan,414.4,92.8,0.31,6.727,3.52,7.5
2022-12-08 20:00:00.000 -0500,Alan,417.5,92.9,0.31,6.666,3.5,7.5
2022-12-08 20:15:00.000 -0500,Alan,416.6,92.9,0.31,6.71,3.36,7.49
2022-12-08 20:30:00.000 -0500,Alan,418.3,94.3,0.32,6.475,3.46,7.5
2022-12-08 20:45:00.000 -0500,Alan,417.3,93.7,0.32,6.425,3.15,7.52
2022-12-08 21:00:00.000 -0500,Alan,415.8,93.4,0.31,6.484,3.03,7.52
2022-12-08 21:15:00.000 -0500,Alan,417.5,92.9,0.31,6.555,3.12,7.52
2022-12-08 21:30:00.000 -0500,Alan,419.1,91.7,0.31,6.626,3.64,7.49
2022-12-08 21:45:00.000 -0500,Alan,421.2,90.4,0.32,6.655,3.61,7.47
2022-12-08 22:00:00.000 -0500,Alan,420.6,93.1,0.32,6.431,3.23,7.48
2022-12-08 22:15:00.000 -0500,Alan,420.7,93.4,0.32,6.472,3.22,7.49
2022-12-08 22:30:00.000 -0500,Alan,417.2,94.0,0.32,6.453,3.23,7.51
2022-12-08 22:45:00.000 -0500,Alan,419.7,94.2,0.32,6.459,3.08,7.52
2022-12-08 23:00:00.000 -0500,Alan,418.4,94.7,0.32,6.485,3.18,7.53
2022-12-08 23:15:00.000 -0500,Alan,415.0,93.6,0.31,6.337,2.8,7.53
2022-12-08 23:30:00.000 -0500,Alan,419.7,93.5,0.32,6.341,2.8,7.54
2022-12-08 23:45:00.000 -0500,Alan,418.4,92.7,0.32,6.529,3.18,7.51
2022-12-09 00:00:00.000 -0500,Alan,423.0,91.5,0.32,6.573,3.39,7.48
2022-12-09 00:15:00.000 -0500,Alan,423.4,89.8,0.32,6.548,3.86,7.43
2022-12-09 00:30:00.000 -0500,Alan,425.0,89.6,0.32,6.531,3.71,7.44
2022-12-09 00:45:00.000 -0500,Alan,425.0,88.5,0.32,6.572,4.8,7.42
2022-12-09 01:00:00.000 -0500,Alan,432.6,83.9,0.32,6.874,6.23,7.38
2022-12-09 01:15:00.000 -0500,Alan,429.5,81.3,0.32,6.844,5.47,7.32
2022-12-09 01:30:00.000 -0500,Alan,432.4,80.3,0.32,7.065,5.57,7.31
2022-12-09 01:45:00.000 -0500,Alan,443.0,76.78,0.33,7.06,6.62,7.28
2022-12-09 02:00:00.000 -0500,Alan,439.9,81.0,0.33,6.985,5.77,7.3
2022-12-09 02:15:00.000 -0500,Alan,431.6,82.6,0.32,6.833,5.32,7.31
2022-12-09 02:30:00.000 -0500,Alan,440.9,85.3,0.33,6.743,6.09,7.33
2022-12-09 02:45:00.000 -0500,Alan,437.7,79.81,0.33,6.887,5.72,7.31
2022-12-09 03:00:00.000 -0500,Alan,427.5,84.6,0.32,6.699,5.21,7.34
2022-12-09 03:15:00.000 -0500,Alan,428.5,85.8,0.32,6.573,5.01,7.36
2022-12-09 03:30:00.000 -0500,Alan,427.5,87.7,0.32,6.702,4.83,7.39
2022-12-09 03:45:00.000 -0500,Alan,426.8,88.7,0.32,6.596,4.08,7.4
2022-12-09 04:00:00.000 -0500,Alan,419.0,90.0,0.32,6.436,3.8,7.43
2022-12-09 04:15:00.000 -0500,Alan,424.2,89.1,0.32,6.424,3.7,7.44
2022-12-09 04:30:00.000 -0500,Alan,419.6,90.8,0.32,6.386,3.33,7.46
2022-12-09 04:45:00.000 -0500,Alan,417.9,90.7,0.32,6.325,3.12,7.48
2022-12-09 05:00:00.000 -0500,Alan,421.5,91.6,0.32,6.367,3.19,7.49
2022-12-09 05:15:00.000 -0500,Alan,417.6,91.6,0.32,6.236,3.18,7.49
2022-12-09 05:30:00.000 -0500,Alan,419.4,90.8,0.32,6.316,3.03,7.49
2022-12-09 05:45:00.000 -0500,Alan,423.5,89.5,0.32,6.412,3.32,7.47
2022-12-09 06:00:00.000 -0500,Alan,426.5,87.0,0.32,6.474,3.44,7.43
2022-12-09 06:15:00.000 -0500,Alan,428.0,82.9,0.32,6.554,3.57,7.39
2022-12-09 06:30:00.000 -0500,Alan,437.2,82.7,0.33,6.569,4.47,7.38
2022-12-09 06:45:00.000 -0500,Alan,435.7,80.2,0.33,6.616,4.23,7.36
2022-12-09 07:00:00.000 -0500,Alan,429.5,81.4,0.32,6.449,3.78,7.37
2022-12-09 07:15:00.000 -0500,Alan,422.0,86.5,0.32,6.356,3.28,7.41
2022-12-09 07:30:00.000 -0500,Alan,431.1,80.4,0.33,6.453,3.7,7.37
2022-12-09 07:45:00.000 -0500,Alan,428.8,79.64,0.32,6.426,4.23,7.38
2022-12-09 08:00:00.000 -0500,Alan,425.9,81.2,0.32,6.399,5.77,7.38
2022-12-09 08:15:00.000 -0500,Alan,434.0,80.4,0.33,6.435,4.73,7.36
2022-12-09 08:30:00.000 -0500,Alan,424.5,85.4,0.32,6.347,4.71,7.4
2022-12-09 08:45:00.000 -0500,Alan,414.1,88.8,0.32,6.05,3.07,7.46
2022-12-09 09:00:00.000 -0500,Alan,413.5,88.4,0.32,6.055,3.22,7.47
2022-12-09 09:15:00.000 -0500,Alan,420.0,88.3,0.32,6.073,3.96,7.45
2022-12-09 09:30:00.000 -0500,Alan,423.9,88.6,0.32,6.063,4.76,7.46
2022-12-09 09:45:00.000 -0500,Alan,413.6,88.2,0.32,6.054,3.06,7.48
2022-12-09 10:00:00.000 -0500,Alan,412.4,88.0,0.31,6.07,3.04,7.49
2022-12-09 10:15:00.000 -0500,Alan,408.1,87.6,0.31,5.964,3.29,7.49
2022-12-09 10:30:00.000 -0500,Alan,414.3,87.6,0.32,5.993,3.27,7.48
2022-12-09 10:45:00.000 -0500,Alan,414.0,86.2,0.32,5.941,3.26,7.47
2022-12-09 11:00:00.000 -0500,Alan,407.0,86.6,0.31,5.959,3.8,7.45
2022-12-09 11:15:00.000 -0500,Alan,402.9,85.1,0.31,5.712,4.28,7.45
2022-12-09 11:30:00.000 -0500,Alan,390.3,83.8,0.3,5.591,4.51,7.43
2022-12-09 11:45:00.000 -0500,Alan,407.0,86.9,0.31,5.99,3.41,7.44
2022-12-09 12:00:00.000 -0500,Alan,407.1,86.8,0.31,5.945,3.69,7.45
2022-12-09 12:15:00.000 -0500,Alan,397.6,86.2,0.3,5.91,4.01,7.45
2022-12-09 12:30:00.000 -0500,Alan,407.2,86.9,0.31,5.904,3.51,7.45
2022-12-09 12:45:00.000 -0500,Alan,408.5,88.5,0.31,6.048,3.23,7.46
2022-12-09 13:00:00.000 -0500,Alan,387.6,89.7,0.3,6.019,3.69,7.47
2022-12-09 13:15:00.000 -0500,Alan,383.9,90.3,0.29,6.021,3.79,7.48
2022-12-09 13:30:00.000 -0500,Alan,382.6,91.1,0.29,6.072,3.76,7.49
2022-12-09 13:45:00.000 -0500,Alan,384.1,91.6,0.29,6.069,3.72,7.5
2022-12-09 14:00:00.000 -0500,Alan,393.2,92.9,0.3,6.112,3.61,7.5
2022-12-09 14:15:00.000 -0500,Alan,386.0,92.3,0.29,6.128,3.89,7.51
2022-12-09 14:30:00.000 -0500,Alan,385.5,92.4,0.29,6.138,3.73,7.51
2022-12-09 14:45:00.000 -0500,Alan,389.9,92.8,0.3,6.153,3.67,7.51
2022-12-09 15:00:00.000 -0500,Alan,380.9,93.5,0.29,6.175,3.63,7.51
2022-12-09 15:15:00.000 -0500,Alan,392.7,93.1,0.3,6.163,3.65,7.52
2022-12-09 15:30:00.000 -0500,Alan,397.5,93.6,0.3,6.203,3.54,7.52
2022-12-09 15:45:00.000 -0500,Alan,393.2,94.5,0.3,6.217,4.09,7.53
2022-12-09 16:00:00.000 -0500,Alan,398.3,95.4,0.3,6.193,3.39,7.53
2022-12-09 16:15:00.000 -0500,Alan,394.9,96.1,0.3,6.267,3.56,7.54
2022-12-09 16:30:00.000 -0500,Alan,399.9,95.7,0.3,6.252,3.47,7.54
2022-12-09 16:45:00.000 -0500,Alan,401.3,95.4,0.3,6.251,3.44,7.54
2022-12-09 17:00:00.000 -0500,Alan,405.4,92.5,0.31,6.282,4.02,7.51
2022-12-09 17:15:00.000 -0500,Alan,403.6,90.9,0.31,6.308,4.18,7.46
2022-12-09 17:30:00.000 -0500,Alan,407.8,89.8,0.31,6.306,4.41,7.44
2022-12-09 17:45:00.000 -0500,Alan,412.5,88.7,0.31,6.318,4.38,7.42
2022-12-09 18:00:00.000 -0500,Alan,414.9,88.3,0.31,6.365,4.36,7.41
2022-12-09 18:15:00.000 -0500,Alan,411.6,88.4,0.31,6.374,4.43,7.41
2022-12-09 18:30:00.000 -0500,Alan,415.6,87.9,0.31,6.369,5.08,7.4
2022-12-09 18:45:00.000 -0500,Alan,417.2,89.7,0.32,6.37,4.93,7.4
2022-12-09 19:00:00.000 -0500,Alan,414.6,88.8,0.31,6.257,4.87,7.41
2022-12-09 19:15:00.000 -0500,Alan,412.2,88.1,0.31,6.246,4.52,7.41
2022-12-09 19:30:00.000 -0500,Alan,390.6,89.2,0.3,5.879,4.29,7.43
2022-12-09 19:45:00.000 -0500,Alan,388.1,90.1,0.3,5.853,4.82,7.44
2022-12-09 20:00:00.000 -0500,Alan,399.6,88.4,0.31,5.857,4.54,7.43
2022-12-09 20:15:00.000 -0500,Alan,391.6,87.0,0.3,5.907,4.81,7.42
2022-12-09 20:30:00.000 -0500,Alan,404.4,89.8,0.31,5.86,5.01,7.44
2022-12-09 20:45:00.000 -0500,Alan,390.0,88.3,0.3,5.779,5.69,7.44
2022-12-09 21:00:00.000 -0500,Alan,387.9,88.1,0.3,5.764,5.21,7.44
2022-12-09 21:15:00.000 -0500,Alan,387.9,87.9,0.3,5.735,5.53,7.44
2022-12-09 21:30:00.000 -0500,Alan,388.7,88.3,0.3,5.737,5.19,7.45
2022-12-09 21:45:00.000 -0500,Alan,396.4,85.9,0.31,5.74,5.26,7.43
2022-12-09 22:00:00.000 -0500,Alan,387.8,86.6,0.3,5.588,4.46,7.44
2022-12-09 22:15:00.000 -0500,Alan,383.2,86.6,0.3,5.414,4.66,7.45
2022-12-09 22:30:00.000 -0500,Alan,381.2,86.5,0.3,5.325,5.3,7.45
2022-12-09 22:45:00.000 -0500,Alan,378.6,86.4,0.3,5.246,4.62,7.45
2022-12-09 23:00:00.000 -0500,Alan,381.7,86.3,0.3,5.258,4.79,7.44
2022-12-09 23:15:00.000 -0500,Alan,373.8,85.4,0.29,5.193,4.25,7.46
2022-12-09 23:30:00.000 -0500,Alan,378.5,84.3,0.3,5.224,4.36,7.46
2022-12-09 23:45:00.000 -0500,Alan,375.8,86.9,0.29,5.224,4.01,7.46
2022-12-10 00:00:00.000 -0500,Alan,381.3,84.9,0.3,5.25,4.46,7.45
2022-12-10 00:15:00.000 -0500,Alan,385.6,84.0,0.3,5.286,4.5,7.44
2022-12-10 00:30:00.000 -0500,Alan,387.6,81.5,0.3,5.28,4.93,7.41
2022-12-10 00:45:00.000 -0500,Alan,379.5,82.6,0.3,5.072,5.56,7.41
2022-12-10 01:00:00.000 -0500,Alan,378.6,83.0,0.3,5.035,4.85,7.41
2022-12-10 01:15:00.000 -0500,Alan,377.8,83.1,0.3,5.025,5.06,7.41
2022-12-10 01:30:00.000 -0500,Alan,381.4,82.8,0.3,5.066,5.75,7.4
2022-12-10 01:45:00.000 -0500,Alan,381.9,82.5,0.3,5.026,5.32,7.39
2022-12-10 02:00:00.000 -0500,Alan,381.6,81.7,0.3,5.004,5.11,7.4
2022-12-10 02:15:00.000 -0500,Alan,376.4,82.1,0.3,4.849,5.24,7.4
2022-12-10 02:30:00.000 -0500,Alan,378.7,81.5,0.3,4.859,5.28,7.39
2022-12-10 02:45:00.000 -0500,Alan,376.5,81.3,0.3,4.921,5.9,7.4
2022-12-10 03:00:00.000 -0500,Alan,374.2,83.0,0.29,4.906,5.99,7.4
2022-12-10 03:15:00.000 -0500,Alan,380.9,82.4,0.3,4.853,6.01,7.39
2022-12-10 03:30:00.000 -0500,Alan,374.5,82.2,0.3,4.766,6.06,7.4
2022-12-10 03:45:00.000 -0500,Alan,374.5,82.4,0.3,4.563,6.21,7.4
2022-12-10 04:00:00.000 -0500,Alan,367.9,82.1,0.29,4.476,6.43,7.42
2022-12-10 04:15:00.000 -0500,Alan,372.1,81.0,0.3,4.665,6.41,7.41
2022-12-10 04:30:00.000 -0500,Alan,374.2,82.3,0.3,4.844,6.81,7.4
2022-12-10 04:45:00.000 -0500,Alan,375.5,81.2,0.3,4.781,5.91,7.4
2022-12-10 05:00:00.000 -0500,Alan,375.6,82.0,0.3,4.792,6.18,7.39
2022-12-10 05:15:00.000 -0500,Alan,374.9,79.62,0.3,4.704,6.43,7.39
2022-12-10 05:30:00.000 -0500,Alan,373.5,81.0,0.3,4.74,5.76,7.39
2022-12-10 05:45:00.000 -0500,Alan,378.3,80.4,0.3,4.778,6.09,7.39
2022-12-10 06:00:00.000 -0500,Alan,377.5,80.8,0.3,4.74,5.83,7.38
2022-12-10 06:15:00.000 -0500,Alan,381.1,80.4,0.3,4.819,6.27,7.37
2022-12-10 06:30:00.000 -0500,Alan,380.9,79.55,0.3,4.832,5.71,7.37
2022-12-10 06:45:00.000 -0500,Alan,380.8,79.79,0.3,4.802,5.27,7.37
2022-12-10 07:00:00.000 -0500,Alan,377.5,80.2,0.3,4.787,5.56,7.38
2022-12-10 07:15:00.000 -0500,Alan,373.0,80.9,0.3,4.659,5.41,7.39
2022-12-10 07:30:00.000 -0500,Alan,371.4,80.6,0.3,4.571,5.52,7.4
2022-12-10 07:45:00.000 -0500,Alan,377.3,78.4,0.3,4.629,6.5,7.38
2022-12-10 08:00:00.000 -0500,Alan,378.5,79.0,0.3,4.622,7.3,7.37
2022-12-10 08:15:00.000 -0500,Alan,376.3,79.13,0.3,4.62,6.44,7.37
2022-12-10 08:30:00.000 -0500,Alan,372.3,81.5,0.3,4.546,5.74,7.39
2022-12-10 08:45:00.000 -0500,Alan,368.6,83.6,0.29,4.359,6.06,7.42
2022-12-10 09:00:00.000 -0500,Alan,374.5,81.8,0.3,4.508,6.11,7.4
2022-12-10 09:15:00.000 -0500,Alan,372.8,81.8,0.3,4.555,6.14,7.4
2022-12-10 09:30:00.000 -0500,Alan,379.5,80.7,0.3,4.673,5.8,7.39
2022-12-10 09:45:00.000 -0500,Alan,378.4,81.2,0.3,4.66,6.23,7.38
2022-12-10 10:00:00.000 -0500,Alan,378.9,81.2,0.3,4.681,5.93,7.38
2022-12-10 10:15:00.000 -0500,Alan,381.5,81.8,0.3,4.73,5.09,7.39
2022-12-10 10:30:00.000 -0500,Alan,380.5,80.6,0.3,4.651,6.44,7.38
2022-12-10 10:45:00.000 -0500,Alan,378.5,83.0,0.3,4.841,5.3,7.39
2022-12-10 11:00:00.000 -0500,Alan,379.2,84.3,0.3,4.912,4.82,7.43
2022-12-10 11:15:00.000 -0500,Alan,386.2,82.8,0.3,4.944,5.16,7.42
2022-12-10 11:30:00.000 -0500,Alan,388.8,85.6,0.3,5.223,4.61,7.43
2022-12-10 11:45:00.000 -0500,Alan,388.8,86.2,0.3,5.184,4.89,7.45
2022-12-10 12:00:00.000 -0500,Alan,391.0,84.8,0.31,5.017,5.83,7.43
2022-12-10 12:15:00.000 -0500,Alan,388.5,85.3,0.3,5.106,4.51,7.43
2022-12-10 12:30:00.000 -0500,Alan,383.2,87.5,0.3,5.034,5.51,7.46
2022-12-10 12:45:00.000 -0500,Alan,379.6,86.1,0.3,4.843,4.84,7.48
2022-12-10 13:00:00.000 -0500,Alan,379.9,84.9,0.3,4.88,5.2,7.45
2022-12-10 13:15:00.000 -0500,Alan,378.9,85.6,0.3,4.876,5.5,7.46
2022-12-10 13:30:00.000 -0500,Alan,379.5,86.6,0.3,4.971,5.71,7.45
2022-12-10 13:45:00.000 -0500,Alan,377.6,87.7,0.3,4.998,5.38,7.45
2022-12-10 14:00:00.000 -0500,Alan,381.6,87.8,0.3,4.978,5.32,7.46
2022-12-10 14:15:00.000 -0500,Alan,384.1,87.1,0.3,5.027,5.96,7.44
2022-12-10 14:30:00.000 -0500,Alan,382.8,86.7,0.3,4.984,6.72,7.46
2022-12-10 14:45:00.000 -0500,Alan,380.9,86.8,0.3,5.006,4.68,7.45
2022-12-10 15:00:00.000 -0500,Alan,381.1,87.5,0.3,5.124,5.65,7.46
2022-12-10 15:15:00.000 -0500,Alan,379.6,88.1,0.3,5.143,6.0,7.46
2022-12-10 15:30:00.000 -0500,Alan,380.1,88.0,0.3,5.167,5.9,7.47
2022-12-10 15:45:00.000 -0500,Alan,380.4,88.0,0.3,5.192,5.96,7.48
2022-12-10 16:00:00.000 -0500,Alan,380.8,87.4,0.3,5.181,5.29,7.47
2022-12-10 16:15:00.000 -0500,Alan,381.4,87.3,0.3,5.239,5.36,7.47
2022-12-10 16:30:00.000 -0500,Alan,380.2,86.9,0.3,5.189,5.64,7.47
2022-12-10 16:45:00.000 -0500,Alan,378.6,86.9,0.3,5.158,5.7,7.47
2022-12-10 17:00:00.000 -0500,Alan,381.9,87.6,0.3,5.187,6.26,7.47
2022-12-10 17:15:00.000 -0500,Alan,384.2,89.1,0.3,5.267,5.94,7.47
2022-12-10 17:30:00.000 -0500,Alan,383.2,88.7,0.3,5.285,5.82,7.48
2022-12-10 17:45:00.000 -0500,Alan,382.9,87.0,0.3,5.266,5.8,7.47
2022-12-10 18:00:00.000 -0500,Alan,383.8,86.6,0.3,5.23,5.77,7.46
2022-12-10 18:15:00.000 -0500,Alan,384.7,85.3,0.3,5.19,5.98,7.45
2022-12-10 18:30:00.000 -0500,Alan,385.7,86.8,0.3,5.214,6.15,7.46
2022-12-10 18:45:00.000 -0500,Alan,388.1,86.9,0.3,5.207,6.32,7.44
2022-12-10 19:00:00.000 -0500,Alan,387.2,85.8,0.3,5.184,6.52,7.45
2022-12-10 19:15:00.000 -0500,Alan,386.6,85.2,0.3,5.181,6.22,7.44
2022-12-10 19:30:00.000 -0500,Alan,384.8,85.5,0.3,5.145,5.79,7.44
2022-12-10 19:45:00.000 -0500,Alan,384.7,86.3,0.3,5.129,5.86,7.45
2022-12-10 20:00:00.000 -0500,Alan,383.8,84.8,0.3,5.12,5.77,7.45
2022-12-10 20:15:00.000 -0500,Alan,387.3,87.7,0.3,5.161,6.06,7.45
2022-12-10 20:30:00.000 -0500,Alan,385.9,86.0,0.3,5.112,6.19,7.46
2022-12-10 20:45:00.000 -0500,Alan,384.1,85.3,0.3,5.077,6.16,7.46
2022-12-10 21:00:00.000 -0500,Alan,385.0,82.6,0.3,5.075,6.14,7.46
2022-12-10 21:15:00.000 -0500,Alan,384.8,83.8,0.3,5.057,6.28,7.45
2022-12-10 21:30:00.000 -0500,Alan,383.9,84.1,0.3,4.989,6.35,7.47
2022-12-10 21:45:00.000 -0500,Alan,384.6,87.3,0.3,4.965,6.18,7.47
2022-12-10 22:00:00.000 -0500,Alan,381.6,84.9,0.3,4.908,6.41,7.47
2022-12-10 22:15:00.000 -0500,Alan,380.1,84.3,0.3,4.842,6.03,7.48
2022-12-10 22:30:00.000 -0500,Alan,380.0,89.6,0.3,4.82,6.91,7.49
2022-12-10 22:45:00.000 -0500,Alan,379.4,89.6,0.3,4.825,6.61,7.5
2022-12-10 23:00:00.000 -0500,Alan,381.3,90.2,0.3,4.84,6.1,7.5
2022-12-10 23:15:00.000 -0500,Alan,387.4,90.3,0.31,4.887,6.83,7.5
2022-12-10 23:30:00.000 -0500,Alan,375.8,90.5,0.3,4.653,5.76,7.51
2022-12-10 23:45:00.000 -0500,Alan,378.7,90.1,0.3,4.697,5.66,7.51
2022-12-11 00:00:00.000 -0500,Alan,375.7,89.9,0.3,4.641,6.58,7.51
2022-12-11 00:15:00.000 -0500,Alan,376.6,90.3,0.3,4.652,5.13,7.51
2022-12-11 00:30:00.000 -0500,Alan,376.3,89.7,0.3,4.668,4.36,7.51
2022-12-11 00:45:00.000 -0500,Alan,376.4,89.6,0.3,4.668,4.8,7.51
2022-12-11 01:00:00.000 -0500,Alan,379.2,89.7,0.3,4.729,5.11,7.5
2022-12-11 01:15:00.000 -0500,Alan,377.7,88.8,0.3,4.692,5.28,7.5
2022-12-11 01:30:00.000 -0500,Alan,378.9,89.1,0.3,4.688,4.9,7.5
2022-12-11 01:45:00.000 -0500,Alan,375.9,89.2,0.3,4.685,5.09,7.5
2022-12-11 02:00:00.000 -0500,Alan,376.5,89.4,0.3,4.673,4.66,7.49
2022-12-11 02:15:00.000 -0500,Alan,377.0,89.2,0.3,4.64,4.46,7.5
2022-12-11 02:30:00.000 -0500,Alan,377.9,89.4,0.3,4.669,4.62,7.49
2022-12-11 02:45:00.000 -0500,Alan,379.2,88.8,0.3,4.674,4.88,7.48
2022-12-11 03:00:00.000 -0500,Alan,381.5,88.9,0.3,4.694,4.57,7.48
2022-12-11 03:15:00.000 -0500,Alan,380.0,89.0,0.3,4.675,5.18,7.48
2022-12-11 03:30:00.000 -0500,Alan,377.8,88.5,0.3,4.634,5.18,7.48
2022-12-11 03:45:00.000 -0500,Alan,381.0,88.1,0.3,4.692,5.69,7.48
2022-12-11 04:00:00.000 -0500,Alan,374.8,88.1,0.3,4.54,5.95,7.49
2022-12-11 04:15:00.000 -0500,Alan,377.2,87.8,0.3,4.595,5.11,7.48
2022-12-11 04:30:00.000 -0500,Alan,379.2,87.3,0.3,4.626,6.65,7.47
2022-12-11 04:45:00.000 -0500,Alan,378.6,88.1,0.3,4.567,5.5,7.47
2022-12-11 05:00:00.000 -0500,Alan,375.2,88.5,0.3,4.412,5.52,7.48
2022-12-11 05:15:00.000 -0500,Alan,372.8,88.1,0.3,4.372,4.8,7.48
2022-12-11 05:30:00.000 -0500,Alan,368.9,88.9,0.3,4.238,7.34,7.5
2022-12-11 05:45:00.000 -0500,Alan,371.3,88.7,0.3,4.327,4.1,7.51
2022-12-11 06:00:00.000 -0500,Alan,376.7,88.4,0.3,4.415,4.99,7.5
2022-12-11 06:15:00.000 -0500,Alan,371.7,88.6,0.3,4.28,3.75,7.49
2022-12-11 06:30:00.000 -0500,Alan,367.8,88.0,0.3,4.151,3.84,7.51
2022-12-11 06:45:00.000 -0500,Alan,366.6,88.4,0.3,4.096,3.75,7.52
2022-12-11 07:00:00.000 -0500,Alan,367.6,88.0,0.3,4.134,3.8,7.53
2022-12-11 07:15:00.000 -0500,Alan,366.2,88.3,0.3,4.104,3.89,7.53
2022-12-11 07:30:00.000 -0500,Alan,367.5,88.2,0.3,4.133,4.74,7.52
2022-12-11 07:45:00.000 -0500,Alan,368.6,87.9,0.3,4.148,5.11,7.52
2022-12-11 08:00:00.000 -0500,Alan,372.4,88.3,0.3,4.144,4.28,7.51
2022-12-11 08:15:00.000 -0500,Alan,371.6,87.7,0.3,4.203,6.2,7.51
2022-12-11 08:30:00.000 -0500,Alan,367.1,88.3,0.3,4.09,3.69,7.52
2022-12-11 08:45:00.000 -0500,Alan,369.7,87.9,0.3,4.159,3.89,7.5
2022-12-11 09:00:00.000 -0500,Alan,368.5,88.2,0.3,4.136,3.69,7.51
2022-12-11 09:15:00.000 -0500,Alan,369.6,87.5,0.3,4.127,3.69,7.51
2022-12-11 09:30:00.000 -0500,Alan,375.3,88.0,0.3,4.217,4.83,7.51
2022-12-11 09:45:00.000 -0500,Alan,372.2,88.6,0.3,4.214,3.91,7.51
2022-12-11 10:00:00.000 -0500,Alan,368.3,87.7,0.3,4.184,4.24,7.51
2022-12-11 10:15:00.000 -0500,Alan,370.0,88.1,0.3,4.198,3.81,7.51
2022-12-11 10:30:00.000 -0500,Alan,369.8,88.6,0.3,4.188,6.85,7.52
2022-12-11 10:45:00.000 -0500,Alan,368.2,88.9,0.3,4.146,4.71,7.53
2022-12-11 11:00:00.000 -0500,Alan,373.3,89.2,0.3,4.274,3.7,7.53
2022-12-11 11:15:00.000 -0500,Alan,366.0,89.4,0.29,4.174,4.13,7.54
2022-12-11 11:30:00.000 -0500,Alan,366.7,89.3,0.29,4.214,3.99,7.54
2022-12-11 11:45:00.000 -0500,Alan,366.7,89.6,0.29,4.235,4.53,7.55
2022-12-11 12:00:00.000 -0500,Alan,368.5,90.1,0.3,4.269,3.68,7.55
2022-12-11 12:15:00.000 -0500,Alan,368.7,90.3,0.3,4.299,3.63,7.55
2022-12-11 12:30:00.000 -0500,Alan,369.4,90.3,0.3,4.305,3.89,7.54
2022-12-11 12:45:00.000 -0500,Alan,368.0,90.3,0.3,4.269,3.59,7.55
2022-12-11 13:00:00.000 -0500,Alan,368.1,90.9,0.3,4.274,3.87,7.56
2022-12-11 13:15:00.000 -0500,Alan,367.1,90.7,0.29,4.268,3.54,7.56
2022-12-11 13:30:00.000 -0500,Alan,366.6,90.5,0.29,4.233,4.07,7.56
2022-12-11 13:45:00.000 -0500,Alan,366.4,91.1,0.29,4.217,3.85,7.57
2022-12-11 14:00:00.000 -0500,Alan,369.7,91.5,0.3,4.257,3.92,7.57
2022-12-11 14:15:00.000 -0500,Alan,368.8,91.4,0.3,4.259,3.65,7.57
2022-12-11 14:30:00.000 -0500,Alan,366.7,91.1,0.29,4.207,3.52,7.57
2022-12-11 14:45:00.000 -0500,Alan,367.5,92.1,0.3,4.236,3.57,7.58
2022-12-11 15:00:00.000 -0500,Alan,369.2,92.3,0.3,4.262,3.75,7.58
2022-12-11 15:15:00.000 -0500,Alan,370.0,92.8,0.3,4.243,3.68,7.58
2022-12-11 15:30:00.000 -0500,Alan,365.8,91.5,0.29,4.137,3.87,7.58
2022-12-11 15:45:00.000 -0500,Alan,366.9,91.9,0.3,4.185,3.62,7.58
2022-12-11 16:00:00.000 -0500,Alan,369.5,92.6,0.3,4.214,4.06,7.58
2022-12-11 16:15:00.000 -0500,Alan,371.4,92.8,0.3,4.247,4.09,7.58
2022-12-11 16:30:00.000 -0500,Alan,369.5,92.6,0.3,4.208,4.01,7.58
2022-12-11 16:45:00.000 -0500,Alan,368.0,91.7,0.3,4.18,3.89,7.58
2022-12-11 17:00:00.000 -0500,Alan,371.6,93.0,0.3,4.275,3.94,7.57
2022-12-11 17:15:00.000 -0500,Alan,368.4,92.9,0.3,4.211,4.75,7.58
2022-12-11 17:30:00.000 -0500,Alan,371.8,93.1,0.3,4.299,5.24,7.57
2022-12-11 17:45:00.000 -0500,Alan,371.6,92.3,0.3,4.257,5.87,7.57
2022-12-11 18:00:00.000 -0500,Alan,371.8,91.8,0.3,4.289,5.07,7.56
2022-12-11 18:15:00.000 -0500,Alan,369.6,91.5,0.3,4.186,5.84,7.56
2022-12-11 18:30:00.000 -0500,Alan,377.2,91.7,0.3,4.39,5.28,7.55
2022-12-11 18:45:00.000 -0500,Alan,380.4,92.1,0.3,4.585,5.53,7.54
2022-12-11 19:00:00.000 -0500,Alan,379.9,91.5,0.3,4.572,5.45,7.53
2022-12-11 19:15:00.000 -0500,Alan,374.8,92.3,0.3,4.385,4.45,7.54
2022-12-11 19:30:00.000 -0500,Alan,375.9,92.0,0.3,4.291,4.56,7.55
2022-12-11 19:45:00.000 -0500,Alan,376.9,91.4,0.3,4.403,6.01,7.54
2022-12-11 20:00:00.000 -0500,Alan,366.8,91.6,0.3,4.044,4.2,7.56
2022-12-11 20:15:00.000 -0500,Alan,365.4,91.1,0.3,3.953,4.69,7.56
2022-12-11 20:30:00.000 -0500,Alan,373.3,91.9,0.3,4.232,5.27,7.55
2022-12-11 20:45:00.000 -0500,Alan,370.5,91.7,0.3,4.152,4.6,7.55
2022-12-11 21:00:00.000 -0500,Alan,365.5,91.2,0.3,3.941,4.28,7.57
2022-12-11 21:15:00.000 -0500,Alan,367.4,91.7,0.3,4.071,4.03,7.55
2022-12-11 21:30:00.000 -0500,Alan,367.6,91.7,0.3,4.107,4.32,7.57
2022-12-11 21:45:00.000 -0500,Alan,368.5,92.1,0.3,4.257,4.22,7.57
2022-12-11 22:00:00.000 -0500,Alan,372.3,91.9,0.3,4.27,4.57,7.56
2022-12-11 22:15:00.000 -0500,Alan,373.2,91.4,0.3,4.255,4.3,7.55
2022-12-11 22:30:00.000 -0500,Alan,374.8,91.9,0.3,4.285,3.54,7.55
2022-12-11 22:45:00.000 -0500,Alan,375.9,91.5,0.3,4.312,5.89,7.54
2022-12-11 23:00:00.000 -0500,Alan,381.3,92.0,0.3,4.403,3.76,7.53
2022-12-11 23:15:00.000 -0500,Alan,378.5,89.6,0.3,4.427,3.97,7.52
2022-12-11 23:30:00.000 -0500,Alan,381.8,88.7,0.3,4.57,4.01,7.51
2022-12-11 23:45:00.000 -0500,Alan,383.9,88.1,0.3,4.668,3.59,7.5
2022-12-12 00:00:00.000 -0500,Alan,389.7,88.2,0.31,4.666,3.91,7.5
2022-12-12 00:15:00.000 -0500,Alan,386.7,87.2,0.31,4.662,4.75,7.49
2022-12-12 00:30:00.000 -0500,Alan,387.3,88.1,0.31,4.559,4.86,7.48
2022-12-12 00:45:00.000 -0500,Alan,387.8,88.0,0.31,4.583,4.75,7.48
2022-12-12 01:00:00.000 -0500,Alan,392.1,88.0,0.31,4.618,5.46,7.47
2022-12-12 01:15:00.000 -0500,Alan,390.5,86.6,0.31,4.655,4.21,7.47
2022-12-12 01:30:00.000 -0500,Alan,391.0,86.2,0.31,4.669,4.72,7.46
2022-12-12 01:45:00.000 -0500,Alan,391.6,86.2,0.31,4.584,4.26,7.46
2022-12-12 02:00:00.000 -0500,Alan,391.7,87.0,0.31,4.652,5.41,7.46
2022-12-12 02:15:00.000 -0500,Alan,392.3,86.8,0.31,4.643,4.65,7.46
2022-12-12 02:30:00.000 -0500,Alan,386.7,85.9,0.31,4.49,4.92,7.46
2022-12-12 02:45:00.000 -0500,Alan,386.1,86.5,0.31,4.48,4.93,7.46
2022-12-12 03:00:00.000 -0500,Alan,385.6,86.4,0.31,4.414,4.89,7.46
2022-12-12 03:15:00.000 -0500,Alan,385.1,85.1,0.31,4.457,5.87,7.46
2022-12-12 03:30:00.000 -0500,Alan,385.2,85.3,0.31,4.516,5.43,7.45
2022-12-12 03:45:00.000 -0500,Alan,385.9,85.9,0.31,4.47,5.76,7.45
2022-12-12 04:00:00.000 -0500,Alan,386.2,85.3,0.31,4.522,5.87,7.46
2022-12-12 04:15:00.000 -0500,Alan,386.2,85.3,0.31,4.535,5.91,7.45
2022-12-12 04:30:00.000 -0500,Alan,386.0,84.0,0.31,4.567,5.92,7.45
2022-12-12 04:45:00.000 -0500,Alan,385.9,81.6,0.31,4.562,6.06,7.44
2022-12-12 05:00:00.000 -0500,Alan,386.1,82.6,0.31,4.505,6.26,7.44
2022-12-12 05:15:00.000 -0500,Alan,385.3,82.5,0.31,4.501,6.29,7.44
2022-12-12 05:30:00.000 -0500,Alan,385.5,84.6,0.31,4.56,5.15,7.45
2022-12-12 05:45:00.000 -0500,Alan,382.8,85.2,0.31,4.464,5.83,7.46
2022-12-12 06:00:00.000 -0500,Alan,383.2,84.5,0.31,4.465,5.87,7.46
2022-12-12 06:15:00.000 -0500,Alan,381.4,85.4,0.3,4.42,4.85,7.46
2022-12-12 06:30:00.000 -0500,Alan,383.9,85.5,0.31,4.452,4.52,7.47
2022-12-12 06:45:00.000 -0500,Alan,381.5,84.7,0.3,4.477,4.25,7.46
2022-12-12 07:00:00.000 -0500,Alan,385.3,84.4,0.31,4.548,3.93,7.45
2022-12-12 07:15:00.000 -0500,Alan,384.6,83.5,0.31,4.44,4.72,7.45
2022-12-12 07:30:00.000 -0500,Alan,384.1,83.9,0.31,4.471,6.34,7.45
2022-12-12 07:45:00.000 -0500,Alan,385.4,84.3,0.31,4.492,3.47,7.46
2022-12-12 08:00:00.000 -0500,Alan,382.9,84.7,0.31,4.465,5.08,7.46
2022-12-12 08:15:00.000 -0500,Alan,382.2,84.9,0.31,4.401,4.12,7.48
2022-12-12 08:30:00.000 -0500,Alan,375.4,84.5,0.3,4.271,4.26,7.47
2022-12-12 08:45:00.000 -0500,Alan,372.1,85.5,0.3,4.389,4.44,7.48
2022-12-12 09:00:00.000 -0500,Alan,378.7,85.3,0.3,4.329,5.28,7.47
2022-12-12 09:15:00.000 -0500,Alan,374.1,85.7,0.3,4.292,4.84,7.49
2022-12-12 09:30:00.000 -0500,Alan,384.3,85.6,0.31,4.493,3.99,7.48
2022-12-12 09:45:00.000 -0500,Alan,383.4,85.7,0.31,4.429,4.14,7.47
2022-12-12 10:00:00.000 -0500,Alan,390.5,85.4,0.31,4.544,4.4,7.46
2022-12-12 10:15:00.000 -0500,Alan,391.7,85.4,0.31,4.517,5.86,7.45
2022-12-12 10:30:00.000 -0500,Alan,393.3,85.5,0.31,4.538,6.06,7.45
2022-12-12 10:45:00.000 -0500,Alan,398.4,86.2,0.32,4.519,4.51,7.45
2022-12-12 11:00:00.000 -0500,Alan,389.5,86.1,0.31,4.491,5.1,7.44
2022-12-12 11:15:00.000 -0500,Alan,387.9,86.8,0.31,4.443,4.1,7.45
2022-12-12 11:30:00.000 -0500,Alan,389.9,87.1,0.31,4.453,4.46,7.46
2022-12-12 11:45:00.000 -0500,Alan,396.2,87.2,0.32,4.573,4.02,7.45
2022-12-12 12:00:00.000 -0500,Alan,390.8,88.4,0.31,4.544,3.97,7.45
2022-12-12 12:15:00.000 -0500,Alan,388.3,87.5,0.31,4.585,4.14,7.47
2022-12-12 12:30:00.000 -0500,Alan,392.3,85.7,0.31,4.731,4.11,7.46
2022-12-12 12:45:00.000 -0500,Alan,383.2,85.3,0.3,4.624,4.51,7.46
2022-12-12 13:00:00.000 -0500,Alan,387.4,85.9,0.31,4.604,4.0,7.47
2022-12-12 13:15:00.000 -0500,Alan,387.0,86.1,0.31,4.639,4.08,7.48
2022-12-12 13:30:00.000 -0500,Alan,389.1,87.0,0.31,4.684,3.9,7.48
2022-12-12 13:45:00.000 -0500,Alan,381.5,87.6,0.3,4.547,3.5,7.49
2022-12-12 14:00:00.000 -0500,Alan,386.0,90.0,0.31,4.695,3.46,7.5
2022-12-12 14:15:00.000 -0500,Alan,394.0,91.8,0.31,4.905,3.96,7.5
2022-12-12 14:30:00.000 -0500,Alan,392.5,91.7,0.31,4.909,4.11,7.5
2022-12-12 14:45:00.000 -0500,Alan,397.1,89.7,0.31,4.892,3.49,7.49
2022-12-12 15:00:00.000 -0500,Alan,391.8,88.9,0.31,4.729,3.69,7.49
2022-12-12 15:15:00.000 -0500,Alan,389.9,89.6,0.31,4.739,3.54,7.49
2022-12-12 15:30:00.000 -0500,Alan,394.4,93.3,0.31,4.843,3.99,7.5
2022-12-12 15:45:00.000 -0500,Alan,386.7,91.2,0.31,4.677,3.84,7.51
2022-12-12 16:00:00.000 -0500,Alan,389.2,90.0,0.31,4.708,3.66,7.51
2022-12-12 16:15:00.000 -0500,Alan,396.0,91.1,0.31,4.643,4.31,7.5
2022-12-12 16:30:00.000 -0500,Alan,404.3,91.2,0.32,4.691,4.46,7.5
2022-12-12 16:45:00.000 -0500,Alan,400.9,91.6,0.32,4.653,4.3,7.5
2022-12-12 17:00:00.000 -0500,Alan,393.7,89.2,0.31,4.67,3.87,7.49
2022-12-12 17:15:00.000 -0500,Alan,399.3,90.1,0.32,4.708,3.87,7.48
2022-12-12 17:30:00.000 -0500,Alan,415.0,92.2,0.33,4.849,4.49,7.48
2022-12-12 17:45:00.000 -0500,Alan,405.8,91.5,0.32,4.725,4.47,7.48
2022-12-12 18:00:00.000 -0500,Alan,406.4,90.5,0.32,4.69,4.18,7.48
2022-12-12 18:15:00.000 -0500,Alan,400.7,89.8,0.32,4.668,4.04,7.48
2022-12-12 18:30:00.000 -0500,Alan,420.4,92.9,0.33,4.896,4.64,7.47
2022-12-12 18:45:00.000 -0500,Alan,407.9,90.3,0.33,4.503,4.65,7.48
2022-12-12 19:00:00.000 -0500,Alan,408.0,89.3,0.33,4.546,4.85,7.48
2022-12-12 19:15:00.000 -0500,Alan,406.4,90.0,0.32,4.592,4.35,7.48
2022-12-12 19:30:00.000 -0500,Alan,422.3,91.6,0.34,4.767,5.08,7.47
2022-12-12 19:45:00.000 -0500,Alan,410.1,91.5,0.33,4.743,4.72,7.47
2022-12-12 20:00:00.000 -0500,Alan,399.3,90.1,0.32,4.633,4.55,7.48
2022-12-12 20:15:00.000 -0500,Alan,411.9,88.2,0.33,4.772,4.63,7.47
2022-12-12 20:30:00.000 -0500,Alan,407.6,88.7,0.32,4.74,4.39,7.46
2022-12-12 20:45:00.000 -0500,Alan,408.6,90.1,0.33,4.609,4.41,7.46
2022-12-12 21:00:00.000 -0500,Alan,398.7,88.3,0.32,4.579,4.36,7.46
2022-12-12 21:15:00.000 -0500,Alan,399.4,86.7,0.32,4.486,4.31,7.47
2022-12-12 21:30:00.000 -0500,Alan,397.1,87.1,0.32,4.342,3.97,7.47
2022-12-12 21:45:00.000 -0500,Alan,393.7,86.8,0.32,4.314,3.81,7.47
2022-12-12 22:00:00.000 -0500,Alan,392.7,87.7,0.32,4.284,3.73,7.47
2022-12-12 22:15:00.000 -0500,Alan,392.2,86.6,0.32,4.117,4.2,7.48
2022-12-12 22:30:00.000 -0500,Alan,384.6,86.2,0.31,4.032,4.56,7.48
2022-12-12 22:45:00.000 -0500,Alan,386.1,86.3,0.31,4.026,4.05,7.48
2022-12-12 23:00:00.000 -0500,Alan,380.5,85.9,0.31,3.939,3.99,7.5
2022-12-12 23:15:00.000 -0500,Alan,377.9,86.0,0.31,3.961,3.87,7.51
2022-12-12 23:30:00.000 -0500,Alan,380.8,86.4,0.31,4.068,3.83,7.51
2022-12-12 23:45:00.000 -0500,Alan,380.0,86.0,0.31,4.089,3.84,7.51
2022-12-13 00:00:00.000 -0500,Alan,399.4,86.2,0.32,4.257,4.12,7.49
2022-12-13 00:15:00.000 -0500,Alan,386.4,85.5,0.31,3.95,3.84,7.49
2022-12-13 00:30:00.000 -0500,Alan,379.1,85.9,0.31,4.022,3.76,7.5
2022-12-13 00:45:00.000 -0500,Alan,380.3,85.9,0.31,4.046,3.82,7.5
2022-12-13 01:00:00.000 -0500,Alan,380.9,85.2,0.31,3.998,3.92,7.5
2022-12-13 01:15:00.000 -0500,Alan,396.0,84.3,0.32,3.985,6.57,7.48
2022-12-13 01:30:00.000 -0500,Alan,381.7,84.8,0.31,4.001,4.52,7.48
2022-12-13 01:45:00.000 -0500,Alan,387.5,85.0,0.31,3.96,4.32,7.49
2022-12-13 02:00:00.000 -0500,Alan,389.8,84.0,0.32,3.935,4.21,7.48
2022-12-13 02:15:00.000 -0500,Alan,390.6,83.3,0.32,3.881,4.71,7.47
2022-12-13 02:30:00.000 -0500,Alan,390.7,82.0,0.32,3.875,4.34,7.46
2022-12-13 02:45:00.000 -0500,Alan,392.9,81.7,0.32,3.887,5.31,7.45
2022-12-13 03:00:00.000 -0500,Alan,391.7,83.2,0.32,3.949,5.09,7.45
2022-12-13 03:15:00.000 -0500,Alan,391.0,82.1,0.32,3.958,4.91,7.44
2022-12-13 03:30:00.000 -0500,Alan,394.4,81.6,0.32,3.92,5.78,7.44
2022-12-13 03:45:00.000 -0500,Alan,391.9,79.81,0.32,3.934,5.09,7.43
2022-12-13 04:00:00.000 -0500,Alan,387.3,78.58,0.32,3.823,5.29,7.42
2022-12-13 04:15:00.000 -0500,Alan,390.6,77.27,0.32,3.914,5.81,7.42
2022-12-13 04:30:00.000 -0500,Alan,391.5,76.76,0.32,3.937,5.02,7.41
2022-12-13 04:45:00.000 -0500,Alan,390.2,77.28,0.32,3.864,5.92,7.41
2022-12-13 05:00:00.000 -0500,Alan,389.0,76.54,0.32,3.804,6.48,7.41
2022-12-13 05:15:00.000 -0500,Alan,387.6,76.08,0.32,3.768,5.74,7.41
2022-12-13 05:30:00.000 -0500,Alan,387.3,75.6,0.32,3.829,5.36,7.4
2022-12-13 05:45:00.000 -0500,Alan,385.6,75.94,0.31,3.783,5.21,7.4
2022-12-13 06:00:00.000 -0500,Alan,384.9,75.38,0.31,3.76,5.6,7.39
2022-12-13 06:15:00.000 -0500,Alan,384.7,73.89,0.31,3.699,6.68,7.39
2022-12-13 06:30:00.000 -0500,Alan,383.6,71.8,0.31,3.639,7.06,7.38
2022-12-13 06:45:00.000 -0500,Alan,382.7,70.51,0.31,3.603,5.72,7.38
2022-12-13 07:00:00.000 -0500,Alan,381.8,69.79,0.31,3.614,5.55,7.38
2022-12-13 07:15:00.000 -0500,Alan,381.9,68.95,0.31,3.646,4.77,7.38
2022-12-13 07:30:00.000 -0500,Alan,382.6,68.75,0.31,3.642,4.2,7.38
2022-12-13 07:45:00.000 -0500,Alan,382.5,69.0,0.31,3.641,3.94,7.38
2022-12-13 08:00:00.000 -0500,Alan,381.6,67.46,0.31,3.644,4.41,7.38
2022-12-13 08:15:00.000 -0500,Alan,381.1,66.96,0.31,3.654,4.69,7.38
2022-12-13 08:30:00.000 -0500,Alan,381.6,69.91,0.31,3.661,4.9,7.38
2022-12-13 08:45:00.000 -0500,Alan,379.7,71.69,0.31,3.694,4.46,7.39
2022-12-13 09:00:00.000 -0500,Alan,379.4,75.54,0.31,3.661,4.05,7.41
2022-12-13 09:15:00.000 -0500,Alan,380.9,80.5,0.31,3.624,4.12,7.44
2022-12-13 09:30:00.000 -0500,Alan,380.1,80.4,0.31,3.593,4.19,7.45
2022-12-13 09:45:00.000 -0500,Alan,380.0,78.81,0.31,3.617,4.07,7.44
2022-12-13 10:00:00.000 -0500,Alan,379.6,78.21,0.31,3.639,4.53,7.44
2022-12-13 10:15:00.000 -0500,Alan,379.9,78.29,0.31,3.706,3.8,7.43
2022-12-13 10:30:00.000 -0500,Alan,380.0,76.8,0.31,3.742,3.73,7.42
2022-12-13 10:45:00.000 -0500,Alan,379.5,79.97,0.31,3.795,4.08,7.43
2022-12-13 11:00:00.000 -0500,Alan,379.0,82.6,0.31,3.835,3.89,7.45
2022-12-13 11:15:00.000 -0500,Alan,378.6,83.4,0.31,3.839,3.8,7.47
2022-12-13 11:30:00.000 -0500,Alan,378.6,84.1,0.31,3.783,4.1,7.48
2022-12-13 11:45:00.000 -0500,Alan,377.8,84.8,0.31,3.767,3.99,7.49
2022-12-13 12:00:00.000 -0500,Alan,377.7,85.6,0.31,3.746,4.04,7.5
2022-12-13 12:15:00.000 -0500,Alan,379.0,85.8,0.31,3.773,4.75,7.51
2022-12-13 12:30:00.000 -0500,Alan,378.5,86.3,0.31,3.808,3.6,7.51
2022-12-13 12:45:00.000 -0500,Alan,384.2,86.6,0.31,3.856,4.17,7.51
2022-12-13 13:00:00.000 -0500,Alan,381.1,86.8,0.31,3.897,4.0,7.51
2022-12-13 13:15:00.000 -0500,Alan,381.1,87.2,0.31,3.933,4.01,7.52
2022-12-13 13:30:00.000 -0500,Alan,381.6,87.4,0.31,3.958,4.01,7.52
2022-12-13 13:45:00.000 -0500,Alan,382.4,87.7,0.31,4.0,4.09,7.53
2022-12-13 14:00:00.000 -0500,Alan,382.2,87.9,0.31,3.996,4.16,7.53
2022-12-13 14:15:00.000 -0500,Alan,382.1,88.1,0.31,4.016,4.06,7.53
2022-12-13 14:30:00.000 -0500,Alan,392.0,87.1,0.32,4.066,4.78,7.53
2022-12-13 14:45:00.000 -0500,Alan,385.9,88.2,0.31,4.06,4.45,7.53
2022-12-13 15:00:00.000 -0500,Alan,387.2,88.6,0.31,4.06,4.4,7.53
2022-12-13 15:15:00.000 -0500,Alan,382.8,88.5,0.31,4.044,4.15,7.54
2022-12-13 15:30:00.000 -0500,Alan,383.0,88.4,0.31,4.041,4.18,7.54
2022-12-13 15:45:00.000 -0500,Alan,383.8,88.4,0.31,4.044,4.19,7.54
2022-12-13 16:00:00.000 -0500,Alan,383.4,88.5,0.31,4.054,4.16,7.54
2022-12-13 16:15:00.000 -0500,Alan,383.1,87.9,0.31,4.026,4.03,7.54
2022-12-13 16:30:00.000 -0500,Alan,382.3,88.2,0.31,4.03,3.78,7.54
2022-12-13 16:45:00.000 -0500,Alan,382.3,87.8,0.31,4.033,3.9,7.53
2022-12-13 17:00:00.000 -0500,Alan,382.4,88.2,0.31,4.033,3.85,7.53
2022-12-13 17:15:00.000 -0500,Alan,382.8,87.2,0.31,4.043,3.79,7.52
2022-12-13 17:30:00.000 -0500,Alan,382.5,87.4,0.31,4.032,3.9,7.52
2022-12-13 17:45:00.000 -0500,Alan,382.6,87.5,0.31,4.037,3.93,7.52
2022-12-13 18:00:00.000 -0500,Alan,382.6,87.0,0.31,4.036,3.97,7.51
2022-12-13 18:15:00.000 -0500,Alan,382.7,87.0,0.31,4.04,3.63,7.51
2022-12-13 18:30:00.000 -0500,Alan,383.0,84.9,0.31,4.044,3.64,7.5
2022-12-13 18:45:00.000 -0500,Alan,383.8,84.1,0.31,4.05,3.67,7.5
2022-12-13 19:00:00.000 -0500,Alan,383.7,84.2,0.31,4.054,3.66,7.49
2022-12-13 19:15:00.000 -0500,Alan,383.6,83.0,0.31,4.054,3.52,7.49
2022-12-13 19:30:00.000 -0500,Alan,383.4,83.2,0.31,4.055,3.59,7.49
2022-12-13 19:45:00.000 -0500,Alan,383.4,81.6,0.31,4.06,3.56,7.49
2022-12-13 20:00:00.000 -0500,Alan,383.3,82.3,0.31,4.063,3.62,7.49
2022-12-13 20:15:00.000 -0500,Alan,383.4,82.7,0.31,4.066,3.65,7.49
2022-12-13 20:30:00.000 -0500,Alan,383.8,82.3,0.31,4.073,3.82,7.49
2022-12-13 20:45:00.000 -0500,Alan,384.1,83.3,0.31,4.075,3.53,7.49
2022-12-13 21:00:00.000 -0500,Alan,384.0,83.8,0.31,4.072,3.66,7.49
2022-12-13 21:15:00.000 -0500,Alan,383.7,84.2,0.31,4.073,3.5,7.49
2022-12-13 21:30:00.000 -0500,Alan,383.9,83.2,0.31,4.075,3.5,7.49
2022-12-13 21:45:00.000 -0500,Alan,383.5,82.4,0.31,4.074,3.51,7.49
2022-12-13 22:00:00.000 -0500,Alan,383.6,82.5,0.31,4.074,3.6,7.48
2022-12-13 22:15:00.000 -0500,Alan,383.7,82.1,0.31,4.077,3.57,7.48
2022-12-13 22:30:00.000 -0500,Alan,383.6,81.9,0.31,4.078,3.4,7.48
2022-12-13 22:45:00.000 -0500,Alan,383.7,80.6,0.31,4.08,3.51,7.48
2022-12-13 23:00:00.000 -0500,Alan,383.7,80.7,0.31,4.083,3.51,7.48
2022-12-13 23:15:00.000 -0500,Alan,384.1,80.3,0.31,4.084,3.46,7.48
2022-12-13 23:30:00.000 -0500,Alan,387.7,80.9,0.31,4.102,3.98,7.48
2022-12-13 23:45:00.000 -0500,Alan,385.6,82.4,0.31,4.089,3.77,7.49
2022-12-14 00:00:00.000 -0500,Alan,385.4,82.8,0.31,4.079,3.54,7.5
2022-12-14 00:15:00.000 -0500,Alan,385.5,82.9,0.31,4.084,3.75,7.5
2022-12-14 00:30:00.000 -0500,Alan,386.0,84.9,0.31,4.087,3.9,7.5
2022-12-14 00:45:00.000 -0500,Alan,387.0,85.8,0.31,4.098,3.9,7.51
2022-12-14 01:00:00.000 -0500,Alan,386.8,85.3,0.31,4.095,4.15,7.51
2022-12-14 01:15:00.000 -0500,Alan,387.3,85.8,0.31,4.115,4.09,7.51
2022-12-14 01:30:00.000 -0500,Alan,387.0,86.3,0.31,4.116,3.8,7.51
2022-12-14 01:45:00.000 -0500,Alan,388.4,87.0,0.31,4.144,3.91,7.52
2022-12-14 02:00:00.000 -0500,Alan,389.9,86.5,0.31,4.162,3.97,7.51
2022-12-14 02:15:00.000 -0500,Alan,390.3,85.8,0.31,4.2,3.75,7.5
2022-12-14 02:30:00.000 -0500,Alan,392.9,85.8,0.32,4.246,3.46,7.49
2022-12-14 02:45:00.000 -0500,Alan,392.5,84.8,0.32,4.245,3.61,7.48
2022-12-14 03:00:00.000 -0500,Alan,392.2,84.6,0.32,4.238,3.76,7.48
2022-12-14 03:15:00.000 -0500,Alan,391.2,85.0,0.31,4.214,3.76,7.49
2022-12-14 03:30:00.000 -0500,Alan,390.7,84.7,0.31,4.187,3.63,7.49
2022-12-14 03:45:00.000 -0500,Alan,390.3,85.5,0.31,4.16,3.79,7.49
2022-12-14 04:00:00.000 -0500,Alan,390.4,85.4,0.31,4.157,3.78,7.49
2022-12-14 04:15:00.000 -0500,Alan,389.5,84.7,0.31,4.133,3.72,7.49
2022-12-14 04:30:00.000 -0500,Alan,390.3,84.5,0.31,4.129,3.74,7.49
2022-12-14 04:45:00.000 -0500,Alan,388.8,83.5,0.31,4.096,3.54,7.48
2022-12-14 05:00:00.000 -0500,Alan,387.8,83.1,0.31,4.063,3.69,7.48
2022-12-14 05:15:00.000 -0500,Alan,387.7,82.7,0.31,4.011,3.53,7.48
2022-12-14 05:30:00.000 -0500,Alan,386.6,83.9,0.31,3.966,3.7,7.48
2022-12-14 05:45:00.000 -0500,Alan,386.5,84.0,0.31,3.937,3.76,7.49
2022-12-14 06:00:00.000 -0500,Alan,386.5,83.8,0.31,3.929,3.72,7.49
2022-12-14 06:15:00.000 -0500,Alan,386.2,83.6,0.31,3.927,3.6,7.49
2022-12-14 06:30:00.000 -0500,Alan,386.0,83.6,0.31,3.932,3.55,7.48
2022-12-14 06:45:00.000 -0500,Alan,385.3,83.0,0.31,3.913,3.64,7.48
2022-12-14 07:00:00.000 -0500,Alan,386.0,82.6,0.31,3.917,3.53,7.48
2022-12-14 07:15:00.000 -0500,Alan,386.8,81.7,0.31,3.926,3.57,7.47
2022-12-14 07:30:00.000 -0500,Alan,389.3,87.2,0.32,3.911,3.77,7.48
2022-12-14 07:45:00.000 -0500,Alan,385.8,83.5,0.31,3.833,3.68,7.48
2022-12-14 08:00:00.000 -0500,Alan,386.6,81.5,0.31,3.891,3.67,7.48
2022-12-14 08:15:00.000 -0500,Alan,386.7,82.1,0.31,3.917,3.8,7.49
2022-12-14 08:30:00.000 -0500,Alan,386.1,84.1,0.31,3.92,4.1,7.5
2022-12-14 08:45:00.000 -0500,Alan,385.5,84.5,0.31,3.89,3.84,7.5
2022-12-14 09:00:00.000 -0500,Alan,385.0,84.0,0.31,3.847,3.87,7.5
2022-12-14 09:15:00.000 -0500,Alan,385.8,84.7,0.31,3.851,3.89,7.5
2022-12-14 09:30:00.000 -0500,Alan,386.9,84.7,0.31,3.888,3.68,7.5
2022-12-14 09:45:00.000 -0500,Alan,385.9,85.0,0.31,3.775,3.89,7.5
2022-12-14 10:00:00.000 -0500,Alan,386.0,85.8,0.31,3.756,3.86,7.51
2022-12-14 10:15:00.000 -0500,Alan,386.2,85.4,0.31,3.811,3.89,7.51
2022-12-14 10:30:00.000 -0500,Alan,388.2,86.3,0.32,3.918,4.08,7.51
2022-12-14 10:45:00.000 -0500,Alan,388.8,86.2,0.31,4.001,3.99,7.51
2022-12-14 11:00:00.000 -0500,Alan,389.5,87.9,0.31,4.055,3.82,7.51
2022-12-14 11:15:00.000 -0500,Alan,390.0,88.6,0.32,4.07,3.8,7.51
2022-12-14 11:30:00.000 -0500,Alan,388.9,88.8,0.31,4.054,3.75,7.52
2022-12-14 11:45:00.000 -0500,Alan,387.9,88.6,0.31,4.0,4.11,7.52
2022-12-14 12:00:00.000 -0500,Alan,388.5,88.5,0.32,3.946,4.02,7.52
2022-12-14 12:15:00.000 -0500,Alan,386.3,87.8,0.31,3.873,4.24,7.53
2022-12-14 12:30:00.000 -0500,Alan,386.2,87.8,0.31,3.828,3.83,7.54
2022-12-14 12:45:00.000 -0500,Alan,386.3,87.6,0.31,3.84,3.93,7.54
2022-12-14 13:00:00.000 -0500,Alan,386.4,88.5,0.31,3.944,4.17,7.55
2022-12-14 13:15:00.000 -0500,Alan,386.4,88.5,0.31,3.923,4.61,7.55
2022-12-14 13:30:00.000 -0500,Alan,386.7,88.7,0.31,3.948,3.98,7.55
2022-12-14 13:45:00.000 -0500,Alan,386.7,89.4,0.31,3.905,3.97,7.56
2022-12-14 14:00:00.000 -0500,Alan,386.5,90.3,0.31,3.916,3.92,7.56
2022-12-14 14:15:00.000 -0500,Alan,387.0,89.9,0.31,3.944,3.85,7.56
2022-12-14 14:30:00.000 -0500,Alan,387.9,90.8,0.31,3.986,3.82,7.57
2022-12-14 14:45:00.000 -0500,Alan,387.4,89.7,0.31,4.002,4.1,7.57
2022-12-14 15:00:00.000 -0500,Alan,387.7,90.2,0.31,4.035,4.16,7.57
2022-12-14 15:15:00.000 -0500,Alan,387.4,89.2,0.31,3.993,4.4,7.57
2022-12-14 15:30:00.000 -0500,Alan,387.2,87.8,0.31,3.989,4.11,7.57
2022-12-14 15:45:00.000 -0500,Alan,387.6,87.3,0.31,4.025,3.87,7.56
2022-12-14 16:00:00.000 -0500,Alan,387.6,87.4,0.31,4.037,4.03,7.56
2022-12-14 16:15:00.000 -0500,Alan,388.4,87.5,0.31,4.074,4.16,7.55
2022-12-14 16:30:00.000 -0500,Alan,388.5,88.1,0.31,4.109,4.06,7.55
2022-12-14 16:45:00.000 -0500,Alan,388.0,88.7,0.31,4.067,3.82,7.55
2022-12-14 17:00:00.000 -0500,Alan,388.1,90.0,0.31,4.05,3.58,7.55
2022-12-14 17:15:00.000 -0500,Alan,389.0,89.3,0.31,4.088,3.73,7.55
2022-12-14 17:30:00.000 -0500,Alan,389.6,88.5,0.31,4.151,3.63,7.55
2022-12-14 17:45:00.000 -0500,Alan,389.5,89.5,0.31,4.109,3.84,7.55
2022-12-14 18:00:00.000 -0500,Alan,389.6,89.6,0.31,4.087,3.64,7.54
2022-12-14 18:15:00.000 -0500,Alan,389.8,88.7,0.31,4.102,3.91,7.55
2022-12-14 18:30:00.000 -0500,Alan,390.6,89.0,0.32,4.124,3.93,7.55
2022-12-14 18:45:00.000 -0500,Alan,392.8,90.6,0.32,4.236,3.89,7.55
2022-12-14 19:00:00.000 -0500,Alan,393.7,93.2,0.32,4.25,3.94,7.54
2022-12-14 19:15:00.000 -0500,Alan,394.7,93.3,0.32,4.289,3.99,7.54
2022-12-14 19:30:00.000 -0500,Alan,394.4,92.9,0.32,4.3,4.05,7.53
2022-12-14 19:45:00.000 -0500,Alan,395.7,93.6,0.32,4.319,3.87,7.53
2022-12-14 20:00:00.000 -0500,Alan,395.0,93.8,0.32,4.309,3.91,7.53
2022-12-14 20:15:00.000 -0500,Alan,395.2,94.8,0.32,4.259,4.12,7.53
2022-12-14 20:30:00.000 -0500,Alan,394.5,93.9,0.32,4.284,3.79,7.54
2022-12-14 20:45:00.000 -0500,Alan,394.8,94.1,0.32,4.293,3.55,7.55
2022-12-14 21:00:00.000 -0500,Alan,396.6,94.5,0.32,4.34,3.88,7.55
2022-12-14 21:15:00.000 -0500,Alan,396.8,95.0,0.32,4.385,3.61,7.54
2022-12-14 21:30:00.000 -0500,Alan,399.4,95.4,0.32,4.481,3.94,7.53
2022-12-14 21:45:00.000 -0500,Alan,399.3,97.2,0.32,4.526,3.89,7.52
2022-12-14 22:00:00.000 -0500,Alan,397.2,95.1,0.32,4.422,3.87,7.52
2022-12-14 22:15:00.000 -0500,Alan,397.7,93.8,0.32,4.44,4.13,7.52
2022-12-14 22:30:00.000 -0500,Alan,398.0,93.2,0.32,4.471,3.99,7.51
2022-12-14 22:45:00.000 -0500,Alan,400.1,93.8,0.32,4.528,4.05,7.5
2022-12-14 23:00:00.000 -0500,Alan,401.0,95.4,0.32,4.59,3.97,7.5
2022-12-14 23:15:00.000 -0500,Alan,401.3,96.9,0.32,4.626,3.98,7.5
2022-12-14 23:30:00.000 -0500,Alan,401.4,96.1,0.32,4.634,3.9,7.5
2022-12-14 23:45:00.000 -0500,Alan,400.1,95.5,0.32,4.618,3.57,7.5
2022-12-15 00:00:00.000 -0500,Alan,399.1,93.2,0.32,4.58,3.43,7.49
2022-12-15 00:15:00.000 -0500,Alan,398.4,91.7,0.32,4.536,3.58,7.49
2022-12-15 00:30:00.000 -0500,Alan,397.9,90.2,0.32,4.506,3.51,7.49
2022-12-15 00:45:00.000 -0500,Alan,397.8,88.4,0.32,4.494,3.86,7.49
2022-12-15 01:00:00.000 -0500,Alan,397.2,88.9,0.32,4.468,3.62,7.49
2022-12-15 01:15:00.000 -0500,Alan,396.4,88.4,0.32,4.452,3.78,7.49
2022-12-15 01:30:00.000 -0500,Alan,395.6,88.5,0.32,4.414,3.73,7.49
2022-12-15 01:45:00.000 -0500,Alan,395.4,87.9,0.32,4.403,3.78,7.49
2022-12-15 02:00:00.000 -0500,Alan,394.9,88.1,0.32,4.382,3.73,7.49
2022-12-15 02:15:00.000 -0500,Alan,394.1,88.6,0.32,4.359,3.62,7.49
2022-12-15 02:30:00.000 -0500,Alan,393.7,89.6,0.32,4.317,3.59,7.49
2022-12-15 02:45:00.000 -0500,Alan,392.8,87.3,0.32,4.29,3.67,7.49
2022-12-15 03:00:00.000 -0500,Alan,392.6,87.2,0.32,4.271,3.71,7.49
2022-12-15 03:15:00.000 -0500,Alan,392.5,88.0,0.32,4.269,3.69,7.49
2022-12-15 03:30:00.000 -0500,Alan,392.0,88.7,0.32,4.243,3.71,7.49
2022-12-15 03:45:00.000 -0500,Alan,391.9,89.1,0.32,4.223,3.79,7.49
2022-12-15 04:00:00.000 -0500,Alan,391.9,88.4,0.32,4.219,3.69,7.49
2022-12-15 04:15:00.000 -0500,Alan,391.4,89.7,0.32,4.187,3.74,7.49
2022-12-15 04:30:00.000 -0500,Alan,391.2,89.0,0.32,4.175,3.8,7.49
2022-12-15 04:45:00.000 -0500,Alan,390.1,87.1,0.31,4.106,3.61,7.5
2022-12-15 05:00:00.000 -0500,Alan,390.2,86.9,0.32,4.097,3.55,7.5
2022-12-15 05:15:00.000 -0500,Alan,390.2,86.7,0.32,4.099,3.58,7.5
2022-12-15 05:30:00.000 -0500,Alan,390.2,86.9,0.32,4.1,3.74,7.5
2022-12-15 05:45:00.000 -0500,Alan,389.6,85.9,0.31,4.073,3.71,7.5
2022-12-15 06:00:00.000 -0500,Alan,389.1,85.8,0.31,4.043,3.68,7.5
2022-12-15 06:15:00.000 -0500,Alan,389.1,86.2,0.31,4.046,3.57,7.5
2022-12-15 06:30:00.000 -0500,Alan,389.0,85.8,0.31,4.03,3.57,7.5
2022-12-15 06:45:00.000 -0500,Alan,388.9,86.3,0.31,4.016,3.47,7.5
2022-12-15 07:00:00.000 -0500,Alan,388.0,85.9,0.31,3.963,3.48,7.51
2022-12-15 07:15:00.000 -0500,Alan,387.5,86.9,0.31,3.926,3.55,7.51
2022-12-15 07:30:00.000 -0500,Alan,387.5,87.9,0.31,3.926,3.42,7.51
2022-12-15 07:45:00.000 -0500,Alan,387.7,88.4,0.31,3.941,3.61,7.51
2022-12-15 08:00:00.000 -0500,Alan,387.9,88.4,0.31,3.957,3.71,7.51
2022-12-15 08:15:00.000 -0500,Alan,387.3,87.9,0.31,3.921,3.43,7.51
2022-12-15 08:30:00.000 -0500,Alan,387.1,89.8,0.31,3.895,3.63,7.51
2022-12-15 08:45:00.000 -0500,Alan,387.1,90.2,0.31,3.896,3.51,7.52
2022-12-15 09:00:00.000 -0500,Alan,387.2,89.8,0.31,3.902,3.42,7.52
2022-12-15 09:15:00.000 -0500,Alan,387.1,90.0,0.31,3.897,3.49,7.52
2022-12-15 09:30:00.000 -0500,Alan,387.2,91.3,0.31,3.906,3.52,7.52
2022-12-15 09:45:00.000 -0500,Alan,387.1,90.5,0.31,3.9,3.75,7.52
2022-12-15 10:00:00.000 -0500,Alan,387.2,89.1,0.31,3.898,3.79,7.53
2022-12-15 10:15:00.000 -0500,Alan,387.5,89.3,0.31,3.907,3.67,7.55
2022-12-15 10:30:00.000 -0500,Alan,387.4,89.1,0.31,3.904,3.78,7.55
2022-12-15 10:45:00.000 -0500,Alan,387.8,89.6,0.31,3.925,3.55,7.56
2022-12-15 11:00:00.000 -0500,Alan,387.9,90.6,0.31,3.935,3.78,7.56
2022-12-15 11:15:00.000 -0500,Alan,388.0,91.2,0.31,3.946,3.67,7.56
2022-12-15 11:30:00.000 -0500,Alan,388.3,91.6,0.31,3.962,3.7,7.57
2022-12-15 11:45:00.000 -0500,Alan,388.3,91.6,0.31,3.963,3.56,7.57
2022-12-15 12:00:00.000 -0500,Alan,388.8,91.4,0.32,3.977,3.62,7.57
2022-12-15 12:15:00.000 -0500,Alan,389.2,92.0,0.32,3.994,3.62,7.56
2022-12-15 12:30:00.000 -0500,Alan,389.5,91.8,0.32,4.0,3.51,7.56
2022-12-15 12:45:00.000 -0500,Alan,390.0,91.8,0.32,3.997,3.55,7.56
2022-12-15 13:00:00.000 -0500,Alan,390.1,93.6,0.32,4.001,3.72,7.56
2022-12-15 13:15:00.000 -0500,Alan,391.2,92.5,0.32,4.027,3.56,7.55
2022-12-15 13:30:00.000 -0500,Alan,392.3,93.4,0.32,4.033,3.58,7.55
2022-12-15 13:45:00.000 -0500,Alan,392.4,93.4,0.32,4.017,3.72,7.55
2022-12-15 14:00:00.000 -0500,Alan,391.0,92.4,0.32,3.987,3.6,7.55
2022-12-15 14:15:00.000 -0500,Alan,391.2,93.0,0.32,3.984,3.74,7.55
2022-12-15 14:30:00.000 -0500,Alan,389.4,93.0,0.32,3.971,3.83,7.55
2022-12-15 14:45:00.000 -0500,Alan,390.0,92.7,0.32,3.979,3.9,7.55
2022-12-15 15:00:00.000 -0500,Alan,390.0,92.9,0.32,3.982,5.23,7.55
2022-12-15 15:15:00.000 -0500,Alan,389.1,92.3,0.32,3.989,3.92,7.55
2022-12-15 15:30:00.000 -0500,Alan,389.4,91.9,0.32,3.973,3.83,7.55
2022-12-15 15:45:00.000 -0500,Alan,389.6,92.5,0.32,3.97,3.91,7.55
2022-12-15 16:00:00.000 -0500,Alan,389.5,93.6,0.32,3.961,3.8,7.55
2022-12-15 16:15:00.000 -0500,Alan,389.0,92.2,0.32,3.969,3.87,7.55
2022-12-15 16:30:00.000 -0500,Alan,392.3,93.2,0.32,3.978,3.81,7.55
2022-12-15 16:45:00.000 -0500,Alan,400.9,94.0,0.32,4.043,4.1,7.55
2022-12-15 17:00:00.000 -0500,Alan,395.0,93.5,0.32,4.03,3.99,7.55
2022-12-15 17:15:00.000 -0500,Alan,393.1,93.0,0.32,4.039,3.92,7.55
2022-12-15 17:30:00.000 -0500,Alan,393.2,91.7,0.32,4.021,3.73,7.54
2022-12-15 17:45:00.000 -0500,Alan,393.8,92.7,0.32,4.005,3.77,7.55
2022-12-15 18:00:00.000 -0500,Alan,395.1,94.2,0.32,4.039,3.88,7.55
2022-12-15 18:15:00.000 -0500,Alan,395.5,94.5,0.32,4.079,3.73,7.55
2022-12-15 18:30:00.000 -0500,Alan,395.1,94.3,0.32,4.096,3.96,7.54
2022-12-15 18:45:00.000 -0500,Alan,397.2,95.2,0.32,4.111,4.06,7.55
2022-12-15 19:00:00.000 -0500,Alan,398.3,96.0,0.32,4.143,4.03,7.56
2022-12-15 19:15:00.000 -0500,Alan,405.3,93.8,0.33,4.266,4.02,7.53
2022-12-15 19:30:00.000 -0500,Alan,400.4,93.0,0.32,4.228,4.25,7.51
2022-12-15 19:45:00.000 -0500,Alan,400.5,93.5,0.32,4.22,4.23,7.51
2022-12-15 20:00:00.000 -0500,Alan,404.5,94.7,0.33,4.223,4.22,7.51
2022-12-15 20:15:00.000 -0500,Alan,403.3,93.4,0.32,4.252,4.4,7.49
2022-12-15 20:30:00.000 -0500,Alan,400.3,94.3,0.32,4.197,4.4,7.48
2022-12-15 20:45:00.000 -0500,Alan,407.1,90.1,0.33,4.355,4.62,7.44
2022-12-15 21:00:00.000 -0500,Alan,410.5,88.0,0.33,4.41,4.72,7.38
2022-12-15 21:15:00.000 -0500,Alan,416.3,88.1,0.33,4.486,4.9,7.35
2022-12-15 21:30:00.000 -0500,Alan,411.1,90.1,0.33,4.266,4.47,7.4
2022-12-15 21:45:00.000 -0500,Alan,428.7,87.7,0.34,4.387,4.66,7.41
2022-12-15 22:00:00.000 -0500,Alan,468.6,88.9,0.38,4.391,9.76,7.39
2022-12-15 22:15:00.000 -0500,Alan,464.5,87.7,0.37,4.473,8.77,7.36
2022-12-15 22:30:00.000 -0500,Alan,468.1,89.1,0.38,4.495,8.31,7.36
2022-12-15 22:45:00.000 -0500,Alan,457.9,89.2,0.37,4.423,7.63,7.36
2022-12-15 23:00:00.000 -0500,Alan,448.0,89.8,0.36,4.404,8.26,7.37
2022-12-15 23:15:00.000 -0500,Alan,458.6,90.4,0.37,4.43,8.26,7.38
2022-12-15 23:30:00.000 -0500,Alan,465.6,90.9,0.37,4.468,10.1,7.39
2022-12-15 23:45:00.000 -0500,Alan,453.1,90.8,0.36,4.456,9.56,7.38
2022-12-16 00:00:00.000 -0500,Alan,451.0,91.0,0.36,4.409,9.06,7.38
2022-12-16 00:15:00.000 -0500,Alan,455.8,91.4,0.37,4.406,9.06,7.39
2022-12-16 00:30:00.000 -0500,Alan,454.4,91.8,0.37,4.417,9.33,7.4
2022-12-16 00:45:00.000 -0500,Alan,444.0,92.0,0.36,4.331,8.64,7.4
2022-12-16 01:00:00.000 -0500,Alan,436.2,92.7,0.35,4.296,7.39,7.42
2022-12-16 01:15:00.000 -0500,Alan,421.4,92.5,0.34,4.257,6.55,7.43
2022-12-16 01:30:00.000 -0500,Alan,416.3,91.9,0.34,4.2,6.22,7.44
2022-12-16 01:45:00.000 -0500,Alan,427.6,93.2,0.35,4.182,7.56,7.46
2022-12-16 02:00:00.000 -0500,Alan,440.3,92.4,0.35,4.304,7.92,7.47
2022-12-16 02:15:00.000 -0500,Alan,418.9,91.7,0.34,4.176,7.06,7.47
2022-12-16 02:30:00.000 -0500,Alan,442.1,91.9,0.36,4.402,7.7,7.46
2022-12-16 02:45:00.000 -0500,Alan,447.1,91.7,0.36,4.381,7.55,7.44
2022-12-16 03:00:00.000 -0500,Alan,475.3,91.3,0.38,4.345,8.27,7.41
2022-12-16 03:15:00.000 -0500,Alan,471.4,91.6,0.38,4.051,6.52,7.37
2022-12-16 03:30:00.000 -0500,Alan,483.5,91.7,0.39,3.981,6.63,7.34
2022-12-16 03:45:00.000 -0500,Alan,475.5,91.4,0.39,3.986,6.54,7.32
2022-12-16 04:00:00.000 -0500,Alan,476.0,92.2,0.39,3.993,7.23,7.32
2022-12-16 04:15:00.000 -0500,Alan,447.8,91.8,0.36,3.997,6.48,7.32
2022-12-16 04:30:00.000 -0500,Alan,477.2,92.1,0.39,4.057,6.41,7.34
2022-12-16 04:45:00.000 -0500,Alan,465.4,92.0,0.38,4.05,6.12,7.34
2022-12-16 05:00:00.000 -0500,Alan,487.3,91.1,0.4,4.041,6.22,7.33
2022-12-16 05:15:00.000 -0500,Alan,440.8,91.4,0.36,4.011,6.34,7.34
2022-12-16 05:30:00.000 -0500,Alan,441.3,91.4,0.36,4.031,6.71,7.35
2022-12-16 05:45:00.000 -0500,Alan,437.8,91.2,0.36,4.046,6.24,7.38
2022-12-16 06:00:00.000 -0500,Alan,465.3,92.0,0.38,4.055,6.39,7.39
2022-12-16 06:15:00.000 -0500,Alan,430.4,91.5,0.35,4.075,6.25,7.4
2022-12-16 06:30:00.000 -0500,Alan,422.4,91.0,0.34,4.06,6.13,7.41
2022-12-16 06:45:00.000 -0500,Alan,426.3,91.6,0.35,4.056,6.45,7.43
2022-12-16 07:00:00.000 -0500,Alan,428.8,91.6,0.35,4.074,6.07,7.43
2022-12-16 07:15:00.000 -0500,Alan,428.1,91.6,0.35,4.079,6.4,7.43
2022-12-16 07:30:00.000 -0500,Alan,420.3,91.3,0.34,4.076,6.09,7.43
2022-12-16 07:45:00.000 -0500,Alan,420.6,91.3,0.34,4.078,6.1,7.44
2022-12-16 08:00:00.000 -0500,Alan,442.0,91.5,0.36,4.083,6.1,7.44
2022-12-16 08:15:00.000 -0500,Alan,428.1,91.2,0.35,4.076,6.11,7.44
2022-12-16 08:30:00.000 -0500,Alan,421.9,91.4,0.34,4.082,6.11,7.44
2022-12-16 08:45:00.000 -0500,Alan,432.8,90.9,0.35,4.09,6.4,7.44
2022-12-16 09:00:00.000 -0500,Alan,426.7,91.6,0.35,4.104,6.63,7.44
2022-12-16 09:15:00.000 -0500,Alan,418.3,91.3,0.34,4.094,5.86,7.45
2022-12-16 09:30:00.000 -0500,Alan,428.5,91.5,0.35,4.119,5.41,7.45
2022-12-16 09:45:00.000 -0500,Alan,420.3,91.2,0.34,4.122,4.88,7.45
2022-12-16 10:00:00.000 -0500,Alan,417.3,90.9,0.34,4.133,4.89,7.45
2022-12-16 10:15:00.000 -0500,Alan,432.8,91.8,0.35,4.142,5.1,7.46
2022-12-16 10:30:00.000 -0500,Alan,420.2,92.0,0.34,4.146,4.91,7.46
2022-12-16 10:45:00.000 -0500,Alan,438.1,91.6,0.35,4.158,5.18,7.46
2022-12-16 11:00:00.000 -0500,Alan,413.2,90.9,0.33,4.157,5.24,7.46
2022-12-16 11:15:00.000 -0500,Alan,417.9,91.0,0.34,4.158,4.73,7.46
2022-12-16 11:30:00.000 -0500,Alan,416.2,91.4,0.34,4.163,5.81,7.46
2022-12-16 11:45:00.000 -0500,Alan,420.0,91.3,0.34,4.158,5.61,7.46
2022-12-16 12:00:00.000 -0500,Alan,412.2,91.5,0.33,4.179,5.36,7.46
2022-12-16 12:15:00.000 -0500,Alan,411.1,91.2,0.33,4.182,5.19,7.47
2022-12-16 12:30:00.000 -0500,Alan,416.6,91.3,0.34,4.214,5.18,7.47
2022-12-16 12:45:00.000 -0500,Alan,404.9,92.2,0.33,4.227,5.64,7.47
2022-12-16 13:00:00.000 -0500,Alan,405.4,91.7,0.33,4.244,5.31,7.48
2022-12-16 13:15:00.000 -0500,Alan,412.2,93.5,0.33,4.281,5.26,7.49
2022-12-16 13:30:00.000 -0500,Alan,413.0,92.9,0.33,4.256,7.37,7.49
2022-12-16 13:45:00.000 -0500,Alan,402.6,93.5,0.32,4.3,4.55,7.5
2022-12-16 14:00:00.000 -0500,Alan,413.2,93.7,0.33,4.29,4.95,7.51
2022-12-16 14:15:00.000 -0500,Alan,403.5,93.5,0.32,4.281,4.64,7.52
2022-12-16 14:30:00.000 -0500,Alan,408.3,94.2,0.33,4.281,4.84,7.52
2022-12-16 14:45:00.000 -0500,Alan,400.5,94.4,0.32,4.26,4.72,7.53
2022-12-16 15:00:00.000 -0500,Alan,405.5,94.4,0.33,4.269,5.24,7.53
2022-12-16 15:15:00.000 -0500,Alan,404.5,94.6,0.33,4.274,4.94,7.52
2022-12-16 15:30:00.000 -0500,Alan,404.3,94.5,0.33,4.261,5.48,7.53
2022-12-16 15:45:00.000 -0500,Alan,397.9,94.9,0.32,4.273,4.86,7.53
2022-12-16 16:00:00.000 -0500,Alan,400.6,95.0,0.32,4.307,4.71,7.54
2022-12-16 16:15:00.000 -0500,Alan,405.3,95.0,0.33,4.288,5.44,7.54
2022-12-16 16:30:00.000 -0500,Alan,405.1,95.2,0.33,4.3,4.98,7.54
2022-12-16 16:45:00.000 -0500,Alan,404.1,94.1,0.32,4.294,4.81,7.53
2022-12-16 17:00:00.000 -0500,Alan,403.2,94.8,0.32,4.304,5.42,7.52
2022-12-16 17:15:00.000 -0500,Alan,402.7,94.8,0.32,4.306,5.07,7.53
2022-12-16 17:30:00.000 -0500,Alan,396.6,94.6,0.32,4.304,5.77,7.53
2022-12-16 17:45:00.000 -0500,Alan,400.2,93.8,0.32,4.338,5.09,7.53
2022-12-16 18:00:00.000 -0500,Alan,404.5,94.1,0.32,4.34,5.03,7.53
2022-12-16 18:15:00.000 -0500,Alan,404.3,94.5,0.33,4.283,5.18,7.53
2022-12-16 18:30:00.000 -0500,Alan,403.9,94.2,0.32,4.302,6.31,7.53
2022-12-16 18:45:00.000 -0500,Alan,396.9,93.6,0.32,4.291,4.7,7.53
2022-12-16 19:00:00.000 -0500,Alan,401.8,93.7,0.32,4.306,4.84,7.53
2022-12-16 19:15:00.000 -0500,Alan,410.6,93.6,0.33,4.33,5.43,7.53
2022-12-16 19:30:00.000 -0500,Alan,396.2,93.6,0.32,4.289,4.83,7.53
2022-12-16 19:45:00.000 -0500,Alan,399.1,93.9,0.32,4.306,5.83,7.53
2022-12-16 20:00:00.000 -0500,Alan,396.0,94.0,0.32,4.281,7.63,7.53
2022-12-16 20:15:00.000 -0500,Alan,392.4,94.1,0.32,4.255,13.84,7.53
2022-12-16 20:30:00.000 -0500,Alan,395.5,93.8,0.32,4.26,6.25,7.53
2022-12-16 20:45:00.000 -0500,Alan,397.0,93.1,0.32,4.263,6.05,7.53
2022-12-16 21:00:00.000 -0500,Alan,400.2,93.8,0.32,4.286,5.16,7.53
2022-12-16 21:15:00.000 -0500,Alan,400.9,93.8,0.32,4.304,4.71,7.52
2022-12-16 21:30:00.000 -0500,Alan,398.8,93.5,0.32,4.289,4.67,7.52
2022-12-16 21:45:00.000 -0500,Alan,398.6,93.3,0.32,4.278,4.89,7.52
2022-12-16 22:00:00.000 -0500,Alan,397.2,93.5,0.32,4.264,4.96,7.52
2022-12-16 22:15:00.000 -0500,Alan,393.9,93.4,0.32,4.264,4.81,7.52
2022-12-16 22:30:00.000 -0500,Alan,395.6,93.8,0.32,4.268,4.83,7.52
2022-12-16 22:45:00.000 -0500,Alan,400.2,93.6,0.32,4.29,5.66,7.52
2022-12-16 23:00:00.000 -0500,Alan,401.3,93.6,0.32,4.299,5.25,7.52
2022-12-16 23:15:00.000 -0500,Alan,396.3,93.8,0.32,4.328,5.34,7.52
2022-12-16 23:30:00.000 -0500,Alan,399.2,93.9,0.32,4.301,5.15,7.52
2022-12-16 23:45:00.000 -0500,Alan,397.0,93.1,0.32,4.301,5.73,7.52
2022-12-17 00:00:00.000 -0500,Alan,400.8,92.8,0.32,4.303,4.81,7.51
2022-12-17 00:15:00.000 -0500,Alan,400.5,92.5,0.32,4.306,4.82,7.51
2022-12-17 00:30:00.000 -0500,Alan,401.7,93.3,0.32,4.315,5.17,7.51
2022-12-17 00:45:00.000 -0500,Alan,402.3,92.9,0.32,4.323,4.94,7.51
2022-12-17 01:00:00.000 -0500,Alan,400.9,92.3,0.32,4.317,4.95,7.51
2022-12-17 01:15:00.000 -0500,Alan,403.6,92.4,0.32,4.324,4.88,7.51
2022-12-17 01:30:00.000 -0500,Alan,402.7,92.3,0.32,4.315,4.96,7.51
2022-12-17 01:45:00.000 -0500,Alan,401.5,91.7,0.32,4.315,5.02,7.5
2022-12-17 02:00:00.000 -0500,Alan,399.7,90.8,0.32,4.311,4.95,7.5
2022-12-17 02:15:00.000 -0500,Alan,398.0,90.6,0.32,4.305,4.96,7.49
2022-12-17 02:30:00.000 -0500,Alan,398.2,90.4,0.32,4.3,5.01,7.5
2022-12-17 02:45:00.000 -0500,Alan,397.7,89.1,0.32,4.307,5.01,7.5
2022-12-17 03:00:00.000 -0500,Alan,399.8,91.9,0.32,4.317,5.31,7.5
2022-12-17 03:15:00.000 -0500,Alan,400.1,91.3,0.32,4.333,5.22,7.5
2022-12-17 03:30:00.000 -0500,Alan,402.2,92.3,0.32,4.333,5.09,7.49
2022-12-17 03:45:00.000 -0500,Alan,401.4,92.6,0.32,4.352,5.32,7.49
2022-12-17 04:00:00.000 -0500,Alan,408.1,93.0,0.33,4.358,5.63,7.49
2022-12-17 04:15:00.000 -0500,Alan,406.5,92.0,0.33,4.372,7.12,7.5
2022-12-17 04:30:00.000 -0500,Alan,403.3,92.9,0.32,4.344,9.69,7.5
2022-12-17 04:45:00.000 -0500,Alan,415.9,92.6,0.33,4.389,5.07,7.5
2022-12-17 05:00:00.000 -0500,Alan,409.5,92.3,0.33,4.378,5.1,7.5
2022-12-17 05:15:00.000 -0500,Alan,411.2,92.8,0.33,4.388,4.85,7.5
2022-12-17 05:30:00.000 -0500,Alan,403.5,91.9,0.32,4.397,4.13,7.5
2022-12-17 05:45:00.000 -0500,Alan,414.1,91.7,0.33,4.414,4.06,7.49
2022-12-17 06:00:00.000 -0500,Alan,405.5,91.7,0.33,4.38,4.04,7.48
2022-12-17 06:15:00.000 -0500,Alan,403.5,91.0,0.32,4.36,3.76,7.48
2022-12-17 06:30:00.000 -0500,Alan,401.5,90.7,0.32,4.352,4.2,7.48
2022-12-17 06:45:00.000 -0500,Alan,401.0,90.8,0.32,4.382,3.76,7.47
2022-12-17 07:00:00.000 -0500,Alan,403.2,89.2,0.32,4.425,3.81,7.46
2022-12-17 07:15:00.000 -0500,Alan,403.3,90.6,0.32,4.392,3.75,7.46
2022-12-17 07:30:00.000 -0500,Alan,405.0,89.8,0.32,4.413,3.69,7.45
2022-12-17 07:45:00.000 -0500,Alan,405.4,90.4,0.32,4.422,3.59,7.44
2022-12-17 08:00:00.000 -0500,Alan,400.3,90.1,0.32,4.436,4.27,7.44
2022-12-17 08:15:00.000 -0500,Alan,402.7,89.9,0.32,4.443,4.33,7.43
2022-12-17 08:30:00.000 -0500,Alan,405.5,91.0,0.32,4.461,3.96,7.44
2022-12-17 08:45:00.000 -0500,Alan,418.5,91.4,0.34,4.423,3.73,7.45
2022-12-17 09:00:00.000 -0500,Alan,407.7,91.0,0.33,4.382,3.83,7.45
2022-12-17 09:15:00.000 -0500,Alan,400.8,90.6,0.32,4.351,4.01,7.45
2022-12-17 09:30:00.000 -0500,Alan,383.4,89.7,0.31,4.218,4.45,7.45
2022-12-17 09:45:00.000 -0500,Alan,388.0,89.5,0.31,4.166,4.16,7.43
2022-12-17 10:00:00.000 -0500,Alan,379.6,89.1,0.31,3.953,4.28,7.42
2022-12-17 10:15:00.000 -0500,Alan,370.5,89.4,0.3,4.004,4.28,7.41
2022-12-17 10:30:00.000 -0500,Alan,388.3,90.0,0.31,4.208,4.06,7.4
2022-12-17 10:45:00.000 -0500,Alan,392.9,90.6,0.32,4.25,4.15,7.41
2022-12-17 11:00:00.000 -0500,Alan,399.3,90.3,0.32,4.407,4.06,7.42
2022-12-17 11:15:00.000 -0500,Alan,402.7,90.8,0.32,4.417,3.72,7.43
2022-12-17 11:30:00.000 -0500,Alan,410.5,92.0,0.33,4.473,3.89,7.45
2022-12-17 11:45:00.000 -0500,Alan,403.5,92.6,0.32,4.514,3.71,7.47
2022-12-17 12:00:00.000 -0500,Alan,407.6,93.3,0.33,4.552,3.77,7.48
2022-12-17 12:15:00.000 -0500,Alan,400.4,93.7,0.32,4.62,3.91,7.49
2022-12-17 12:30:00.000 -0500,Alan,403.5,94.1,0.32,4.631,3.96,7.49
2022-12-17 12:45:00.000 -0500,Alan,405.6,95.0,0.32,4.694,3.75,7.5
2022-12-17 13:00:00.000 -0500,Alan,408.7,95.6,0.32,4.807,3.8,7.5
2022-12-17 13:15:00.000 -0500,Alan,409.0,96.4,0.32,4.968,4.12,7.5
2022-12-17 13:30:00.000 -0500,Alan,412.6,96.4,0.33,4.963,4.11,7.5
2022-12-17 13:45:00.000 -0500,Alan,409.2,97.2,0.32,5.014,3.97,7.51
2022-12-17 14:00:00.000 -0500,Alan,409.2,97.1,0.32,5.05,3.89,7.51
2022-12-17 14:15:00.000 -0500,Alan,408.0,97.8,0.32,5.057,3.92,7.52
2022-12-17 14:30:00.000 -0500,Alan,403.8,97.9,0.32,5.07,4.08,7.51
2022-12-17 14:45:00.000 -0500,Alan,407.1,98.2,0.32,5.075,3.87,7.51
2022-12-17 15:00:00.000 -0500,Alan,407.8,98.6,0.32,5.119,3.95,7.51
2022-12-17 15:15:00.000 -0500,Alan,407.6,98.7,0.32,5.101,3.81,7.52
2022-12-17 15:30:00.000 -0500,Alan,406.0,98.5,0.32,5.089,3.89,7.52
2022-12-17 15:45:00.000 -0500,Alan,406.2,99.4,0.32,5.098,3.87,7.52
2022-12-17 16:00:00.000 -0500,Alan,402.6,98.6,0.32,5.064,3.94,7.52
2022-12-17 16:15:00.000 -0500,Alan,408.8,99.2,0.32,5.072,3.94,7.52
2022-12-17 16:30:00.000 -0500,Alan,407.0,98.6,0.32,5.059,3.87,7.52
2022-12-17 16:45:00.000 -0500,Alan,409.5,98.1,0.32,5.117,3.97,7.5
2022-12-17 17:00:00.000 -0500,Alan,407.2,98.0,0.32,5.13,3.99,7.49
2022-12-17 17:15:00.000 -0500,Alan,412.5,97.5,0.32,5.162,3.96,7.48
2022-12-17 17:30:00.000 -0500,Alan,406.9,97.2,0.32,5.084,3.98,7.48
2022-12-17 17:45:00.000 -0500,Alan,413.0,97.2,0.32,5.138,4.07,7.48
2022-12-17 18:00:00.000 -0500,Alan,408.9,96.6,0.32,5.111,4.27,7.46
2022-12-17 18:15:00.000 -0500,Alan,411.4,95.2,0.32,5.016,4.65,7.45
2022-12-17 18:30:00.000 -0500,Alan,422.0,96.0,0.33,5.121,4.45,7.44
2022-12-17 18:45:00.000 -0500,Alan,410.2,95.9,0.32,5.017,4.34,7.45
2022-12-17 19:00:00.000 -0500,Alan,426.2,95.8,0.33,5.148,4.5,7.45
2022-12-17 19:15:00.000 -0500,Alan,409.1,94.7,0.32,4.984,4.49,7.45
2022-12-17 19:30:00.000 -0500,Alan,416.3,95.3,0.33,4.963,4.28,7.45
2022-12-17 19:45:00.000 -0500,Alan,400.0,96.5,0.32,4.951,4.57,7.47
2022-12-17 20:00:00.000 -0500,Alan,397.9,94.5,0.31,4.904,4.53,7.47
2022-12-17 20:15:00.000 -0500,Alan,402.4,96.1,0.32,4.936,4.2,7.47
2022-12-17 20:30:00.000 -0500,Alan,414.4,95.7,0.33,5.014,4.21,7.47
2022-12-17 20:45:00.000 -0500,Alan,399.8,95.4,0.31,4.963,4.18,7.47
2022-12-17 21:00:00.000 -0500,Alan,421.5,96.0,0.33,5.038,4.48,7.46
2022-12-17 21:15:00.000 -0500,Alan,403.7,94.4,0.32,4.949,4.26,7.46
2022-12-17 21:30:00.000 -0500,Alan,408.1,94.5,0.32,5.007,4.37,7.45
2022-12-17 21:45:00.000 -0500,Alan,397.8,94.7,0.31,4.911,4.57,7.46
2022-12-17 22:00:00.000 -0500,Alan,398.0,94.1,0.31,4.909,4.28,7.45
2022-12-17 22:15:00.000 -0500,Alan,409.2,93.8,0.32,4.998,4.42,7.45
2022-12-17 22:30:00.000 -0500,Alan,392.7,93.2,0.31,4.921,4.49,7.45
2022-12-17 22:45:00.000 -0500,Alan,401.1,94.3,0.32,4.963,4.39,7.44
2022-12-17 23:00:00.000 -0500,Alan,391.6,92.7,0.31,4.831,4.45,7.44
2022-12-17 23:15:00.000 -0500,Alan,391.1,92.4,0.31,4.83,4.67,7.44
2022-12-17 23:30:00.000 -0500,Alan,389.6,90.7,0.31,4.809,4.57,7.44
2022-12-17 23:45:00.000 -0500,Alan,387.9,91.6,0.31,4.805,4.35,7.43
2022-12-18 00:00:00.000 -0500,Alan,389.2,89.9,0.31,4.809,4.47,7.43
2022-12-18 00:15:00.000 -0500,Alan,390.8,91.7,0.31,4.847,4.5,7.42
2022-12-18 00:30:00.000 -0500,Alan,389.5,90.9,0.31,4.835,4.2,7.42
2022-12-18 00:45:00.000 -0500,Alan,394.0,89.2,0.31,4.822,4.41,7.42
2022-12-18 01:00:00.000 -0500,Alan,407.9,89.1,0.32,4.956,4.38,7.39
2022-12-18 01:15:00.000 -0500,Alan,409.3,89.0,0.32,4.962,4.47,7.38
2022-12-18 01:30:00.000 -0500,Alan,423.9,88.2,0.33,5.035,4.03,7.36
2022-12-18 01:45:00.000 -0500,Alan,421.0,86.9,0.33,5.077,4.3,7.34
2022-12-18 02:00:00.000 -0500,Alan,419.9,86.1,0.33,5.041,4.47,7.33
2022-12-18 02:15:00.000 -0500,Alan,406.2,88.0,0.32,4.843,4.31,7.35
2022-12-18 02:30:00.000 -0500,Alan,402.4,89.5,0.32,4.699,4.83,7.36
2022-12-18 02:45:00.000 -0500,Alan,406.6,89.3,0.32,4.851,4.46,7.36
2022-12-18 03:00:00.000 -0500,Alan,409.2,88.6,0.32,4.843,4.75,7.37
2022-12-18 03:15:00.000 -0500,Alan,405.9,87.5,0.32,4.797,5.05,7.36
2022-12-18 03:30:00.000 -0500,Alan,402.0,86.7,0.32,4.752,4.3,7.36
2022-12-18 03:45:00.000 -0500,Alan,403.1,85.5,0.32,4.766,4.14,7.35
2022-12-18 04:00:00.000 -0500,Alan,405.4,84.4,0.32,4.807,4.16,7.34
2022-12-18 04:15:00.000 -0500,Alan,407.0,83.9,0.32,4.823,4.15,7.33
2022-12-18 04:30:00.000 -0500,Alan,407.6,83.5,0.32,4.83,4.32,7.32
2022-12-18 04:45:00.000 -0500,Alan,407.6,82.6,0.32,4.831,4.39,7.32
2022-12-18 05:00:00.000 -0500,Alan,408.0,82.0,0.32,4.846,4.18,7.31
2022-12-18 05:15:00.000 -0500,Alan,408.8,81.5,0.32,4.869,4.19,7.31
2022-12-18 05:30:00.000 -0500,Alan,409.5,82.5,0.32,4.892,4.01,7.32
2022-12-18 05:45:00.000 -0500,Alan,409.9,83.0,0.32,4.892,3.94,7.32
2022-12-18 06:00:00.000 -0500,Alan,408.5,83.3,0.32,4.867,3.94,7.33
2022-12-18 06:15:00.000 -0500,Alan,408.5,83.1,0.32,4.864,3.93,7.33
2022-12-18 06:30:00.000 -0500,Alan,407.1,84.1,0.32,4.857,4.02,7.33
2022-12-18 06:45:00.000 -0500,Alan,409.5,85.1,0.32,4.888,3.75,7.33
2022-12-18 07:00:00.000 -0500,Alan,408.5,84.8,0.32,4.908,3.71,7.34
2022-12-18 07:15:00.000 -0500,Alan,408.1,84.4,0.32,4.919,3.72,7.34
2022-12-18 07:30:00.000 -0500,Alan,408.6,85.2,0.32,4.924,3.86,7.34
2022-12-18 07:45:00.000 -0500,Alan,408.9,84.6,0.32,4.926,4.1,7.35
2022-12-18 08:00:00.000 -0500,Alan,409.8,84.6,0.32,4.924,3.76,7.35
2022-12-18 08:15:00.000 -0500,Alan,409.1,84.4,0.32,4.924,3.87,7.35
2022-12-18 08:30:00.000 -0500,Alan,408.9,84.9,0.32,4.929,3.79,7.35
2022-12-18 08:45:00.000 -0500,Alan,407.8,85.2,0.32,4.921,3.66,7.35
2022-12-18 09:00:00.000 -0500,Alan,410.1,86.8,0.32,4.921,3.93,7.35
2022-12-18 09:15:00.000 -0500,Alan,407.7,85.8,0.32,4.919,3.69,7.35
2022-12-18 09:30:00.000 -0500,Alan,406.7,87.1,0.32,4.922,3.79,7.36
2022-12-18 09:45:00.000 -0500,Alan,407.2,87.8,0.32,4.927,3.61,7.36
2022-12-18 10:00:00.000 -0500,Alan,406.7,89.4,0.32,4.934,4.1,7.37
2022-12-18 10:15:00.000 -0500,Alan,405.4,91.0,0.32,4.94,4.13,7.38
2022-12-18 10:30:00.000 -0500,Alan,405.1,92.8,0.32,4.962,4.02,7.4
2022-12-18 10:45:00.000 -0500,Alan,406.6,92.9,0.32,4.972,3.92,7.41
2022-12-18 11:00:00.000 -0500,Alan,405.4,93.1,0.32,4.977,3.77,7.41
2022-12-18 11:15:00.000 -0500,Alan,403.6,93.4,0.32,4.975,3.93,7.42
2022-12-18 11:30:00.000 -0500,Alan,402.4,93.5,0.32,4.955,4.17,7.43
2022-12-18 11:45:00.000 -0500,Alan,402.9,93.8,0.32,4.938,4.15,7.43
2022-12-18 12:00:00.000 -0500,Alan,402.4,94.1,0.32,4.953,4.14,7.43
2022-12-18 12:15:00.000 -0500,Alan,402.1,94.6,0.32,4.927,4.14,7.44
2022-12-18 12:30:00.000 -0500,Alan,401.8,94.9,0.32,4.884,4.46,7.44
2022-12-18 12:45:00.000 -0500,Alan,405.5,94.2,0.32,4.859,4.45,7.44
2022-12-18 13:00:00.000 -0500,Alan,405.1,94.4,0.32,4.871,4.6,7.44
2022-12-18 13:15:00.000 -0500,Alan,408.0,94.9,0.32,4.884,4.59,7.44
2022-12-18 13:30:00.000 -0500,Alan,407.6,94.8,0.32,4.933,4.82,7.44
2022-12-18 13:45:00.000 -0500,Alan,400.9,95.2,0.32,4.938,4.32,7.44
2022-12-18 14:00:00.000 -0500,Alan,399.9,96.2,0.32,4.952,4.38,7.45
2022-12-18 14:15:00.000 -0500,Alan,399.8,96.0,0.32,4.862,4.28,7.45
2022-12-18 14:30:00.000 -0500,Alan,408.6,96.9,0.32,4.854,4.47,7.46
2022-12-18 14:45:00.000 -0500,Alan,393.2,96.9,0.31,4.805,4.33,7.46
2022-12-18 15:00:00.000 -0500,Alan,397.8,98.0,0.31,4.815,4.16,7.47
2022-12-18 15:15:00.000 -0500,Alan,402.2,97.3,0.32,4.875,4.15,7.47
2022-12-18 15:30:00.000 -0500,Alan,398.7,97.4,0.32,4.834,4.25,7.47
2022-12-18 15:45:00.000 -0500,Alan,403.0,98.2,0.32,4.901,4.25,7.47
2022-12-18 16:00:00.000 -0500,Alan,411.8,98.1,0.32,5.03,4.82,7.46
2022-12-18 16:15:00.000 -0500,Alan,400.2,98.0,0.32,4.953,4.56,7.46
2022-12-18 16:30:00.000 -0500,Alan,399.5,97.9,0.31,4.995,4.34,7.46
2022-12-18 16:45:00.000 -0500,Alan,406.3,98.9,0.32,5.135,4.65,7.45
2022-12-18 17:00:00.000 -0500,Alan,410.9,98.6,0.32,5.134,4.37,7.45
2022-12-18 17:15:00.000 -0500,Alan,417.2,99.1,0.33,5.142,5.21,7.45
2022-12-18 17:30:00.000 -0500,Alan,406.1,99.1,0.32,5.099,4.89,7.44
2022-12-18 17:45:00.000 -0500,Alan,413.2,99.5,0.32,5.194,5.07,7.43
2022-12-18 18:00:00.000 -0500,Alan,411.4,99.2,0.32,5.147,4.85,7.42
2022-12-18 18:15:00.000 -0500,Alan,409.8,98.8,0.32,5.139,4.89,7.43
2022-12-18 18:30:00.000 -0500,Alan,409.5,98.3,0.32,5.154,4.42,7.43
2022-12-18 18:45:00.000 -0500,Alan,415.7,98.1,0.33,5.207,4.61,7.43
2022-12-18 19:00:00.000 -0500,Alan,416.6,98.0,0.33,5.223,4.71,7.42
2022-12-18 19:15:00.000 -0500,Alan,416.6,98.0,0.33,5.215,4.65,7.42
2022-12-18 19:30:00.000 -0500,Alan,414.6,97.8,0.32,5.207,4.98,7.42
2022-12-18 19:45:00.000 -0500,Alan,412.4,97.9,0.32,5.211,4.57,7.43
2022-12-18 20:00:00.000 -0500,Alan,413.3,97.1,0.32,5.228,4.53,7.42
2022-12-18 20:15:00.000 -0500,Alan,413.9,97.7,0.32,5.231,4.88,7.43
2022-12-18 20:30:00.000 -0500,Alan,415.6,97.2,0.33,5.23,4.6,7.42
2022-12-18 20:45:00.000 -0500,Alan,413.0,98.2,0.32,5.199,5.45,7.4
2022-12-18 21:00:00.000 -0500,Alan,415.2,99.1,0.33,5.15,6.24,7.39
2022-12-18 21:15:00.000 -0500,Alan,410.1,99.0,0.32,5.061,6.41,7.37
2022-12-18 21:30:00.000 -0500,Alan,410.3,96.0,0.32,5.093,5.49,7.36
2022-12-18 21:45:00.000 -0500,Alan,401.3,94.2,0.32,4.904,6.09,7.36
2022-12-18 22:00:00.000 -0500,Alan,405.3,94.6,0.32,4.999,6.41,7.36
2022-12-18 22:15:00.000 -0500,Alan,399.4,97.9,0.32,4.878,7.64,7.35
2022-12-18 22:30:00.000 -0500,Alan,393.9,94.5,0.31,4.682,6.73,7.34
2022-12-18 22:45:00.000 -0500,Alan,394.4,92.8,0.31,4.579,8.21,7.33
2022-12-18 23:00:00.000 -0500,Alan,393.3,93.4,0.31,4.494,9.33,7.33
2022-12-18 23:15:00.000 -0500,Alan,391.2,94.4,0.31,4.518,7.43,7.34
2022-12-18 23:30:00.000 -0500,Alan,397.2,93.0,0.32,4.431,8.58,7.34
2022-12-18 23:45:00.000 -0500,Alan,387.5,93.0,0.31,4.332,10.56,7.35
2022-12-19 00:00:00.000 -0500,Alan,387.8,92.5,0.31,4.327,8.98,7.35
2022-12-19 00:15:00.000 -0500,Alan,386.1,91.6,0.31,4.26,10.34,7.36
2022-12-19 00:30:00.000 -0500,Alan,383.9,90.1,0.31,4.292,8.94,7.35
2022-12-19 00:45:00.000 -0500,Alan,385.6,87.7,0.31,4.124,9.61,7.35
2022-12-19 01:00:00.000 -0500,Alan,384.3,88.8,0.31,4.18,9.81,7.34
2022-12-19 01:15:00.000 -0500,Alan,384.2,88.8,0.31,4.202,8.58,7.34
2022-12-19 01:30:00.000 -0500,Alan,384.0,89.0,0.31,4.147,9.03,7.35
2022-12-19 01:45:00.000 -0500,Alan,384.1,88.5,0.31,4.185,9.27,7.35
2022-12-19 02:00:00.000 -0500,Alan,384.3,88.2,0.31,4.204,9.14,7.34
2022-12-19 02:15:00.000 -0500,Alan,384.5,88.2,0.31,4.174,9.48,7.34
2022-12-19 02:30:00.000 -0500,Alan,385.4,87.3,0.31,4.223,8.31,7.34
2022-12-19 02:45:00.000 -0500,Alan,385.6,87.0,0.31,4.23,7.94,7.33
2022-12-19 03:00:00.000 -0500,Alan,384.1,85.5,0.31,4.137,9.33,7.32
2022-12-19 03:15:00.000 -0500,Alan,384.4,86.1,0.31,4.131,9.11,7.32
2022-12-19 03:30:00.000 -0500,Alan,384.5,86.6,0.31,4.152,8.29,7.32
2022-12-19 03:45:00.000 -0500,Alan,385.3,85.6,0.31,4.116,8.31,7.32
2022-12-19 04:00:00.000 -0500,Alan,386.5,87.2,0.31,4.183,9.44,7.32
2022-12-19 04:15:00.000 -0500,Alan,389.1,88.9,0.31,4.239,8.34,7.33
2022-12-19 04:30:00.000 -0500,Alan,392.7,88.9,0.32,4.313,7.87,7.34
2022-12-19 04:45:00.000 -0500,Alan,391.1,89.6,0.31,4.345,8.02,7.35
2022-12-19 05:00:00.000 -0500,Alan,392.1,89.4,0.31,4.309,7.7,7.35
2022-12-19 05:15:00.000 -0500,Alan,391.2,90.8,0.31,4.371,7.61,7.36
2022-12-19 05:30:00.000 -0500,Alan,392.1,90.1,0.31,4.293,7.55,7.37
2022-12-19 05:45:00.000 -0500,Alan,393.3,90.0,0.32,4.296,7.17,7.37
2022-12-19 06:00:00.000 -0500,Alan,394.7,91.0,0.32,4.33,8.31,7.37
2022-12-19 06:15:00.000 -0500,Alan,391.7,90.3,0.31,4.295,7.96,7.37
2022-12-19 06:30:00.000 -0500,Alan,393.9,90.5,0.32,4.296,7.55,7.37
2022-12-19 06:45:00.000 -0500,Alan,393.7,91.3,0.32,4.237,7.31,7.37
2022-12-19 07:00:00.000 -0500,Alan,390.6,90.9,0.31,4.27,7.02,7.37
2022-12-19 07:15:00.000 -0500,Alan,394.2,91.0,0.32,4.26,7.37,7.38
2022-12-19 07:30:00.000 -0500,Alan,391.9,90.6,0.32,4.215,7.2,7.38
2022-12-19 07:45:00.000 -0500,Alan,389.0,89.8,0.31,4.147,8.24,7.38
2022-12-19 08:00:00.000 -0500,Alan,391.1,90.8,0.31,4.201,8.23,7.37
2022-12-19 08:15:00.000 -0500,Alan,390.1,90.2,0.31,4.164,6.71,7.38
2022-12-19 08:30:00.000 -0500,Alan,392.2,91.0,0.32,4.183,7.36,7.39
2022-12-19 08:45:00.000 -0500,Alan,393.4,90.3,0.32,4.194,7.6,7.38
2022-12-19 09:00:00.000 -0500,Alan,391.3,91.3,0.32,4.155,7.72,7.38
2022-12-19 09:15:00.000 -0500,Alan,391.9,90.5,0.32,4.171,7.65,7.37
2022-12-19 09:30:00.000 -0500,Alan,392.3,89.7,0.32,4.138,7.45,7.37
2022-12-19 09:45:00.000 -0500,Alan,394.4,89.8,0.32,4.169,7.26,7.36
2022-12-19 10:00:00.000 -0500,Alan,389.4,90.3,0.31,4.128,7.23,7.36
2022-12-19 10:15:00.000 -0500,Alan,394.2,90.4,0.32,4.168,7.56,7.36
2022-12-19 10:30:00.000 -0500,Alan,395.0,90.3,0.32,4.14,7.74,7.37
2022-12-19 10:45:00.000 -0500,Alan,395.7,90.2,0.32,4.11,7.46,7.36
2022-12-19 11:00:00.000 -0500,Alan,393.7,92.3,0.32,4.111,7.44,7.38
2022-12-19 11:15:00.000 -0500,Alan,389.9,93.8,0.32,4.08,7.1,7.39
2022-12-19 11:30:00.000 -0500,Alan,393.2,94.4,0.32,4.12,6.95,7.4
2022-12-19 11:45:00.000 -0500,Alan,389.7,94.8,0.31,4.107,6.99,7.41
2022-12-19 12:00:00.000 -0500,Alan,389.5,95.6,0.31,4.123,7.1,7.42
2022-12-19 12:15:00.000 -0500,Alan,401.5,96.6,0.32,4.173,6.74,7.43
2022-12-19 12:30:00.000 -0500,Alan,393.5,97.1,0.32,4.205,6.81,7.44
2022-12-19 12:45:00.000 -0500,Alan,395.3,98.2,0.32,4.261,6.95,7.45
2022-12-19 13:00:00.000 -0500,Alan,389.3,97.8,0.31,4.257,6.96,7.45
2022-12-19 13:15:00.000 -0500,Alan,392.5,98.5,0.32,4.315,6.57,7.46
2022-12-19 13:30:00.000 -0500,Alan,390.3,99.5,0.31,4.372,6.64,7.46
2022-12-19 13:45:00.000 -0500,Alan,393.0,100.0,0.31,4.371,6.86,7.47
2022-12-19 14:00:00.000 -0500,Alan,391.1,100.3,0.31,4.405,7.25,7.48
2022-12-19 14:15:00.000 -0500,Alan,391.9,100.8,0.31,4.394,6.95,7.48
2022-12-19 14:30:00.000 -0500,Alan,398.3,100.6,0.32,4.428,7.05,7.48
2022-12-19 14:45:00.000 -0500,Alan,388.2,101.0,0.31,4.339,7.01,7.49
2022-12-19 15:00:00.000 -0500,Alan,392.5,103.1,0.31,4.419,6.76,7.49
2022-12-19 15:15:00.000 -0500,Alan,389.4,102.9,0.31,4.396,6.65,7.49
2022-12-19 15:30:00.000 -0500,Alan,396.1,103.0,0.32,4.399,7.03,7.49
2022-12-19 15:45:00.000 -0500,Alan,395.2,102.4,0.32,4.433,6.64,7.48
2022-12-19 16:00:00.000 -0500,Alan,395.7,102.5,0.32,4.42,7.11,7.48
2022-12-19 16:15:00.000 -0500,Alan,396.9,102.5,0.32,4.477,6.6,7.48
2022-12-19 16:30:00.000 -0500,Alan,400.7,102.9,0.32,4.492,5.36,7.47
2022-12-19 16:45:00.000 -0500,Alan,403.4,103.5,0.32,4.523,5.25,7.47
2022-12-19 17:00:00.000 -0500,Alan,401.6,103.5,0.32,4.471,5.45,7.46
2022-12-19 17:15:00.000 -0500,Alan,405.0,103.3,0.32,4.545,5.16,7.46
2022-12-19 17:30:00.000 -0500,Alan,403.4,102.8,0.32,4.54,5.25,7.45
2022-12-19 17:45:00.000 -0500,Alan,399.5,102.6,0.32,4.52,5.3,7.46
2022-12-19 18:00:00.000 -0500,Alan,413.7,101.8,0.33,4.644,5.2,7.44
2022-12-19 18:15:00.000 -0500,Alan,402.3,102.0,0.32,4.497,5.81,7.45
2022-12-19 18:30:00.000 -0500,Alan,399.8,101.4,0.32,4.462,5.55,7.44
2022-12-19 18:45:00.000 -0500,Alan,406.4,101.9,0.32,4.62,5.24,7.44
2022-12-19 19:00:00.000 -0500,Alan,409.0,101.5,0.33,4.677,5.33,7.43
2022-12-19 19:15:00.000 -0500,Alan,399.1,101.3,0.32,4.504,5.17,7.44
2022-12-19 19:30:00.000 -0500,Alan,401.6,101.4,0.32,4.517,5.44,7.45
2022-12-19 19:45:00.000 -0500,Alan,406.8,100.9,0.32,4.569,5.53,7.44
2022-12-19 20:00:00.000 -0500,Alan,401.9,100.9,0.32,4.446,5.54,7.45
2022-12-19 20:15:00.000 -0500,Alan,393.6,101.0,0.31,4.444,5.5,7.45
2022-12-19 20:30:00.000 -0500,Alan,399.8,101.5,0.32,4.47,5.41,7.45
2022-12-19 20:45:00.000 -0500,Alan,395.0,101.3,0.32,4.36,5.45,7.45
2022-12-19 21:00:00.000 -0500,Alan,396.1,100.9,0.32,4.404,5.85,7.44
2022-12-19 21:15:00.000 -0500,Alan,397.5,101.3,0.32,4.386,5.68,7.45
2022-12-19 21:30:00.000 -0500,Alan,400.5,101.5,0.32,4.509,5.63,7.45
2022-12-19 21:45:00.000 -0500,Alan,395.1,100.9,0.32,4.397,5.67,7.46
2022-12-19 22:00:00.000 -0500,Alan,394.4,101.2,0.32,4.289,5.9,7.45
2022-12-19 22:15:00.000 -0500,Alan,398.4,101.7,0.32,4.482,5.52,7.45
2022-12-19 22:30:00.000 -0500,Alan,393.2,101.3,0.32,4.366,5.54,7.46
2022-12-19 22:45:00.000 -0500,Alan,396.2,101.5,0.32,4.396,5.23,7.46
2022-12-19 23:00:00.000 -0500,Alan,391.5,101.3,0.32,4.196,5.48,7.47
2022-12-19 23:15:00.000 -0500,Alan,394.1,101.3,0.32,4.298,5.56,7.47
2022-12-19 23:30:00.000 -0500,Alan,391.0,101.3,0.31,4.2,5.84,7.48
2022-12-19 23:45:00.000 -0500,Alan,396.3,101.7,0.32,4.364,5.83,7.47
2022-12-20 00:00:00.000 -0500,Alan,395.7,101.2,0.32,4.362,5.64,7.48
2022-12-20 00:15:00.000 -0500,Alan,396.7,100.5,0.32,4.394,5.68,7.48
2022-12-20 00:30:00.000 -0500,Alan,396.5,101.1,0.32,4.436,6.02,7.47
2022-12-20 00:45:00.000 -0500,Alan,398.8,102.4,0.32,4.428,5.97,7.47
2022-12-20 01:00:00.000 -0500,Alan,394.9,100.7,0.32,4.279,5.36,7.48
2022-12-20 01:15:00.000 -0500,Alan,397.1,101.0,0.32,4.411,5.82,7.47
2022-12-20 01:30:00.000 -0500,Alan,394.8,100.2,0.32,4.355,5.61,7.47
2022-12-20 01:45:00.000 -0500,Alan,393.4,101.0,0.32,4.296,5.71,7.47
2022-12-20 02:00:00.000 -0500,Alan,394.4,101.6,0.32,4.329,5.67,7.46
2022-12-20 02:15:00.000 -0500,Alan,394.7,100.8,0.32,4.286,5.67,7.47
2022-12-20 02:30:00.000 -0500,Alan,396.7,100.9,0.32,4.267,5.64,7.47
2022-12-20 02:45:00.000 -0500,Alan,397.0,100.5,0.32,4.313,6.0,7.46
2022-12-20 03:00:00.000 -0500,Alan,396.2,99.8,0.32,4.337,5.7,7.45
2022-12-20 03:15:00.000 -0500,Alan,393.2,100.4,0.32,4.252,5.88,7.46
2022-12-20 03:30:00.000 -0500,Alan,395.8,100.1,0.32,4.309,5.95,7.46
2022-12-20 03:45:00.000 -0500,Alan,396.3,100.1,0.32,4.351,6.08,7.45
2022-12-20 04:00:00.000 -0500,Alan,399.5,99.7,0.32,4.417,6.09,7.44
2022-12-20 04:15:00.000 -0500,Alan,398.4,100.2,0.32,4.41,5.82,7.44
2022-12-20 04:30:00.000 -0500,Alan,401.8,100.0,0.32,4.464,6.05,7.44
2022-12-20 04:45:00.000 -0500,Alan,398.4,98.4,0.32,4.396,5.82,7.44
2022-12-20 05:00:00.000 -0500,Alan,397.4,99.4,0.32,4.393,6.03,7.43
2022-12-20 05:15:00.000 -0500,Alan,397.1,98.5,0.32,4.387,5.96,7.43
2022-12-20 05:30:00.000 -0500,Alan,396.5,97.6,0.32,4.371,5.98,7.43
2022-12-20 05:45:00.000 -0500,Alan,397.1,98.5,0.32,4.373,5.96,7.43
2022-12-20 06:00:00.000 -0500,Alan,397.5,98.0,0.32,4.369,5.94,7.43
2022-12-20 06:15:00.000 -0500,Alan,396.8,97.2,0.32,4.36,6.05,7.42
2022-12-20 06:30:00.000 -0500,Alan,396.3,96.7,0.32,4.345,5.75,7.42
2022-12-20 06:45:00.000 -0500,Alan,396.2,97.6,0.32,4.321,6.03,7.42
2022-12-20 07:00:00.000 -0500,Alan,395.5,96.1,0.32,4.331,5.81,7.42
2022-12-20 07:15:00.000 -0500,Alan,395.8,94.1,0.32,4.326,5.59,7.41
2022-12-20 07:30:00.000 -0500,Alan,395.6,93.4,0.32,4.314,5.38,7.41
2022-12-20 07:45:00.000 -0500,Alan,394.2,92.6,0.32,4.313,5.62,7.4
2022-12-20 08:00:00.000 -0500,Alan,395.2,92.2,0.32,4.303,5.49,7.4
2022-12-20 08:15:00.000 -0500,Alan,394.5,92.2,0.32,4.272,5.73,7.4
2022-12-20 08:30:00.000 -0500,Alan,394.4,92.2,0.32,4.264,5.54,7.4
2022-12-20 08:45:00.000 -0500,Alan,394.2,92.6,0.32,4.263,5.37,7.41
2022-12-20 09:00:00.000 -0500,Alan,394.2,97.0,0.32,4.245,5.23,7.42
2022-12-20 09:15:00.000 -0500,Alan,393.2,96.7,0.32,4.21,5.52,7.43
2022-12-20 09:30:00.000 -0500,Alan,394.2,97.0,0.32,4.25,5.44,7.43
2022-12-20 09:45:00.000 -0500,Alan,395.1,95.3,0.32,4.215,5.35,7.42
2022-12-20 10:00:00.000 -0500,Alan,396.3,94.7,0.32,4.233,5.43,7.4
2022-12-20 10:15:00.000 -0500,Alan,394.5,92.1,0.32,4.139,5.3,7.39
2022-12-20 10:30:00.000 -0500,Alan,398.3,92.3,0.32,4.185,5.25,7.39
2022-12-20 10:45:00.000 -0500,Alan,396.3,93.1,0.32,4.142,5.26,7.39
2022-12-20 11:00:00.000 -0500,Alan,394.9,95.0,0.32,4.09,5.55,7.4
2022-12-20 11:15:00.000 -0500,Alan,395.6,95.2,0.32,4.143,5.68,7.41
2022-12-20 11:30:00.000 -0500,Alan,393.0,94.7,0.32,4.023,5.16,7.42
2022-12-20 11:45:00.000 -0500,Alan,392.7,98.0,0.32,4.015,5.44,7.44
2022-12-20 12:00:00.000 -0500,Alan,393.5,98.6,0.32,4.006,5.58,7.45
2022-12-20 12:15:00.000 -0500,Alan,395.9,100.0,0.32,3.994,5.15,7.47
2022-12-20 12:30:00.000 -0500,Alan,394.0,101.3,0.32,4.024,5.24,7.49
2022-12-20 12:45:00.000 -0500,Alan,395.0,100.7,0.32,4.073,5.19,7.5
2022-12-20 13:00:00.000 -0500,Alan,396.4,101.9,0.32,4.083,5.5,7.51
2022-12-20 13:15:00.000 -0500,Alan,395.8,102.1,0.32,4.12,5.4,7.51
2022-12-20 13:30:00.000 -0500,Alan,397.0,101.7,0.32,4.138,5.3,7.51
2022-12-20 13:45:00.000 -0500,Alan,402.4,103.2,0.32,4.156,5.3,7.52
2022-12-20 14:00:00.000 -0500,Alan,395.4,103.7,0.32,4.221,5.27,7.52
2022-12-20 14:15:00.000 -0500,Alan,393.6,103.6,0.32,4.251,5.38,7.53
2022-12-20 14:30:00.000 -0500,Alan,401.1,105.4,0.32,4.258,5.32,7.53
2022-12-20 14:45:00.000 -0500,Alan,412.1,106.2,0.33,4.264,5.36,7.53
2022-12-20 15:00:00.000 -0500,Alan,396.6,105.5,0.32,4.317,5.67,7.54
2022-12-20 15:15:00.000 -0500,Alan,395.5,104.1,0.32,4.261,5.78,7.54
2022-12-20 15:30:00.000 -0500,Alan,396.4,107.2,0.32,4.325,5.47,7.54
2022-12-20 15:45:00.000 -0500,Alan,396.7,108.1,0.32,4.312,5.3,7.55
2022-12-20 16:00:00.000 -0500,Alan,395.0,107.5,0.32,4.275,5.66,7.55
2022-12-20 16:15:00.000 -0500,Alan,396.8,105.5,0.32,4.272,6.02,7.54
2022-12-20 16:30:00.000 -0500,Alan,394.7,104.9,0.32,4.275,5.45,7.54
2022-12-20 16:45:00.000 -0500,Alan,393.3,105.5,0.32,4.249,6.03,7.54
2022-12-20 17:00:00.000 -0500,Alan,395.5,106.0,0.32,4.22,6.01,7.54
2022-12-20 17:15:00.000 -0500,Alan,395.1,105.5,0.32,4.153,6.0,7.54
2022-12-20 17:30:00.000 -0500,Alan,393.7,103.7,0.32,4.18,6.06,7.53
2022-12-20 17:45:00.000 -0500,Alan,396.5,104.2,0.32,4.208,5.84,7.53
2022-12-20 18:00:00.000 -0500,Alan,399.1,105.7,0.32,4.233,6.03,7.53
2022-12-20 18:15:00.000 -0500,Alan,397.9,105.8,0.32,4.262,5.89,7.53
2022-12-20 18:30:00.000 -0500,Alan,400.6,105.5,0.32,4.373,6.02,7.52
2022-12-20 18:45:00.000 -0500,Alan,402.4,105.4,0.32,4.465,5.99,7.51
2022-12-20 19:00:00.000 -0500,Alan,403.1,105.7,0.32,4.496,5.93,7.5
2022-12-20 19:15:00.000 -0500,Alan,402.4,107.3,0.32,4.459,6.2,7.5
2022-12-20 19:30:00.000 -0500,Alan,402.2,106.6,0.32,4.454,5.94,7.5
2022-12-20 19:45:00.000 -0500,Alan,404.2,105.6,0.32,4.491,6.15,7.5
2022-12-20 20:00:00.000 -0500,Alan,403.8,107.5,0.32,4.539,5.97,7.49
2022-12-20 20:15:00.000 -0500,Alan,405.2,105.7,0.32,4.569,5.83,7.48
2022-12-20 20:30:00.000 -0500,Alan,405.4,105.2,0.32,4.576,5.82,7.48
2022-12-20 20:45:00.000 -0500,Alan,406.4,105.5,0.32,4.592,5.68,7.47
2022-12-20 21:00:00.000 -0500,Alan,406.3,105.0,0.32,4.58,5.59,7.47
2022-12-20 21:15:00.000 -0500,Alan,406.2,104.9,0.32,4.604,5.48,7.47
2022-12-20 21:30:00.000 -0500,Alan,407.2,106.0,0.32,4.608,5.46,7.46
2022-12-20 21:45:00.000 -0500,Alan,407.4,107.1,0.32,4.616,5.42,7.46
2022-12-20 22:00:00.000 -0500,Alan,405.9,107.0,0.32,4.578,5.55,7.46
2022-12-20 22:15:00.000 -0500,Alan,404.3,105.6,0.32,4.52,5.73,7.46
2022-12-20 22:30:00.000 -0500,Alan,403.1,102.2,0.32,4.473,5.81,7.46
2022-12-20 22:45:00.000 -0500,Alan,402.6,100.8,0.32,4.449,5.79,7.45
2022-12-20 23:00:00.000 -0500,Alan,402.2,100.0,0.32,4.436,6.39,7.44
2022-12-20 23:15:00.000 -0500,Alan,402.2,100.5,0.32,4.447,5.73,7.43
2022-12-20 23:30:00.000 -0500,Alan,402.9,100.6,0.32,4.472,5.86,7.42
2022-12-20 23:45:00.000 -0500,Alan,403.1,100.8,0.32,4.496,6.01,7.42
2022-12-21 00:00:00.000 -0500,Alan,403.3,100.9,0.32,4.512,5.75,7.41
2022-12-21 00:15:00.000 -0500,Alan,403.1,99.6,0.32,4.519,5.59,7.41
2022-12-21 00:30:00.000 -0500,Alan,403.2,99.1,0.32,4.525,5.8,7.41
2022-12-21 00:45:00.000 -0500,Alan,404.4,99.3,0.32,4.554,6.06,7.4
2022-12-21 01:00:00.000 -0500,Alan,405.0,99.6,0.32,4.552,5.81,7.4
2022-12-21 01:15:00.000 -0500,Alan,404.3,99.4,0.32,4.531,6.0,7.4
2022-12-21 01:30:00.000 -0500,Alan,405.2,99.1,0.32,4.544,5.63,7.4
2022-12-21 01:45:00.000 -0500,Alan,404.2,98.8,0.32,4.546,5.55,7.4
2022-12-21 02:00:00.000 -0500,Alan,403.5,98.9,0.32,4.525,5.67,7.4
2022-12-21 02:15:00.000 -0500,Alan,405.6,100.1,0.32,4.525,6.67,7.41
2022-12-21 02:30:00.000 -0500,Alan,406.0,102.5,0.32,4.563,5.59,7.42
2022-12-21 02:45:00.000 -0500,Alan,402.4,100.6,0.32,4.468,5.57,7.42
2022-12-21 03:00:00.000 -0500,Alan,404.2,98.7,0.32,4.481,5.54,7.42
2022-12-21 03:15:00.000 -0500,Alan,403.4,99.9,0.32,4.487,5.54,7.42
2022-12-21 03:30:00.000 -0500,Alan,405.1,98.1,0.32,4.512,5.82,7.42
2022-12-21 03:45:00.000 -0500,Alan,404.5,99.8,0.32,4.511,5.8,7.42
2022-12-21 04:00:00.000 -0500,Alan,404.6,99.0,0.32,4.482,5.5,7.42
2022-12-21 04:15:00.000 -0500,Alan,404.4,98.9,0.32,4.491,5.56,7.42
2022-12-21 04:30:00.000 -0500,Alan,403.1,100.3,0.32,4.443,5.58,7.42
2022-12-21 04:45:00.000 -0500,Alan,402.6,99.8,0.32,4.403,5.56,7.42
2022-12-21 05:00:00.000 -0500,Alan,402.9,97.1,0.32,4.415,5.73,7.42
2022-12-21 05:15:00.000 -0500,Alan,402.5,96.1,0.32,4.405,5.51,7.42
2022-12-21 05:30:00.000 -0500,Alan,403.2,95.3,0.32,4.439,5.69,7.42
2022-12-21 05:45:00.000 -0500,Alan,403.9,94.8,0.32,4.451,5.77,7.41
2022-12-21 06:00:00.000 -0500,Alan,403.1,95.1,0.32,4.428,5.65,7.41
2022-12-21 06:15:00.000 -0500,Alan,405.0,95.2,0.32,4.457,5.76,7.41
2022-12-21 06:30:00.000 -0500,Alan,404.3,97.0,0.32,4.479,5.93,7.4
2022-12-21 06:45:00.000 -0500,Alan,404.1,96.6,0.32,4.5,5.85,7.4
2022-12-21 07:00:00.000 -0500,Alan,407.0,95.8,0.32,4.557,5.98,7.4
2022-12-21 07:15:00.000 -0500,Alan,408.6,96.1,0.33,4.615,6.01,7.4
2022-12-21 07:30:00.000 -0500,Alan,409.1,96.7,0.33,4.617,5.98,7.4
2022-12-21 07:45:00.000 -0500,Alan,409.1,96.5,0.33,4.616,5.93,7.39
2022-12-21 08:00:00.000 -0500,Alan,410.3,95.9,0.33,4.633,5.78,7.39
2022-12-21 08:15:00.000 -0500,Alan,408.6,96.4,0.33,4.584,5.75,7.39
2022-12-21 08:30:00.000 -0500,Alan,407.0,96.7,0.32,4.571,5.9,7.39
2022-12-21 08:45:00.000 -0500,Alan,405.9,96.4,0.32,4.506,5.71,7.4
2022-12-21 09:00:00.000 -0500,Alan,407.7,97.4,0.33,4.555,5.95,7.4
2022-12-21 09:15:00.000 -0500,Alan,407.8,97.5,0.33,4.586,6.02,7.4
2022-12-21 09:30:00.000 -0500,Alan,408.9,98.2,0.33,4.634,6.01,7.41
2022-12-21 09:45:00.000 -0500,Alan,409.8,99.3,0.33,4.624,5.93,7.41
2022-12-21 10:00:00.000 -0500,Alan,408.7,99.5,0.33,4.629,5.91,7.41
2022-12-21 10:15:00.000 -0500,Alan,403.8,99.0,0.32,4.435,5.78,7.41
2022-12-21 10:30:00.000 -0500,Alan,402.4,99.5,0.32,4.343,5.89,7.42
2022-12-21 10:45:00.000 -0500,Alan,406.7,99.6,0.33,4.422,5.9,7.42
2022-12-21 11:00:00.000 -0500,Alan,406.7,101.0,0.33,4.381,5.9,7.42
2022-12-21 11:15:00.000 -0500,Alan,404.5,100.5,0.32,4.314,5.9,7.43
2022-12-21 11:30:00.000 -0500,Alan,401.1,100.4,0.32,4.183,5.95,7.44
2022-12-21 11:45:00.000 -0500,Alan,402.4,100.1,0.32,4.174,5.83,7.44
2022-12-21 12:00:00.000 -0500,Alan,403.0,99.9,0.32,4.218,5.68,7.44
2022-12-21 12:15:00.000 -0500,Alan,403.9,100.3,0.32,4.298,5.92,7.45
2022-12-21 12:30:00.000 -0500,Alan,404.6,101.7,0.33,4.299,5.83,7.45
2022-12-21 12:45:00.000 -0500,Alan,402.9,102.5,0.32,4.271,5.68,7.45
2022-12-21 13:00:00.000 -0500,Alan,402.5,103.9,0.32,4.268,5.67,7.46
2022-12-21 13:15:00.000 -0500,Alan,402.6,104.4,0.32,4.249,5.52,7.47
2022-12-21 13:30:00.000 -0500,Alan,402.6,104.8,0.32,4.228,5.61,7.48
2022-12-21 13:45:00.000 -0500,Alan,402.3,105.4,0.32,4.241,5.54,7.49
2022-12-21 14:00:00.000 -0500,Alan,404.0,105.3,0.32,4.279,5.71,7.49
2022-12-21 14:15:00.000 -0500,Alan,402.9,105.2,0.32,4.288,5.61,7.5
2022-12-21 14:30:00.000 -0500,Alan,401.7,104.4,0.32,4.29,5.87,7.5
2022-12-21 14:45:00.000 -0500,Alan,401.5,104.3,0.32,4.31,5.6,7.5
2022-12-21 15:00:00.000 -0500,Alan,400.3,103.8,0.32,4.298,5.75,7.5
2022-12-21 15:15:00.000 -0500,Alan,400.1,104.1,0.32,4.287,5.93,7.5
2022-12-21 15:30:00.000 -0500,Alan,400.1,103.1,0.32,4.298,5.82,7.5
2022-12-21 15:45:00.000 -0500,Alan,400.2,103.2,0.32,4.301,5.39,7.5
2022-12-21 16:00:00.000 -0500,Alan,399.6,103.6,0.32,4.278,5.89,7.5
2022-12-21 16:15:00.000 -0500,Alan,399.7,103.3,0.32,4.287,5.43,7.5
2022-12-21 16:30:00.000 -0500,Alan,399.1,102.0,0.32,4.256,5.61,7.5
2022-12-21 16:45:00.000 -0500,Alan,399.1,101.9,0.32,4.245,5.7,7.5
2022-12-21 17:00:00.000 -0500,Alan,399.0,103.2,0.32,4.243,5.82,7.5
2022-12-21 17:15:00.000 -0500,Alan,400.1,103.7,0.32,4.26,5.65,7.5
2022-12-21 17:30:00.000 -0500,Alan,399.3,103.0,0.32,4.235,5.52,7.5
2022-12-21 17:45:00.000 -0500,Alan,399.3,103.3,0.32,4.216,5.34,7.49
2022-12-21 18:00:00.000 -0500,Alan,400.5,102.5,0.32,4.231,5.77,7.49
2022-12-21 18:15:00.000 -0500,Alan,401.5,101.7,0.32,4.25,5.8,7.49
2022-12-21 18:30:00.000 -0500,Alan,401.7,101.2,0.32,4.245,5.8,7.49
2022-12-21 18:45:00.000 -0500,Alan,400.3,101.6,0.32,4.188,5.93,7.49
2022-12-21 19:00:00.000 -0500,Alan,401.6,101.6,0.32,4.227,5.57,7.49
2022-12-21 19:15:00.000 -0500,Alan,401.6,101.1,0.32,4.247,5.73,7.48
2022-12-21 19:30:00.000 -0500,Alan,402.1,100.5,0.32,4.262,5.64,7.47
2022-12-21 19:45:00.000 -0500,Alan,402.4,101.0,0.32,4.287,5.58,7.47
2022-12-21 20:00:00.000 -0500,Alan,402.9,101.0,0.32,4.304,5.63,7.46
2022-12-21 20:15:00.000 -0500,Alan,403.1,101.9,0.32,4.315,5.73,7.46
2022-12-21 20:30:00.000 -0500,Alan,405.0,102.9,0.33,4.339,5.62,7.46
2022-12-21 20:45:00.000 -0500,Alan,403.8,103.6,0.32,4.337,5.49,7.45
2022-12-21 21:00:00.000 -0500,Alan,406.3,102.9,0.33,4.376,5.45,7.45
2022-12-21 21:15:00.000 -0500,Alan,406.4,101.9,0.33,4.418,5.37,7.45
2022-12-21 21:30:00.000 -0500,Alan,406.6,102.2,0.33,4.427,5.32,7.44
2022-12-21 21:45:00.000 -0500,Alan,407.5,104.3,0.33,4.46,5.53,7.44
2022-12-21 22:00:00.000 -0500,Alan,407.6,103.7,0.33,4.469,5.71,7.44
2022-12-21 22:15:00.000 -0500,Alan,408.3,103.7,0.33,4.418,5.44,7.44
2022-12-21 22:30:00.000 -0500,Alan,409.7,102.1,0.33,4.469,5.33,7.44
2022-12-21 22:45:00.000 -0500,Alan,409.8,103.8,0.33,4.483,5.49,7.44
2022-12-21 23:00:00.000 -0500,Alan,408.4,104.2,0.33,4.437,5.53,7.44
2022-12-21 23:15:00.000 -0500,Alan,408.8,102.3,0.33,4.433,5.48,7.45
2022-12-21 23:30:00.000 -0500,Alan,408.3,102.1,0.33,4.438,5.41,7.45
2022-12-21 23:45:00.000 -0500,Alan,408.7,101.9,0.33,4.429,5.33,7.45
2022-12-22 00:00:00.000 -0500,Alan,409.1,103.3,0.33,4.427,5.33,7.45
2022-12-22 00:15:00.000 -0500,Alan,409.4,102.9,0.33,4.445,5.25,7.46
2022-12-22 00:30:00.000 -0500,Alan,409.3,103.8,0.33,4.452,5.25,7.46
2022-12-22 00:45:00.000 -0500,Alan,409.2,103.5,0.33,4.474,5.16,7.46
2022-12-22 01:00:00.000 -0500,Alan,409.8,104.2,0.33,4.503,5.32,7.45
2022-12-22 01:15:00.000 -0500,Alan,411.6,104.2,0.33,4.538,5.5,7.44
2022-12-22 01:30:00.000 -0500,Alan,412.0,105.1,0.33,4.541,5.02,7.44
2022-12-22 01:45:00.000 -0500,Alan,412.0,106.7,0.33,4.548,5.28,7.44
2022-12-22 02:00:00.000 -0500,Alan,411.7,106.8,0.33,4.545,5.45,7.44
2022-12-22 02:15:00.000 -0500,Alan,411.3,105.0,0.33,4.546,5.04,7.43
2022-12-22 02:30:00.000 -0500,Alan,412.0,104.7,0.33,4.554,5.52,7.43
2022-12-22 02:45:00.000 -0500,Alan,411.7,104.4,0.33,4.57,5.37,7.42
2022-12-22 03:00:00.000 -0500,Alan,411.7,102.3,0.33,4.583,5.55,7.41
2022-12-22 03:15:00.000 -0500,Alan,411.2,103.6,0.33,4.574,5.74,7.4
2022-12-22 03:30:00.000 -0500,Alan,410.5,103.8,0.33,4.553,5.26,7.4
2022-12-22 03:45:00.000 -0500,Alan,410.9,103.1,0.33,4.573,5.33,7.4
2022-12-22 04:00:00.000 -0500,Alan,411.9,102.3,0.33,4.588,5.3,7.39
2022-12-22 04:15:00.000 -0500,Alan,411.8,103.6,0.33,4.571,5.26,7.39
2022-12-22 04:30:00.000 -0500,Alan,411.6,105.5,0.33,4.569,6.08,7.39
2022-12-22 04:45:00.000 -0500,Alan,412.2,108.4,0.33,4.552,5.6,7.39
2022-12-22 05:00:00.000 -0500,Alan,410.9,106.1,0.33,4.507,6.44,7.4
2022-12-22 05:15:00.000 -0500,Alan,411.3,107.9,0.33,4.517,5.19,7.4
2022-12-22 05:30:00.000 -0500,Alan,411.6,105.6,0.33,4.53,5.3,7.41
2022-12-22 05:45:00.000 -0500,Alan,410.8,105.3,0.33,4.49,5.34,7.41
2022-12-22 06:00:00.000 -0500,Alan,412.1,106.0,0.33,4.501,5.21,7.42
2022-12-22 06:15:00.000 -0500,Alan,412.9,106.9,0.33,4.519,5.22,7.42
2022-12-22 06:30:00.000 -0500,Alan,409.2,107.2,0.33,4.418,5.28,7.42
2022-12-22 06:45:00.000 -0500,Alan,406.6,104.3,0.33,4.306,5.53,7.42
2022-12-22 07:00:00.000 -0500,Alan,406.3,103.8,0.33,4.285,5.21,7.43
2022-12-22 07:15:00.000 -0500,Alan,407.1,103.3,0.33,4.314,5.4,7.42
2022-12-22 07:30:00.000 -0500,Alan,408.3,102.5,0.33,4.341,5.61,7.42
2022-12-22 07:45:00.000 -0500,Alan,406.0,103.0,0.33,4.287,5.58,7.41
2022-12-22 08:00:00.000 -0500,Alan,402.8,102.6,0.33,4.167,5.54,7.42
2022-12-22 08:15:00.000 -0500,Alan,402.1,103.6,0.32,4.154,5.52,7.43
2022-12-22 08:30:00.000 -0500,Alan,401.3,103.2,0.32,4.112,5.72,7.44
2022-12-22 08:45:00.000 -0500,Alan,401.0,103.8,0.32,4.09,5.7,7.45
2022-12-22 09:00:00.000 -0500,Alan,401.6,101.5,0.32,4.146,5.74,7.46
2022-12-22 09:15:00.000 -0500,Alan,402.3,102.4,0.32,4.149,5.71,7.47
2022-12-22 09:30:00.000 -0500,Alan,406.0,102.1,0.33,4.247,5.73,7.47
2022-12-22 09:45:00.000 -0500,Alan,403.1,102.8,0.32,4.203,6.04,7.46
2022-12-22 10:00:00.000 -0500,Alan,402.2,103.2,0.32,4.119,5.83,7.47
2022-12-22 10:15:00.000 -0500,Alan,402.3,105.4,0.32,4.171,5.92,7.47
2022-12-22 10:30:00.000 -0500,Alan,400.6,106.1,0.32,4.101,6.22,7.48
2022-12-22 10:45:00.000 -0500,Alan,400.8,105.6,0.32,4.109,5.88,7.48
2022-12-22 11:00:00.000 -0500,Alan,400.5,105.7,0.32,4.095,6.19,7.49
2022-12-22 11:15:00.000 -0500,Alan,399.4,106.5,0.32,4.053,6.09,7.49
2022-12-22 11:30:00.000 -0500,Alan,399.3,105.4,0.32,4.031,6.01,7.49
2022-12-22 11:45:00.000 -0500,Alan,400.3,106.3,0.32,4.075,5.96,7.49
2022-12-22 12:00:00.000 -0500,Alan,400.8,105.5,0.32,4.098,6.03,7.48
2022-12-22 12:15:00.000 -0500,Alan,400.7,105.6,0.32,4.089,5.7,7.48
2022-12-22 12:30:00.000 -0500,Alan,399.9,106.3,0.32,4.015,5.9,7.48
2022-12-22 12:45:00.000 -0500,Alan,399.5,106.6,0.32,3.99,5.64,7.48
2022-12-22 13:00:00.000 -0500,Alan,400.5,106.9,0.32,4.036,6.58,7.48
2022-12-22 13:15:00.000 -0500,Alan,400.7,106.8,0.32,4.038,6.52,7.48
2022-12-22 13:30:00.000 -0500,Alan,402.2,106.6,0.33,4.109,6.2,7.48
2022-12-22 13:45:00.000 -0500,Alan,402.4,107.0,0.33,4.067,6.21,7.47
2022-12-22 14:00:00.000 -0500,Alan,404.8,108.4,0.33,4.09,5.84,7.48
2022-12-22 14:15:00.000 -0500,Alan,403.2,107.7,0.33,4.07,5.86,7.48
2022-12-22 14:30:00.000 -0500,Alan,404.7,108.6,0.33,4.084,6.01,7.48
2022-12-22 14:45:00.000 -0500,Alan,407.0,109.0,0.33,4.114,6.03,7.48
2022-12-22 15:00:00.000 -0500,Alan,405.1,109.5,0.33,4.083,5.8,7.49
2022-12-22 15:15:00.000 -0500,Alan,407.1,109.8,0.33,4.108,6.03,7.49
2022-12-22 15:30:00.000 -0500,Alan,406.3,110.4,0.33,4.11,6.31,7.49
2022-12-22 15:45:00.000 -0500,Alan,405.5,110.0,0.33,4.096,6.11,7.49
2022-12-22 16:00:00.000 -0500,Alan,411.4,110.7,0.33,4.134,6.12,7.49
2022-12-22 16:15:00.000 -0500,Alan,409.0,111.0,0.33,4.128,6.0,7.49
2022-12-22 16:30:00.000 -0500,Alan,412.8,111.3,0.33,4.155,5.72,7.49
2022-12-22 16:45:00.000 -0500,Alan,413.2,111.5,0.33,4.155,6.03,7.49
2022-12-22 17:00:00.000 -0500,Alan,416.1,111.2,0.34,4.152,6.01,7.49
2022-12-22 17:15:00.000 -0500,Alan,415.7,112.5,0.34,4.141,5.94,7.5
2022-12-22 17:30:00.000 -0500,Alan,416.6,112.2,0.34,4.179,6.04,7.51
2022-12-22 17:45:00.000 -0500,Alan,415.5,112.6,0.34,4.193,6.03,7.51
2022-12-22 18:00:00.000 -0500,Alan,415.1,111.7,0.33,4.198,5.85,7.51
2022-12-22 18:15:00.000 -0500,Alan,423.6,109.2,0.34,4.408,5.92,7.49
2022-12-22 18:30:00.000 -0500,Alan,422.8,111.1,0.34,4.25,5.58,7.48
2022-12-22 18:45:00.000 -0500,Alan,416.8,112.0,0.34,4.313,5.72,7.49
2022-12-22 19:00:00.000 -0500,Alan,422.1,113.1,0.34,4.322,5.66,7.49
2022-12-22 19:15:00.000 -0500,Alan,421.8,115.5,0.34,4.337,5.42,7.51
2022-12-22 19:30:00.000 -0500,Alan,426.6,115.6,0.34,4.308,5.52,7.53
2022-12-22 19:45:00.000 -0500,Alan,419.2,113.7,0.34,4.37,5.34,7.52
2022-12-22 20:00:00.000 -0500,Alan,422.9,108.0,0.34,4.469,5.53,7.47
2022-12-22 20:15:00.000 -0500,Alan,424.2,109.7,0.34,4.349,5.83,7.44
2022-12-22 20:30:00.000 -0500,Alan,416.4,94.1,0.33,4.54,8.62,7.35
2022-12-22 20:45:00.000 -0500,Alan,425.7,97.0,0.34,4.422,11.23,7.32
2022-12-22 21:00:00.000 -0500,Alan,412.5,88.5,0.33,4.493,6.54,7.29
2022-12-22 21:15:00.000 -0500,Alan,411.8,94.1,0.33,4.479,7.2,7.29
2022-12-22 21:30:00.000 -0500,Alan,431.1,95.7,0.34,4.557,10.21,7.29
2022-12-22 21:45:00.000 -0500,Alan,411.1,93.7,0.33,4.359,7.96,7.28
2022-12-22 22:00:00.000 -0500,Alan,414.9,91.3,0.33,4.448,8.82,7.27
2022-12-22 22:15:00.000 -0500,Alan,409.7,94.5,0.33,4.355,8.0,7.29
2022-12-22 22:30:00.000 -0500,Alan,403.8,93.6,0.32,4.316,7.68,7.31
2022-12-22 22:45:00.000 -0500,Alan,406.9,92.1,0.33,4.369,8.6,7.28
2022-12-22 23:00:00.000 -0500,Alan,413.4,96.1,0.33,4.492,8.87,7.3
2022-12-22 23:15:00.000 -0500,Alan,414.2,93.9,0.33,4.373,10.78,7.31
2022-12-22 23:30:00.000 -0500,Alan,414.6,92.4,0.33,4.476,11.02,7.28
2022-12-22 23:45:00.000 -0500,Alan,412.2,88.7,0.33,4.476,10.45,7.26
2022-12-23 00:00:00.000 -0500,Alan,416.2,90.7,0.33,4.452,10.67,7.27
2022-12-23 00:15:00.000 -0500,Alan,401.4,90.2,0.32,4.335,10.41,7.25
2022-12-23 00:30:00.000 -0500,Alan,400.4,88.6,0.32,4.312,9.15,7.27
2022-12-23 00:45:00.000 -0500,Alan,415.7,83.2,0.33,4.58,13.08,7.22
2022-12-23 01:00:00.000 -0500,Alan,405.4,89.6,0.32,4.477,10.82,7.24
2022-12-23 01:15:00.000 -0500,Alan,395.8,100.5,0.32,4.182,8.13,7.32
2022-12-23 01:30:00.000 -0500,Alan,397.6,100.8,0.32,4.29,9.8,7.37
2022-12-23 01:45:00.000 -0500,Alan,397.3,96.1,0.32,4.299,9.01,7.36
2022-12-23 02:00:00.000 -0500,Alan,386.5,102.3,0.31,4.066,8.78,7.4
2022-12-23 02:15:00.000 -0500,Alan,387.8,103.0,0.31,4.064,8.34,7.44
2022-12-23 02:30:00.000 -0500,Alan,382.1,102.7,0.31,4.097,8.7,7.44
2022-12-23 02:45:00.000 -0500,Alan,383.6,101.7,0.31,4.042,8.94,7.44
2022-12-23 03:00:00.000 -0500,Alan,377.3,100.6,0.31,4.008,8.29,7.44
2022-12-23 03:15:00.000 -0500,Alan,375.1,101.2,0.3,3.972,7.91,7.45
2022-12-23 03:30:00.000 -0500,Alan,370.9,101.9,0.3,4.057,8.04,7.46
2022-12-23 03:45:00.000 -0500,Alan,369.8,102.2,0.3,4.245,8.86,7.47
2022-12-23 04:00:00.000 -0500,Alan,366.3,102.4,0.29,4.381,8.33,7.48
2022-12-23 04:15:00.000 -0500,Alan,355.6,101.6,0.28,4.505,8.88,7.48
2022-12-23 04:30:00.000 -0500,Alan,355.7,100.6,0.28,4.788,8.82,7.47
2022-12-23 04:45:00.000 -0500,Alan,344.8,101.1,0.27,4.902,9.26,7.45
2022-12-23 05:00:00.000 -0500,Alan,337.9,99.4,0.26,5.094,9.73,7.46
2022-12-23 05:15:00.000 -0500,Alan,328.5,98.9,0.26,5.229,10.19,7.46
2022-12-23 05:30:00.000 -0500,Alan,326.9,99.2,0.25,5.362,10.3,7.46
2022-12-23 05:45:00.000 -0500,Alan,334.9,99.1,0.26,5.397,10.67,7.45
2022-12-23 06:00:00.000 -0500,Alan,312.7,98.1,0.24,6.116,11.25,7.47
2022-12-23 06:15:00.000 -0500,Alan,319.8,96.7,0.24,5.947,11.34,7.46
2022-12-23 06:30:00.000 -0500,Alan,331.3,98.2,0.26,5.516,11.78,7.43
2022-12-23 06:45:00.000 -0500,Alan,340.7,97.8,0.27,5.222,11.51,7.42
2022-12-23 07:00:00.000 -0500,Alan,353.4,98.4,0.28,4.994,10.76,7.42
2022-12-23 07:15:00.000 -0500,Alan,358.8,98.6,0.28,5.113,10.94,7.42
2022-12-23 07:30:00.000 -0500,Alan,361.6,99.3,0.28,5.237,11.74,7.43
2022-12-23 07:45:00.000 -0500,Alan,360.5,99.5,0.28,5.406,11.19,7.45
2022-12-23 08:00:00.000 -0500,Alan,344.7,98.3,0.27,5.412,13.32,7.45
2022-12-23 08:15:00.000 -0500,Alan,356.8,98.4,0.28,5.223,11.3,7.44
2022-12-23 08:30:00.000 -0500,Alan,352.4,99.2,0.27,5.401,11.85,7.43
2022-12-23 08:45:00.000 -0500,Alan,346.5,98.5,0.27,5.482,11.52,7.44
2022-12-23 09:00:00.000 -0500,Alan,354.3,98.8,0.28,5.336,11.3,7.43
2022-12-23 09:15:00.000 -0500,Alan,350.1,99.0,0.27,5.525,13.47,7.42
2022-12-23 09:30:00.000 -0500,Alan,356.4,98.7,0.28,5.313,11.74,7.43
2022-12-23 09:45:00.000 -0500,Alan,363.3,98.4,0.28,5.245,12.11,7.43
2022-12-23 10:00:00.000 -0500,Alan,345.0,98.2,0.26,5.892,12.47,7.44
2022-12-23 10:15:00.000 -0500,Alan,337.9,98.6,0.25,6.545,13.53,7.44
2022-12-23 10:30:00.000 -0500,Alan,352.4,97.9,0.27,5.565,12.2,7.42
2022-12-23 10:45:00.000 -0500,Alan,360.2,97.7,0.28,5.356,12.86,7.41
2022-12-23 11:00:00.000 -0500,Alan,363.4,96.0,0.28,5.387,12.0,7.4
2022-12-23 11:15:00.000 -0500,Alan,370.5,97.2,0.29,5.299,11.81,7.39
2022-12-23 11:30:00.000 -0500,Alan,356.4,97.9,0.28,5.411,12.63,7.41
2022-12-23 11:45:00.000 -0500,Alan,351.3,98.6,0.27,5.697,13.19,7.41
2022-12-23 12:00:00.000 -0500,Alan,360.6,98.0,0.28,5.374,11.85,7.41
2022-12-23 12:15:00.000 -0500,Alan,367.1,96.6,0.29,5.288,12.49,7.4
2022-12-23 12:30:00.000 -0500,Alan,367.1,96.7,0.29,5.356,12.3,7.4
2022-12-23 12:45:00.000 -0500,Alan,364.5,96.9,0.28,5.362,12.76,7.4
2022-12-23 13:00:00.000 -0500,Alan,367.3,98.1,0.29,5.287,13.14,7.41
2022-12-23 13:15:00.000 -0500,Alan,364.0,98.5,0.28,5.295,12.79,7.42
2022-12-23 13:30:00.000 -0500,Alan,364.9,97.6,0.28,5.336,12.23,7.41
2022-12-23 13:45:00.000 -0500,Alan,367.2,97.4,0.29,5.363,12.97,7.41
2022-12-23 14:00:00.000 -0500,Alan,358.4,97.6,0.28,5.54,13.09,7.42
2022-12-23 14:15:00.000 -0500,Alan,353.6,97.7,0.27,5.577,13.01,7.41
2022-12-23 14:30:00.000 -0500,Alan,362.1,97.7,0.28,5.39,12.59,7.4
2022-12-23 14:45:00.000 -0500,Alan,354.1,96.6,0.27,5.556,12.92,7.39
2022-12-23 15:00:00.000 -0500,Alan,295.2,93.8,0.22,6.651,13.8,7.41
2022-12-23 15:15:00.000 -0500,Alan,238.9,90.4,0.17,7.108,14.28,7.4
2022-12-23 15:30:00.000 -0500,Alan,294.7,92.2,0.22,6.673,15.53,7.36
2022-12-23 15:45:00.000 -0500,Alan,203.9,92.1,0.15,7.351,16.79,7.38
2022-12-23 16:00:00.000 -0500,Alan,189.5,91.8,0.14,7.43,17.88,7.33
2022-12-23 16:15:00.000 -0500,Alan,187.8,88.8,0.14,7.412,17.06,7.31
2022-12-23 16:30:00.000 -0500,Alan,204.8,89.8,0.15,7.209,17.87,7.3
2022-12-23 16:45:00.000 -0500,Alan,195.9,90.0,0.14,7.162,17.68,7.29
2022-12-23 17:00:00.000 -0500,Alan,210.1,91.0,0.15,6.965,17.56,7.29
2022-12-23 17:15:00.000 -0500,Alan,205.3,90.0,0.15,6.884,16.92,7.3
2022-12-23 17:30:00.000 -0500,Alan,206.8,90.0,0.15,6.835,17.41,7.3
2022-12-23 17:45:00.000 -0500,Alan,221.7,89.4,0.16,6.635,17.07,7.28
2022-12-23 18:00:00.000 -0500,Alan,216.8,90.1,0.16,6.581,17.92,7.3
2022-12-23 18:15:00.000 -0500,Alan,215.3,89.1,0.16,6.395,18.21,7.31
2022-12-23 18:30:00.000 -0500,Alan,215.7,88.8,0.16,6.24,17.4,7.31
2022-12-23 18:45:00.000 -0500,Alan,215.4,88.9,0.16,6.189,18.66,7.31
2022-12-23 19:00:00.000 -0500,Alan,218.0,88.7,0.16,6.024,17.5,7.31
2022-12-23 19:15:00.000 -0500,Alan,219.6,87.4,0.17,5.687,16.95,7.32
2022-12-23 19:30:00.000 -0500,Alan,219.1,87.6,0.17,5.615,17.43,7.31
2022-12-23 19:45:00.000 -0500,Alan,217.3,87.5,0.17,5.53,17.37,7.31
2022-12-23 20:00:00.000 -0500,Alan,215.2,85.8,0.17,5.335,17.0,7.3
2022-12-23 20:15:00.000 -0500,Alan,216.8,85.2,0.17,5.136,16.5,7.29
2022-12-23 20:30:00.000 -0500,Alan,218.4,84.8,0.17,5.113,17.4,7.28
2022-12-23 20:45:00.000 -0500,Alan,223.0,84.2,0.17,4.8,16.7,7.28
2022-12-23 21:00:00.000 -0500,Alan,221.4,84.3,0.17,4.781,17.53,7.26
2022-12-23 21:15:00.000 -0500,Alan,223.9,83.8,0.18,4.7,16.78,7.27
2022-12-23 21:30:00.000 -0500,Alan,228.9,84.4,0.18,4.716,17.14,7.26
2022-12-23 21:45:00.000 -0500,Alan,240.4,86.4,0.19,5.013,18.04,7.26
2022-12-23 22:00:00.000 -0500,Alan,237.5,86.3,0.18,4.885,18.53,7.29
2022-12-23 22:15:00.000 -0500,Alan,233.3,85.1,0.18,4.636,16.73,7.29
2022-12-23 22:30:00.000 -0500,Alan,232.5,85.0,0.18,4.431,16.74,7.29
2022-12-23 22:45:00.000 -0500,Alan,231.5,84.4,0.18,4.357,16.65,7.27
2022-12-23 23:00:00.000 -0500,Alan,237.5,83.4,0.19,4.137,19.94,7.26
2022-12-23 23:15:00.000 -0500,Alan,227.9,83.6,0.18,4.011,17.94,7.26
2022-12-23 23:30:00.000 -0500,Alan,231.3,83.2,0.19,3.976,20.08,7.25
2022-12-23 23:45:00.000 -0500,Alan,233.7,83.0,0.19,3.938,20.17,7.25
2022-12-24 00:00:00.000 -0500,Alan,227.6,83.2,0.18,3.795,19.43,7.25
2022-12-24 00:15:00.000 -0500,Alan,231.8,83.0,0.19,3.825,18.83,7.25
2022-12-24 00:30:00.000 -0500,Alan,228.9,82.7,0.18,3.776,19.02,7.25
2022-12-24 00:45:00.000 -0500,Alan,227.3,82.8,0.18,3.621,19.04,7.26
2022-12-24 01:00:00.000 -0500,Alan,228.4,82.7,0.18,3.587,19.6,7.26
2022-12-24 01:15:00.000 -0500,Alan,227.8,83.2,0.18,3.469,18.86,7.27
2022-12-24 01:30:00.000 -0500,Alan,226.1,83.0,0.18,3.467,18.43,7.27
2022-12-24 01:45:00.000 -0500,Alan,228.2,82.1,0.19,3.405,19.24,7.26
2022-12-24 02:00:00.000 -0500,Alan,229.0,83.0,0.19,3.332,19.4,7.27
2022-12-24 02:15:00.000 -0500,Alan,233.2,83.5,0.19,3.27,20.02,7.29
2022-12-24 02:30:00.000 -0500,Alan,227.6,82.3,0.19,3.291,19.41,7.28
2022-12-24 02:45:00.000 -0500,Alan,229.5,81.7,0.19,3.076,20.38,7.27
2022-12-24 03:00:00.000 -0500,Alan,234.4,81.1,0.19,3.125,21.37,7.25
2022-12-24 03:15:00.000 -0500,Alan,223.2,80.9,0.18,3.143,20.08,7.25
2022-12-24 03:30:00.000 -0500,Alan,227.2,81.2,0.19,3.126,21.23,7.27
2022-12-24 03:45:00.000 -0500,Alan,219.8,82.1,0.18,3.101,19.84,7.27
2022-12-24 04:00:00.000 -0500,Alan,226.5,80.8,0.19,3.021,19.52,7.27
2022-12-24 04:15:00.000 -0500,Alan,224.4,80.9,0.18,2.951,19.05,7.27
2022-12-24 04:30:00.000 -0500,Alan,225.7,81.6,0.19,2.93,21.15,7.27
2022-12-24 04:45:00.000 -0500,Alan,234.8,80.2,0.19,2.873,19.6,7.25
2022-12-24 05:00:00.000 -0500,Alan,224.7,81.5,0.19,2.849,19.93,7.27
2022-12-24 05:15:00.000 -0500,Alan,257.6,79.38,0.22,2.604,21.4,7.23
2022-12-24 05:30:00.000 -0500,Alan,250.4,81.3,0.21,2.721,19.5,7.26
2022-12-24 05:45:00.000 -0500,Alan,251.0,80.4,0.21,2.639,19.48,7.25
2022-12-24 06:00:00.000 -0500,Alan,245.1,80.1,0.2,2.591,21.15,7.23
2022-12-24 06:15:00.000 -0500,Alan,240.8,80.6,0.2,2.609,20.79,7.25
2022-12-24 06:30:00.000 -0500,Alan,269.2,79.37,0.23,2.425,23.05,7.23
2022-12-24 06:45:00.000 -0500,Alan,283.1,79.99,0.24,2.407,19.68,7.24
2022-12-24 07:00:00.000 -0500,Alan,257.5,80.2,0.22,2.426,20.32,7.22
2022-12-24 07:15:00.000 -0500,Alan,267.6,79.75,0.22,2.58,19.12,7.21
2022-12-24 07:30:00.000 -0500,Alan,267.4,79.72,0.23,2.362,19.38,7.21
2022-12-24 07:45:00.000 -0500,Alan,256.3,79.18,0.22,2.401,20.22,7.2
2022-12-24 08:00:00.000 -0500,Alan,264.8,79.77,0.22,2.234,20.19,7.2
2022-12-24 08:15:00.000 -0500,Alan,273.1,79.73,0.23,2.256,19.73,7.21
2022-12-24 08:30:00.000 -0500,Alan,277.5,79.26,0.24,2.15,18.32,7.18
2022-12-24 08:45:00.000 -0500,Alan,309.5,78.26,0.27,1.923,19.64,7.18
2022-12-24 09:00:00.000 -0500,Alan,296.6,78.66,0.25,2.158,20.08,7.17
2022-12-24 09:15:00.000 -0500,Alan,332.0,78.19,0.28,2.004,19.91,7.16
2022-12-24 09:30:00.000 -0500,Alan,330.8,78.48,0.28,2.131,20.52,7.17
2022-12-24 09:45:00.000 -0500,Alan,284.0,77.84,0.24,2.119,22.03,7.17
2022-12-24 10:00:00.000 -0500,Alan,316.9,77.73,0.27,1.959,21.5,7.17
2022-12-24 10:15:00.000 -0500,Alan,308.7,77.96,0.26,1.973,21.9,7.16
2022-12-24 10:30:00.000 -0500,Alan,303.2,78.93,0.26,2.032,19.21,7.17
2022-12-24 10:45:00.000 -0500,Alan,297.8,79.18,0.25,2.133,18.75,7.17
2022-12-24 11:00:00.000 -0500,Alan,290.6,78.98,0.25,2.189,19.28,7.18
2022-12-24 11:15:00.000 -0500,Alan,306.0,79.56,0.26,2.052,21.08,7.19
2022-12-24 11:30:00.000 -0500,Alan,307.9,79.77,0.26,2.019,19.85,7.17
2022-12-24 11:45:00.000 -0500,Alan,295.6,80.3,0.25,2.185,19.71,7.16
2022-12-24 12:00:00.000 -0500,Alan,285.2,80.6,0.24,2.242,20.03,7.19
2022-12-24 12:15:00.000 -0500,Alan,299.4,80.6,0.25,2.138,21.79,7.19
2022-12-24 12:30:00.000 -0500,Alan,297.5,82.7,0.25,2.178,22.68,7.19
2022-12-24 12:45:00.000 -0500,Alan,307.3,82.9,0.26,2.175,18.62,7.2
2022-12-24 13:00:00.000 -0500,Alan,318.7,83.5,0.27,2.191,21.77,7.2
2022-12-24 13:15:00.000 -0500,Alan,346.0,84.8,0.29,2.27,20.25,7.2
2022-12-24 13:30:00.000 -0500,Alan,306.3,86.1,0.26,2.37,20.55,7.21
2022-12-24 13:45:00.000 -0500,Alan,282.4,85.6,0.24,2.461,20.83,7.23
2022-12-24 14:00:00.000 -0500,Alan,295.8,85.4,0.25,2.437,20.63,7.23
2022-12-24 14:15:00.000 -0500,Alan,288.7,85.8,0.24,2.425,20.96,7.23
2022-12-24 14:30:00.000 -0500,Alan,299.5,87.8,0.25,2.559,21.47,7.23
2022-12-24 14:45:00.000 -0500,Alan,298.3,88.5,0.25,2.605,23.84,7.24
2022-12-24 15:00:00.000 -0500,Alan,285.3,88.9,0.24,2.631,20.85,7.26
2022-12-24 15:15:00.000 -0500,Alan,305.2,89.4,0.26,2.674,19.39,7.25
2022-12-24 15:30:00.000 -0500,Alan,293.4,88.3,0.25,2.694,21.72,7.24
2022-12-24 15:45:00.000 -0500,Alan,290.0,88.9,0.24,2.738,21.67,7.25
2022-12-24 16:00:00.000 -0500,Alan,296.7,87.5,0.25,2.862,21.11,7.25
2022-12-24 16:15:00.000 -0500,Alan,295.9,87.6,0.25,2.824,21.5,7.26
2022-12-24 16:30:00.000 -0500,Alan,287.0,87.5,0.24,2.831,21.75,7.26
2022-12-24 16:45:00.000 -0500,Alan,299.5,87.4,0.25,2.903,22.38,7.25
2022-12-24 17:00:00.000 -0500,Alan,296.7,87.4,0.25,2.822,21.48,7.26
2022-12-24 17:15:00.000 -0500,Alan,284.2,89.4,0.24,2.852,21.48,7.26
2022-12-24 17:30:00.000 -0500,Alan,312.7,88.9,0.26,2.904,21.86,7.26
2022-12-24 17:45:00.000 -0500,Alan,291.9,87.3,0.24,2.865,23.03,7.27
2022-12-24 18:00:00.000 -0500,Alan,287.5,88.1,0.24,2.892,23.72,7.26
2022-12-24 18:15:00.000 -0500,Alan,297.0,87.3,0.25,2.817,22.3,7.26
2022-12-24 18:30:00.000 -0500,Alan,284.3,90.2,0.24,2.937,21.38,7.26
2022-12-24 18:45:00.000 -0500,Alan,292.0,90.3,0.24,2.971,23.06,7.26
2022-12-24 19:00:00.000 -0500,Alan,288.8,90.4,0.24,2.995,23.5,7.25
2022-12-24 19:15:00.000 -0500,Alan,306.2,90.2,0.25,2.879,23.79,7.25
2022-12-24 19:30:00.000 -0500,Alan,286.3,88.4,0.24,2.904,22.67,7.25
2022-12-24 19:45:00.000 -0500,Alan,311.5,87.3,0.26,2.819,24.48,7.25
2022-12-24 20:00:00.000 -0500,Alan,298.7,87.7,0.25,2.864,22.46,7.24
2022-12-24 20:15:00.000 -0500,Alan,311.6,89.3,0.26,2.859,23.54,7.25
2022-12-24 20:30:00.000 -0500,Alan,298.9,88.8,0.25,2.99,23.95,7.25
2022-12-24 20:45:00.000 -0500,Alan,305.7,88.2,0.26,2.684,24.46,7.25
2022-12-24 21:00:00.000 -0500,Alan,337.8,92.2,0.28,2.738,23.41,7.25
2022-12-24 21:15:00.000 -0500,Alan,335.8,90.2,0.28,2.838,22.72,7.24
2022-12-24 21:30:00.000 -0500,Alan,290.7,89.0,0.24,2.907,22.77,7.25
2022-12-24 21:45:00.000 -0500,Alan,297.0,85.4,0.25,2.764,25.6,7.23
2022-12-24 22:00:00.000 -0500,Alan,318.2,87.6,0.27,2.67,27.77,7.23
2022-12-24 22:15:00.000 -0500,Alan,290.4,90.8,0.24,2.916,24.29,7.25
2022-12-24 22:30:00.000 -0500,Alan,298.5,87.7,0.25,2.768,24.54,7.24
2022-12-24 22:45:00.000 -0500,Alan,308.1,85.2,0.26,2.571,24.3,7.23
2022-12-24 23:00:00.000 -0500,Alan,298.8,84.9,0.25,2.692,22.63,7.23
2022-12-24 23:15:00.000 -0500,Alan,302.2,86.8,0.25,2.638,22.37,7.22
2022-12-24 23:30:00.000 -0500,Alan,319.8,83.8,0.27,2.592,25.29,7.22
2022-12-24 23:45:00.000 -0500,Alan,303.2,84.7,0.25,2.556,24.67,7.21
2022-12-25 00:00:00.000 -0500,Alan,316.0,83.1,0.27,2.553,25.5,7.21
2022-12-25 00:15:00.000 -0500,Alan,313.0,82.2,0.26,2.463,26.52,7.21
2022-12-25 00:30:00.000 -0500,Alan,311.2,82.5,0.26,2.533,22.92,7.19
2022-12-25 00:45:00.000 -0500,Alan,313.7,82.2,0.26,2.493,21.65,7.2
2022-12-25 01:00:00.000 -0500,Alan,331.5,82.9,0.28,2.407,27.55,7.21
2022-12-25 01:15:00.000 -0500,Alan,297.8,81.2,0.25,2.554,26.48,7.18
2022-12-25 01:30:00.000 -0500,Alan,322.7,83.1,0.27,2.464,21.49,7.2
2022-12-25 01:45:00.000 -0500,Alan,306.6,82.7,0.26,2.483,24.15,7.2
2022-12-25 02:00:00.000 -0500,Alan,318.8,79.56,0.27,2.345,24.81,7.17
2022-12-25 02:15:00.000 -0500,Alan,304.4,81.1,0.26,2.515,26.0,7.19
2022-12-25 02:30:00.000 -0500,Alan,313.9,81.3,0.27,2.423,27.39,7.19
2022-12-25 02:45:00.000 -0500,Alan,321.2,80.5,0.27,2.381,26.83,7.2
2022-12-25 03:00:00.000 -0500,Alan,328.8,82.0,0.28,2.442,26.28,7.2
2022-12-25 03:15:00.000 -0500,Alan,308.0,82.3,0.26,2.434,25.19,7.19
2022-12-25 03:30:00.000 -0500,Alan,313.2,83.9,0.26,2.473,24.98,7.2
2022-12-25 03:45:00.000 -0500,Alan,307.4,81.8,0.26,2.528,27.66,7.19
2022-12-25 04:00:00.000 -0500,Alan,308.7,81.2,0.26,2.392,28.09,7.19
2022-12-25 04:15:00.000 -0500,Alan,308.0,80.8,0.26,2.374,23.71,7.19
2022-12-25 04:30:00.000 -0500,Alan,297.2,81.9,0.25,2.482,27.29,7.19
2022-12-25 04:45:00.000 -0500,Alan,309.1,80.3,0.26,2.416,27.83,7.19
2022-12-25 05:00:00.000 -0500,Alan,301.3,80.6,0.25,2.404,23.31,7.17
2022-12-25 05:15:00.000 -0500,Alan,303.9,82.3,0.26,2.503,29.67,7.19
2022-12-25 05:30:00.000 -0500,Alan,321.0,80.6,0.27,2.349,26.24,7.18
2022-12-25 05:45:00.000 -0500,Alan,298.9,80.5,0.25,2.46,24.77,7.17
2022-12-25 06:00:00.000 -0500,Alan,321.3,79.0,0.27,2.286,25.63,7.16
2022-12-25 06:15:00.000 -0500,Alan,321.2,80.5,0.27,2.321,27.73,7.18
2022-12-25 06:30:00.000 -0500,Alan,342.8,79.6,0.29,2.202,26.73,7.17
2022-12-25 06:45:00.000 -0500,Alan,323.2,79.91,0.27,2.321,27.8,7.17
2022-12-25 07:00:00.000 -0500,Alan,322.2,79.15,0.27,2.321,27.27,7.16
2022-12-25 07:15:00.000 -0500,Alan,321.4,79.13,0.27,2.361,29.23,7.16
2022-12-25 07:30:00.000 -0500,Alan,309.3,78.94,0.26,2.435,26.95,7.15
2022-12-25 07:45:00.000 -0500,Alan,324.0,78.16,0.27,2.385,26.99,7.14
2022-12-25 08:00:00.000 -0500,Alan,318.5,77.61,0.27,2.389,27.19,7.15
2022-12-25 08:15:00.000 -0500,Alan,318.9,77.95,0.27,2.378,27.26,7.14
2022-12-25 08:30:00.000 -0500,Alan,320.3,78.92,0.27,2.358,27.24,7.15
2022-12-25 08:45:00.000 -0500,Alan,324.0,78.5,0.27,2.342,26.82,7.15
2022-12-25 09:00:00.000 -0500,Alan,321.0,78.99,0.27,2.336,28.65,7.15
2022-12-25 09:15:00.000 -0500,Alan,311.6,79.4,0.26,2.355,27.08,7.16
2022-12-25 09:30:00.000 -0500,Alan,313.1,78.9,0.26,2.376,26.78,7.16
2022-12-25 09:45:00.000 -0500,Alan,313.7,78.42,0.27,2.338,26.77,7.16
2022-12-25 10:00:00.000 -0500,Alan,315.0,77.71,0.27,2.335,26.95,7.16
2022-12-25 10:15:00.000 -0500,Alan,316.2,77.66,0.27,2.341,26.75,7.16
2022-12-25 10:30:00.000 -0500,Alan,317.7,77.56,0.27,2.347,26.71,7.16
2022-12-25 10:45:00.000 -0500,Alan,317.8,77.19,0.27,2.351,26.51,7.16
2022-12-25 11:00:00.000 -0500,Alan,317.6,77.38,0.27,2.35,26.53,7.16
2022-12-25 11:15:00.000 -0500,Alan,315.3,77.76,0.27,2.356,26.43,7.16
2022-12-25 11:30:00.000 -0500,Alan,318.4,78.07,0.27,2.343,26.6,7.16
2022-12-25 11:45:00.000 -0500,Alan,317.5,77.46,0.27,2.355,26.44,7.16
2022-12-25 12:00:00.000 -0500,Alan,317.4,77.65,0.27,2.364,26.32,7.16
2022-12-25 12:15:00.000 -0500,Alan,317.9,79.02,0.27,2.364,26.44,7.17
2022-12-25 12:30:00.000 -0500,Alan,317.9,79.34,0.27,2.375,26.38,7.17
2022-12-25 12:45:00.000 -0500,Alan,317.5,80.2,0.27,2.388,26.33,7.17
2022-12-25 13:00:00.000 -0500,Alan,316.4,80.3,0.27,2.395,26.34,7.17
2022-12-25 13:15:00.000 -0500,Alan,316.5,80.5,0.27,2.407,26.52,7.18
2022-12-25 13:30:00.000 -0500,Alan,316.5,81.5,0.27,2.41,26.48,7.18
2022-12-25 13:45:00.000 -0500,Alan,317.7,80.4,0.27,2.407,26.25,7.18
2022-12-25 14:00:00.000 -0500,Alan,317.6,80.5,0.27,2.417,26.18,7.18
2022-12-25 14:15:00.000 -0500,Alan,315.7,80.2,0.27,2.441,26.73,7.18
2022-12-25 14:30:00.000 -0500,Alan,316.9,80.4,0.27,2.451,26.36,7.18
2022-12-25 14:45:00.000 -0500,Alan,316.2,81.7,0.27,2.466,26.53,7.18
2022-12-25 15:00:00.000 -0500,Alan,316.0,81.5,0.27,2.477,26.47,7.18
2022-12-25 15:15:00.000 -0500,Alan,318.0,81.6,0.27,2.483,26.28,7.18
2022-12-25 15:30:00.000 -0500,Alan,317.0,80.7,0.27,2.496,26.12,7.18
2022-12-25 15:45:00.000 -0500,Alan,316.8,80.8,0.27,2.496,26.37,7.18
2022-12-25 16:00:00.000 -0500,Alan,317.5,80.4,0.27,2.497,26.51,7.18
2022-12-25 16:15:00.000 -0500,Alan,318.4,80.7,0.27,2.495,26.22,7.18
2022-12-25 16:30:00.000 -0500,Alan,319.3,80.1,0.27,2.497,26.06,7.18
2022-12-25 16:45:00.000 -0500,Alan,319.3,79.43,0.27,2.504,26.63,7.17
2022-12-25 17:00:00.000 -0500,Alan,320.4,79.05,0.27,2.511,26.59,7.17
2022-12-25 17:15:00.000 -0500,Alan,320.7,78.26,0.27,2.524,26.41,7.17
2022-12-25 17:30:00.000 -0500,Alan,320.6,78.83,0.27,2.549,26.27,7.17
2022-12-25 17:45:00.000 -0500,Alan,320.8,79.12,0.27,2.55,26.78,7.16
2022-12-25 18:00:00.000 -0500,Alan,320.7,79.23,0.27,2.54,26.45,7.16
2022-12-25 18:15:00.000 -0500,Alan,321.1,79.54,0.27,2.536,26.43,7.16
2022-12-25 18:30:00.000 -0500,Alan,321.7,79.51,0.27,2.545,26.06,7.16
2022-12-25 18:45:00.000 -0500,Alan,321.9,79.55,0.27,2.556,26.52,7.16
2022-12-25 19:00:00.000 -0500,Alan,322.0,79.38,0.27,2.563,26.06,7.16
2022-12-25 19:15:00.000 -0500,Alan,322.0,79.1,0.27,2.576,26.19,7.16
2022-12-25 19:30:00.000 -0500,Alan,322.1,78.48,0.27,2.584,26.18,7.16
2022-12-25 19:45:00.000 -0500,Alan,321.9,78.69,0.27,2.588,25.86,7.16
2022-12-25 20:00:00.000 -0500,Alan,322.3,78.43,0.27,2.591,25.91,7.16
2022-12-25 20:15:00.000 -0500,Alan,322.4,78.57,0.27,2.605,26.29,7.15
2022-12-25 20:30:00.000 -0500,Alan,322.1,77.74,0.27,2.62,26.15,7.15
2022-12-25 20:45:00.000 -0500,Alan,322.3,78.26,0.27,2.624,26.26,7.15
2022-12-25 21:00:00.000 -0500,Alan,321.9,77.74,0.27,2.636,26.0,7.15
2022-12-25 21:15:00.000 -0500,Alan,321.4,77.23,0.27,2.652,25.99,7.15
2022-12-25 21:30:00.000 -0500,Alan,321.9,77.72,0.27,2.662,25.91,7.15
2022-12-25 21:45:00.000 -0500,Alan,322.2,77.94,0.27,2.67,25.97,7.15
2022-12-25 22:00:00.000 -0500,Alan,321.8,77.4,0.27,2.678,25.91,7.15
2022-12-25 22:15:00.000 -0500,Alan,322.7,77.11,0.27,2.691,25.83,7.15
2022-12-25 22:30:00.000 -0500,Alan,322.8,77.14,0.27,2.696,25.96,7.14
2022-12-25 22:45:00.000 -0500,Alan,322.3,76.48,0.27,2.7,25.6,7.14
2022-12-25 23:00:00.000 -0500,Alan,322.6,76.68,0.27,2.702,25.64,7.14
2022-12-25 23:15:00.000 -0500,Alan,322.9,77.0,0.27,2.704,25.69,7.14
2022-12-25 23:30:00.000 -0500,Alan,322.6,77.99,0.27,2.71,25.93,7.14
2022-12-25 23:45:00.000 -0500,Alan,323.3,78.54,0.27,2.722,25.51,7.15
2022-12-26 00:00:00.000 -0500,Alan,323.0,78.07,0.27,2.729,25.52,7.15
2022-12-26 00:15:00.000 -0500,Alan,322.8,77.47,0.27,2.737,25.54,7.15
2022-12-26 00:30:00.000 -0500,Alan,322.2,77.83,0.27,2.742,26.07,7.15
2022-12-26 00:45:00.000 -0500,Alan,323.0,78.97,0.27,2.748,25.89,7.15
2022-12-26 01:00:00.000 -0500,Alan,323.0,79.12,0.27,2.754,25.86,7.15
2022-12-26 01:15:00.000 -0500,Alan,322.7,78.99,0.27,2.764,26.12,7.15
2022-12-26 01:30:00.000 -0500,Alan,323.7,79.22,0.27,2.768,26.08,7.15
2022-12-26 01:45:00.000 -0500,Alan,324.2,79.56,0.27,2.777,25.67,7.15
2022-12-26 02:00:00.000 -0500,Alan,323.5,79.34,0.27,2.793,26.44,7.15
2022-12-26 02:15:00.000 -0500,Alan,324.4,79.49,0.27,2.828,25.89,7.15
2022-12-26 02:30:00.000 -0500,Alan,324.3,78.93,0.27,2.87,25.85,7.15
2022-12-26 02:45:00.000 -0500,Alan,324.7,79.75,0.27,2.882,25.87,7.16
2022-12-26 03:00:00.000 -0500,Alan,325.3,80.6,0.27,2.891,25.83,7.15
2022-12-26 03:15:00.000 -0500,Alan,324.8,80.1,0.27,2.892,26.08,7.16
2022-12-26 03:30:00.000 -0500,Alan,324.6,79.77,0.27,2.891,26.01,7.16
2022-12-26 03:45:00.000 -0500,Alan,325.3,79.66,0.27,2.905,25.96,7.15
2022-12-26 04:00:00.000 -0500,Alan,325.9,79.87,0.27,2.917,25.97,7.15
2022-12-26 04:15:00.000 -0500,Alan,326.2,78.9,0.27,2.931,25.89,7.15
2022-12-26 04:30:00.000 -0500,Alan,326.8,79.55,0.27,2.939,25.82,7.15
2022-12-26 04:45:00.000 -0500,Alan,327.0,79.19,0.27,2.943,26.04,7.15
2022-12-26 05:00:00.000 -0500,Alan,327.4,79.39,0.27,2.944,26.03,7.15
2022-12-26 05:15:00.000 -0500,Alan,327.6,78.7,0.27,2.953,25.91,7.15
2022-12-26 05:30:00.000 -0500,Alan,327.6,78.51,0.27,2.956,26.69,7.15
2022-12-26 05:45:00.000 -0500,Alan,327.8,78.87,0.27,2.955,26.14,7.15
2022-12-26 06:00:00.000 -0500,Alan,328.2,79.52,0.27,2.951,26.07,7.15
2022-12-26 06:15:00.000 -0500,Alan,328.5,79.17,0.27,2.953,25.94,7.15
2022-12-26 06:30:00.000 -0500,Alan,328.8,79.33,0.27,2.963,25.9,7.15
2022-12-26 06:45:00.000 -0500,Alan,329.4,78.95,0.27,2.975,25.61,7.15
2022-12-26 07:00:00.000 -0500,Alan,329.5,78.98,0.27,2.981,32.68,7.15
2022-12-26 07:15:00.000 -0500,Alan,329.5,78.91,0.27,2.984,32.97,7.15
2022-12-26 07:30:00.000 -0500,Alan,329.6,78.62,0.27,2.986,26.02,7.15
2022-12-26 07:45:00.000 -0500,Alan,330.2,78.64,0.27,2.99,25.93,7.15
2022-12-26 08:00:00.000 -0500,Alan,330.2,78.86,0.27,2.998,25.69,7.15
2022-12-26 08:15:00.000 -0500,Alan,330.5,79.56,0.27,3.003,26.0,7.15
2022-12-26 08:30:00.000 -0500,Alan,330.6,80.4,0.27,3.014,25.65,7.15
2022-12-26 08:45:00.000 -0500,Alan,331.1,81.2,0.27,3.027,26.03,7.15
2022-12-26 09:00:00.000 -0500,Alan,330.9,81.2,0.27,3.03,26.28,7.15
2022-12-26 09:15:00.000 -0500,Alan,330.7,83.7,0.27,3.043,23.64,7.17
2022-12-26 09:30:00.000 -0500,Alan,329.7,83.5,0.27,3.064,23.23,7.17
2022-12-26 09:45:00.000 -0500,Alan,330.4,84.3,0.27,3.068,23.6,7.18
2022-12-26 10:00:00.000 -0500,Alan,328.3,84.0,0.27,3.074,23.59,7.18
2022-12-26 10:15:00.000 -0500,Alan,330.2,83.5,0.27,3.05,23.37,7.18
2022-12-26 10:30:00.000 -0500,Alan,330.8,83.1,0.27,3.046,23.22,7.18
2022-12-26 10:45:00.000 -0500,Alan,331.0,82.7,0.27,3.049,23.44,7.18
2022-12-26 11:00:00.000 -0500,Alan,331.3,82.8,0.27,3.052,23.48,7.18
2022-12-26 11:15:00.000 -0500,Alan,331.9,82.9,0.28,3.056,23.35,7.18
2022-12-26 11:30:00.000 -0500,Alan,331.5,82.8,0.28,3.064,23.58,7.18
2022-12-26 11:45:00.000 -0500,Alan,331.5,82.6,0.27,3.071,23.5,7.18
2022-12-26 12:00:00.000 -0500,Alan,331.7,82.9,0.28,3.08,23.44,7.18
2022-12-26 12:15:00.000 -0500,Alan,331.7,83.0,0.27,3.094,23.47,7.18
2022-12-26 12:30:00.000 -0500,Alan,331.9,83.9,0.27,3.105,23.65,7.18
2022-12-26 12:45:00.000 -0500,Alan,332.3,84.1,0.28,3.117,23.59,7.18
2022-12-26 13:00:00.000 -0500,Alan,332.5,83.8,0.28,3.121,23.56,7.19
2022-12-26 13:15:00.000 -0500,Alan,332.3,83.2,0.28,3.113,23.35,7.19
2022-12-26 13:30:00.000 -0500,Alan,333.1,83.3,0.28,3.103,23.38,7.19
2022-12-26 13:45:00.000 -0500,Alan,333.5,83.9,0.28,3.101,23.57,7.19
2022-12-26 14:00:00.000 -0500,Alan,333.6,84.5,0.28,3.1,23.37,7.19
2022-12-26 14:15:00.000 -0500,Alan,333.4,84.6,0.28,3.094,26.11,7.19
2022-12-26 14:30:00.000 -0500,Alan,334.0,83.8,0.28,3.098,23.9,7.19
2022-12-26 14:45:00.000 -0500,Alan,334.2,83.2,0.28,3.103,24.65,7.19
2022-12-26 15:00:00.000 -0500,Alan,334.4,84.1,0.28,3.106,24.82,7.19
2022-12-26 15:15:00.000 -0500,Alan,334.3,85.2,0.28,3.106,22.23,7.19
2022-12-26 15:30:00.000 -0500,Alan,334.5,86.0,0.28,3.108,22.49,7.19
2022-12-26 15:45:00.000 -0500,Alan,334.9,86.2,0.28,3.111,23.35,7.19
2022-12-26 16:00:00.000 -0500,Alan,334.9,86.3,0.28,3.114,23.39,7.19
2022-12-26 16:15:00.000 -0500,Alan,334.5,86.5,0.28,3.115,23.51,7.19
2022-12-26 16:30:00.000 -0500,Alan,335.0,86.6,0.28,3.118,23.36,7.19
2022-12-26 16:45:00.000 -0500,Alan,336.2,86.2,0.28,3.118,24.67,7.19
2022-12-26 17:00:00.000 -0500,Alan,335.3,86.3,0.28,3.115,25.07,7.19
2022-12-26 17:15:00.000 -0500,Alan,335.4,85.9,0.28,3.112,25.3,7.19
2022-12-26 17:30:00.000 -0500,Alan,336.3,86.4,0.28,3.112,25.61,7.19
2022-12-26 17:45:00.000 -0500,Alan,335.7,85.9,0.28,3.113,25.42,7.19
2022-12-26 18:00:00.000 -0500,Alan,336.0,85.8,0.28,3.115,25.16,7.19
2022-12-26 18:15:00.000 -0500,Alan,335.8,84.6,0.28,3.121,25.06,7.19
2022-12-26 18:30:00.000 -0500,Alan,335.4,84.9,0.28,3.122,25.17,7.19
2022-12-26 18:45:00.000 -0500,Alan,336.0,84.7,0.28,3.125,25.29,7.19
2022-12-26 19:00:00.000 -0500,Alan,335.9,84.4,0.28,3.128,25.29,7.19
2022-12-26 19:15:00.000 -0500,Alan,336.0,84.6,0.28,3.13,25.16,7.19
2022-12-26 19:30:00.000 -0500,Alan,336.2,84.1,0.28,3.137,24.73,7.18
2022-12-26 19:45:00.000 -0500,Alan,336.2,82.6,0.28,3.144,24.77,7.18
2022-12-26 20:00:00.000 -0500,Alan,336.3,81.8,0.28,3.151,23.93,7.18
2022-12-26 20:15:00.000 -0500,Alan,336.3,81.5,0.28,3.159,24.06,7.17
2022-12-26 20:30:00.000 -0500,Alan,336.7,81.4,0.28,3.167,24.07,7.17
2022-12-26 20:45:00.000 -0500,Alan,336.7,81.2,0.28,3.175,23.98,7.17
2022-12-26 21:00:00.000 -0500,Alan,336.8,81.7,0.28,3.182,23.24,7.17
2022-12-26 21:15:00.000 -0500,Alan,337.0,82.6,0.28,3.188,22.68,7.17
2022-12-26 21:30:00.000 -0500,Alan,337.2,82.8,0.28,3.196,23.29,7.17
2022-12-26 21:45:00.000 -0500,Alan,337.2,82.2,0.28,3.203,22.84,7.17
2022-12-26 22:00:00.000 -0500,Alan,337.5,82.7,0.28,3.212,22.67,7.17
2022-12-26 22:15:00.000 -0500,Alan,337.7,82.0,0.28,3.22,22.13,7.17
2022-12-26 22:30:00.000 -0500,Alan,338.2,81.7,0.28,3.23,22.92,7.17
2022-12-26 22:45:00.000 -0500,Alan,338.5,81.7,0.28,3.241,22.03,7.17
2022-12-26 23:00:00.000 -0500,Alan,338.6,82.2,0.28,3.25,22.65,7.17
2022-12-26 23:15:00.000 -0500,Alan,338.9,82.3,0.28,3.257,23.15,7.17
2022-12-26 23:30:00.000 -0500,Alan,339.0,82.6,0.28,3.263,21.09,7.17
2022-12-26 23:45:00.000 -0500,Alan,338.7,82.0,0.28,3.268,20.93,7.17
2022-12-27 00:00:00.000 -0500,Alan,339.6,82.4,0.28,3.278,21.38,7.17
2022-12-27 00:15:00.000 -0500,Alan,339.3,81.1,0.28,3.274,21.14,7.17
2022-12-27 00:30:00.000 -0500,Alan,339.9,81.2,0.28,3.29,21.61,7.17
2022-12-27 00:45:00.000 -0500,Alan,339.7,81.6,0.28,3.293,23.39,7.17
2022-12-27 01:00:00.000 -0500,Alan,340.1,82.0,0.28,3.306,23.39,7.17
2022-12-27 01:15:00.000 -0500,Alan,340.0,82.2,0.28,3.307,22.09,7.17
2022-12-27 01:30:00.000 -0500,Alan,340.4,81.5,0.28,3.317,19.9,7.17
2022-12-27 01:45:00.000 -0500,Alan,340.4,81.4,0.28,3.324,19.48,7.17
2022-12-27 02:00:00.000 -0500,Alan,340.8,80.8,0.28,3.336,19.72,7.17
2022-12-27 02:15:00.000 -0500,Alan,341.2,80.7,0.28,3.346,19.89,7.16
2022-12-27 02:30:00.000 -0500,Alan,341.0,80.8,0.28,3.354,19.09,7.16
2022-12-27 02:45:00.000 -0500,Alan,341.1,81.6,0.28,3.37,19.26,7.17
2022-12-27 03:00:00.000 -0500,Alan,341.9,80.3,0.28,3.381,18.99,7.17
2022-12-27 03:15:00.000 -0500,Alan,341.8,80.3,0.28,3.381,19.07,7.16
2022-12-27 03:30:00.000 -0500,Alan,342.1,81.5,0.28,3.389,18.98,7.16
2022-12-27 03:45:00.000 -0500,Alan,342.6,82.1,0.28,3.403,18.98,7.16
2022-12-27 04:00:00.000 -0500,Alan,343.0,81.8,0.28,3.419,19.01,7.16
2022-12-27 04:15:00.000 -0500,Alan,343.2,80.4,0.28,3.431,19.02,7.16
2022-12-27 04:30:00.000 -0500,Alan,343.2,81.0,0.28,3.443,19.3,7.16
2022-12-27 04:45:00.000 -0500,Alan,343.3,81.3,0.28,3.454,19.14,7.16
2022-12-27 05:00:00.000 -0500,Alan,343.4,81.7,0.28,3.465,19.17,7.16
2022-12-27 05:15:00.000 -0500,Alan,343.8,81.5,0.28,3.475,19.21,7.16
2022-12-27 05:30:00.000 -0500,Alan,343.8,81.6,0.28,3.484,19.34,7.16
2022-12-27 05:45:00.000 -0500,Alan,344.4,81.9,0.28,3.492,19.45,7.17
2022-12-27 06:00:00.000 -0500,Alan,344.4,81.9,0.28,3.5,19.38,7.17
2022-12-27 06:15:00.000 -0500,Alan,344.8,81.7,0.28,3.507,19.43,7.17
2022-12-27 06:30:00.000 -0500,Alan,344.8,81.9,0.28,3.514,19.3,7.17
2022-12-27 06:45:00.000 -0500,Alan,344.1,83.1,0.28,3.526,19.46,7.17
2022-12-27 07:00:00.000 -0500,Alan,345.0,82.3,0.28,3.527,19.54,7.17
2022-12-27 07:15:00.000 -0500,Alan,345.7,82.5,0.28,3.53,19.5,7.17
2022-12-27 07:30:00.000 -0500,Alan,345.5,82.7,0.28,3.536,19.56,7.17
2022-12-27 07:45:00.000 -0500,Alan,345.3,83.8,0.28,3.569,19.46,7.18
2022-12-27 08:00:00.000 -0500,Alan,343.5,85.3,0.28,3.592,19.57,7.19
2022-12-27 08:15:00.000 -0500,Alan,343.2,86.4,0.28,3.59,19.41,7.2
2022-12-27 08:30:00.000 -0500,Alan,346.2,87.0,0.28,3.596,19.6,7.21
2022-12-27 08:45:00.000 -0500,Alan,349.0,87.8,0.29,3.601,19.33,7.21
2022-12-27 09:00:00.000 -0500,Alan,349.9,88.0,0.29,3.598,19.29,7.22
2022-12-27 09:15:00.000 -0500,Alan,350.0,87.9,0.29,3.601,19.48,7.23
2022-12-27 09:30:00.000 -0500,Alan,349.2,88.3,0.29,3.599,19.25,7.23
2022-12-27 09:45:00.000 -0500,Alan,349.4,88.7,0.29,3.61,19.42,7.24
2022-12-27 10:00:00.000 -0500,Alan,347.7,88.9,0.28,3.617,19.48,7.24
2022-12-27 10:15:00.000 -0500,Alan,347.4,88.1,0.28,3.618,20.7,7.24
2022-12-27 10:30:00.000 -0500,Alan,348.9,88.5,0.29,3.615,20.81,7.25
2022-12-27 10:45:00.000 -0500,Alan,348.1,88.5,0.28,3.613,19.35,7.25
2022-12-27 11:00:00.000 -0500,Alan,348.1,88.3,0.28,3.611,19.11,7.25
2022-12-27 11:15:00.000 -0500,Alan,347.5,88.5,0.28,3.615,19.57,7.25
2022-12-27 11:30:00.000 -0500,Alan,345.8,89.9,0.28,3.629,19.54,7.25
2022-12-27 11:45:00.000 -0500,Alan,349.1,90.1,0.29,3.627,19.61,7.26
2022-12-27 12:00:00.000 -0500,Alan,349.5,90.4,0.29,3.636,19.44,7.26
2022-12-27 12:15:00.000 -0500,Alan,350.3,90.8,0.29,3.645,19.58,7.27
2022-12-27 12:30:00.000 -0500,Alan,349.5,90.3,0.29,3.657,19.56,7.27
2022-12-27 12:45:00.000 -0500,Alan,348.8,90.2,0.28,3.657,19.76,7.27
2022-12-27 13:00:00.000 -0500,Alan,351.0,89.5,0.29,3.666,19.82,7.28
2022-12-27 13:15:00.000 -0500,Alan,347.1,91.0,0.28,3.684,19.89,7.28
2022-12-27 13:30:00.000 -0500,Alan,348.4,90.0,0.28,3.688,19.52,7.28
2022-12-27 13:45:00.000 -0500,Alan,350.4,91.1,0.29,3.687,19.87,7.28
2022-12-27 14:00:00.000 -0500,Alan,350.8,90.4,0.29,3.697,19.69,7.28
2022-12-27 14:15:00.000 -0500,Alan,344.9,91.4,0.28,3.719,19.96,7.28
2022-12-27 14:30:00.000 -0500,Alan,345.6,90.9,0.28,3.713,19.81,7.28
2022-12-27 14:45:00.000 -0500,Alan,347.1,90.2,0.28,3.693,19.9,7.28
2022-12-27 15:00:00.000 -0500,Alan,350.3,89.2,0.29,3.69,19.76,7.27
2022-12-27 15:15:00.000 -0500,Alan,351.5,89.1,0.29,3.685,19.86,7.27
2022-12-27 15:30:00.000 -0500,Alan,348.3,89.3,0.28,3.696,20.08,7.27
2022-12-27 15:45:00.000 -0500,Alan,351.1,88.3,0.29,3.689,20.08,7.27
2022-12-27 16:00:00.000 -0500,Alan,348.4,88.5,0.28,3.701,20.19,7.26
2022-12-27 16:15:00.000 -0500,Alan,350.6,87.8,0.29,3.701,20.11,7.26
2022-12-27 16:30:00.000 -0500,Alan,351.2,87.8,0.29,3.706,19.93,7.26
2022-12-27 16:45:00.000 -0500,Alan,351.7,87.1,0.29,3.709,19.84,7.25
2022-12-27 17:00:00.000 -0500,Alan,352.2,87.2,0.29,3.725,20.08,7.25
2022-12-27 17:15:00.000 -0500,Alan,352.7,87.2,0.29,3.734,20.13,7.25
2022-12-27 17:30:00.000 -0500,Alan,352.4,87.5,0.29,3.738,20.33,7.25
2022-12-27 17:45:00.000 -0500,Alan,352.5,87.0,0.29,3.741,20.11,7.25
2022-12-27 18:00:00.000 -0500,Alan,353.0,86.4,0.29,3.742,20.16,7.25
2022-12-27 18:15:00.000 -0500,Alan,353.0,86.7,0.29,3.743,20.19,7.25
2022-12-27 18:30:00.000 -0500,Alan,353.3,87.1,0.29,3.747,20.18,7.25
2022-12-27 18:45:00.000 -0500,Alan,353.5,87.1,0.29,3.75,20.18,7.25
2022-12-27 19:00:00.000 -0500,Alan,353.2,86.6,0.29,3.753,20.23,7.25
2022-12-27 19:15:00.000 -0500,Alan,354.2,86.6,0.29,3.756,20.35,7.25
2022-12-27 19:30:00.000 -0500,Alan,354.5,85.9,0.29,3.759,20.46,7.25
2022-12-27 19:45:00.000 -0500,Alan,354.4,86.2,0.29,3.763,20.49,7.25
2022-12-27 20:00:00.000 -0500,Alan,354.6,86.3,0.29,3.766,20.37,7.25
2022-12-27 20:15:00.000 -0500,Alan,353.7,85.9,0.29,3.771,20.35,7.25
2022-12-27 20:30:00.000 -0500,Alan,354.3,85.9,0.29,3.774,20.44,7.25
2022-12-27 20:45:00.000 -0500,Alan,354.7,85.8,0.29,3.78,20.48,7.25
2022-12-27 21:00:00.000 -0500,Alan,354.6,85.2,0.29,3.776,20.39,7.24
2022-12-27 21:15:00.000 -0500,Alan,354.5,85.2,0.29,3.767,20.53,7.24
2022-12-27 21:30:00.000 -0500,Alan,354.8,84.8,0.29,3.769,20.67,7.24
2022-12-27 21:45:00.000 -0500,Alan,355.0,84.5,0.29,3.776,22.02,7.24
2022-12-27 22:00:00.000 -0500,Alan,355.1,84.1,0.29,3.783,22.01,7.24
2022-12-27 22:15:00.000 -0500,Alan,354.8,84.0,0.29,3.787,22.27,7.24
2022-12-27 22:30:00.000 -0500,Alan,354.9,84.3,0.29,3.787,22.22,7.23
2022-12-27 22:45:00.000 -0500,Alan,355.0,84.1,0.29,3.788,22.31,7.23
2022-12-27 23:00:00.000 -0500,Alan,355.2,84.2,0.29,3.79,22.43,7.23
2022-12-27 23:15:00.000 -0500,Alan,355.6,83.6,0.29,3.795,22.38,7.23
2022-12-27 23:30:00.000 -0500,Alan,355.7,83.6,0.29,3.799,22.32,7.23
2022-12-27 23:45:00.000 -0500,Alan,356.0,84.2,0.29,3.804,21.2,7.23
2022-12-28 00:00:00.000 -0500,Alan,356.1,83.9,0.29,3.809,21.34,7.23
2022-12-28 00:15:00.000 -0500,Alan,356.4,83.4,0.29,3.818,21.26,7.23
2022-12-28 00:30:00.000 -0500,Alan,356.5,82.6,0.29,3.831,21.21,7.23
2022-12-28 00:45:00.000 -0500,Alan,356.9,84.0,0.29,3.835,21.44,7.23
2022-12-28 01:00:00.000 -0500,Alan,357.4,84.3,0.29,3.835,21.46,7.23
2022-12-28 01:15:00.000 -0500,Alan,357.1,84.3,0.29,3.841,21.33,7.23
2022-12-28 01:30:00.000 -0500,Alan,357.4,84.4,0.29,3.848,21.36,7.23
2022-12-28 01:45:00.000 -0500,Alan,358.0,83.8,0.29,3.855,21.3,7.23
2022-12-28 02:00:00.000 -0500,Alan,358.4,83.8,0.29,3.867,21.34,7.23
2022-12-28 02:15:00.000 -0500,Alan,358.3,83.7,0.29,3.88,21.6,7.23
2022-12-28 02:30:00.000 -0500,Alan,358.7,84.3,0.29,3.89,21.28,7.23
2022-12-28 02:45:00.000 -0500,Alan,358.5,84.9,0.29,3.902,21.51,7.23
2022-12-28 03:00:00.000 -0500,Alan,358.8,85.4,0.29,3.914,21.46,7.23
2022-12-28 03:15:00.000 -0500,Alan,359.3,85.2,0.29,3.926,21.4,7.23
2022-12-28 03:30:00.000 -0500,Alan,359.8,85.2,0.29,3.936,21.57,7.24
2022-12-28 03:45:00.000 -0500,Alan,360.1,86.6,0.29,3.942,21.74,7.24
2022-12-28 04:00:00.000 -0500,Alan,360.5,86.1,0.29,3.946,21.57,7.24
2022-12-28 04:15:00.000 -0500,Alan,360.7,85.8,0.29,3.952,21.56,7.24
2022-12-28 04:30:00.000 -0500,Alan,360.8,85.5,0.29,3.958,21.73,7.24
2022-12-28 04:45:00.000 -0500,Alan,360.6,86.6,0.29,3.965,21.65,7.24
2022-12-28 05:00:00.000 -0500,Alan,361.2,88.1,0.29,3.97,21.46,7.24
2022-12-28 05:15:00.000 -0500,Alan,361.6,86.5,0.29,3.974,21.32,7.24
2022-12-28 05:30:00.000 -0500,Alan,361.7,86.4,0.29,3.979,21.72,7.24
2022-12-28 05:45:00.000 -0500,Alan,361.4,87.1,0.29,3.983,21.66,7.24
2022-12-28 06:00:00.000 -0500,Alan,361.8,87.7,0.29,3.986,21.59,7.24
2022-12-28 06:15:00.000 -0500,Alan,361.5,87.9,0.29,3.988,21.88,7.24
2022-12-28 06:30:00.000 -0500,Alan,361.9,88.9,0.29,3.991,21.38,7.24
2022-12-28 06:45:00.000 -0500,Alan,360.9,88.5,0.29,3.99,21.75,7.24
2022-12-28 07:00:00.000 -0500,Alan,360.2,90.0,0.29,3.992,21.72,7.24
2022-12-28 07:15:00.000 -0500,Alan,361.5,88.0,0.29,3.996,21.55,7.24
2022-12-28 07:30:00.000 -0500,Alan,362.3,86.8,0.29,3.996,21.5,7.24
2022-12-28 07:45:00.000 -0500,Alan,362.8,87.8,0.29,4.0,21.53,7.23
2022-12-28 08:00:00.000 -0500,Alan,363.5,87.1,0.29,4.004,21.86,7.24
2022-12-28 08:15:00.000 -0500,Alan,360.9,88.6,0.29,4.005,21.74,7.24
2022-12-28 08:30:00.000 -0500,Alan,360.6,90.9,0.29,4.004,21.63,7.25
2022-12-28 08:45:00.000 -0500,Alan,361.6,90.2,0.29,4.005,21.77,7.26
2022-12-28 09:00:00.000 -0500,Alan,362.6,90.1,0.29,4.01,21.76,7.26
2022-12-28 09:15:00.000 -0500,Alan,363.8,90.3,0.29,4.017,21.89,7.27
2022-12-28 09:30:00.000 -0500,Alan,363.6,90.4,0.29,4.023,22.5,7.28
2022-12-28 09:45:00.000 -0500,Alan,365.0,90.9,0.29,4.028,21.98,7.28
2022-12-28 10:00:00.000 -0500,Alan,363.3,90.4,0.29,4.037,21.81,7.29
2022-12-28 10:15:00.000 -0500,Alan,363.9,90.9,0.29,4.038,22.24,7.3
2022-12-28 10:30:00.000 -0500,Alan,364.8,90.3,0.29,4.04,21.91,7.31
2022-12-28 10:45:00.000 -0500,Alan,363.6,90.1,0.29,4.035,22.23,7.31
2022-12-28 11:00:00.000 -0500,Alan,365.3,89.3,0.3,4.04,23.28,7.32
2022-12-28 11:15:00.000 -0500,Alan,366.3,89.5,0.3,4.051,23.18,7.32
2022-12-28 11:30:00.000 -0500,Alan,363.3,89.3,0.29,4.055,22.81,7.33
2022-12-28 11:45:00.000 -0500,Alan,363.2,89.3,0.29,4.065,23.2,7.33
2022-12-28 12:00:00.000 -0500,Alan,363.2,89.9,0.29,4.071,23.19,7.33
2022-12-28 12:15:00.000 -0500,Alan,365.2,88.7,0.29,4.08,22.6,7.33
2022-12-28 12:30:00.000 -0500,Alan,366.0,88.6,0.3,4.094,22.94,7.33
2022-12-28 12:45:00.000 -0500,Alan,366.5,89.0,0.3,4.107,23.02,7.33
2022-12-28 13:00:00.000 -0500,Alan,366.4,89.8,0.3,4.119,22.79,7.33
2022-12-28 13:15:00.000 -0500,Alan,366.4,89.2,0.3,4.131,22.85,7.34
2022-12-28 13:30:00.000 -0500,Alan,366.3,90.4,0.29,4.136,22.96,7.34
2022-12-28 13:45:00.000 -0500,Alan,366.7,90.7,0.3,4.14,22.41,7.34
2022-12-28 14:00:00.000 -0500,Alan,366.7,90.8,0.3,4.138,23.21,7.34
2022-12-28 14:15:00.000 -0500,Alan,366.3,90.2,0.29,4.135,22.95,7.34
2022-12-28 14:30:00.000 -0500,Alan,369.1,93.8,0.3,4.143,22.69,7.34
2022-12-28 14:45:00.000 -0500,Alan,366.9,91.0,0.3,4.14,22.56,7.34
2022-12-28 15:00:00.000 -0500,Alan,366.1,90.8,0.29,4.145,23.02,7.34
2022-12-28 15:15:00.000 -0500,Alan,366.4,90.8,0.29,4.145,23.18,7.34
2022-12-28 15:30:00.000 -0500,Alan,365.9,90.5,0.29,4.144,22.93,7.34
2022-12-28 15:45:00.000 -0500,Alan,364.6,90.8,0.29,4.137,22.3,7.34
2022-12-28 16:00:00.000 -0500,Alan,365.8,91.1,0.29,4.136,22.98,7.33
2022-12-28 16:15:00.000 -0500,Alan,365.6,90.1,0.29,4.135,22.78,7.33
2022-12-28 16:30:00.000 -0500,Alan,366.8,89.3,0.3,4.137,23.19,7.33
2022-12-28 16:45:00.000 -0500,Alan,366.3,89.0,0.29,4.143,22.9,7.33
2022-12-28 17:00:00.000 -0500,Alan,366.2,90.1,0.29,4.147,21.82,7.33
2022-12-28 17:15:00.000 -0500,Alan,364.9,91.2,0.29,4.152,22.08,7.32
2022-12-28 17:30:00.000 -0500,Alan,364.5,91.4,0.29,4.153,21.88,7.31
2022-12-28 17:45:00.000 -0500,Alan,364.6,91.3,0.29,4.151,21.93,7.31
2022-12-28 18:00:00.000 -0500,Alan,364.9,91.3,0.29,4.151,21.95,7.31
2022-12-28 18:15:00.000 -0500,Alan,365.0,90.7,0.29,4.151,21.9,7.31
2022-12-28 18:30:00.000 -0500,Alan,365.5,90.4,0.29,4.147,21.98,7.31
2022-12-28 18:45:00.000 -0500,Alan,365.6,89.7,0.29,4.146,21.93,7.31
2022-12-28 19:00:00.000 -0500,Alan,365.7,89.4,0.29,4.147,21.28,7.32
2022-12-28 19:15:00.000 -0500,Alan,366.0,89.1,0.29,4.152,21.67,7.32
2022-12-28 19:30:00.000 -0500,Alan,365.6,88.5,0.29,4.151,21.32,7.32
2022-12-28 19:45:00.000 -0500,Alan,365.8,89.0,0.29,4.154,21.82,7.32
2022-12-28 20:00:00.000 -0500,Alan,366.2,89.1,0.29,4.162,21.83,7.32
2022-12-28 20:15:00.000 -0500,Alan,366.5,88.3,0.29,4.171,21.56,7.32
2022-12-28 20:30:00.000 -0500,Alan,366.3,89.1,0.29,4.178,21.59,7.31
2022-12-28 20:45:00.000 -0500,Alan,366.6,89.6,0.29,4.183,21.98,7.31
2022-12-28 21:00:00.000 -0500,Alan,366.5,89.3,0.29,4.189,21.73,7.31
2022-12-28 21:15:00.000 -0500,Alan,366.8,89.6,0.29,4.197,21.88,7.31
2022-12-28 21:30:00.000 -0500,Alan,366.8,87.9,0.29,4.205,21.83,7.31
2022-12-28 21:45:00.000 -0500,Alan,366.7,88.9,0.29,4.214,22.62,7.31
2022-12-28 22:00:00.000 -0500,Alan,367.0,88.9,0.29,4.225,22.14,7.31
2022-12-28 22:15:00.000 -0500,Alan,367.2,88.6,0.29,4.235,21.97,7.3
2022-12-28 22:30:00.000 -0500,Alan,367.2,89.0,0.29,4.249,22.01,7.3
2022-12-28 22:45:00.000 -0500,Alan,367.3,89.8,0.29,4.262,21.99,7.3
2022-12-28 23:00:00.000 -0500,Alan,367.4,89.6,0.29,4.272,22.11,7.3
2022-12-28 23:15:00.000 -0500,Alan,367.5,89.8,0.29,4.282,21.95,7.29
2022-12-28 23:30:00.000 -0500,Alan,367.3,90.0,0.29,4.29,22.15,7.29
2022-12-28 23:45:00.000 -0500,Alan,367.2,90.3,0.29,4.298,22.12,7.29
2022-12-29 00:00:00.000 -0500,Alan,367.4,90.1,0.29,4.307,21.94,7.28
2022-12-29 00:15:00.000 -0500,Alan,367.6,89.9,0.29,4.315,21.96,7.28
2022-12-29 00:30:00.000 -0500,Alan,367.8,89.9,0.29,4.325,21.64,7.28
2022-12-29 00:45:00.000 -0500,Alan,368.1,89.3,0.29,4.334,21.9,7.27
2022-12-29 01:00:00.000 -0500,Alan,368.6,89.1,0.29,4.349,22.19,7.27
2022-12-29 01:15:00.000 -0500,Alan,369.0,89.4,0.3,4.358,22.37,7.27
2022-12-29 01:30:00.000 -0500,Alan,369.4,90.4,0.3,4.366,22.33,7.27
2022-12-29 01:45:00.000 -0500,Alan,369.4,90.7,0.3,4.369,22.46,7.27
2022-12-29 02:00:00.000 -0500,Alan,369.5,89.2,0.3,4.372,22.35,7.27
2022-12-29 02:15:00.000 -0500,Alan,369.7,89.3,0.3,4.376,22.54,7.26
2022-12-29 02:30:00.000 -0500,Alan,369.7,89.4,0.3,4.379,22.14,7.26
2022-12-29 02:45:00.000 -0500,Alan,369.8,90.4,0.3,4.382,22.54,7.26
2022-12-29 03:00:00.000 -0500,Alan,369.6,90.2,0.3,4.388,22.56,7.25
2022-12-29 03:15:00.000 -0500,Alan,370.0,89.3,0.3,4.395,22.01,7.25
2022-12-29 03:30:00.000 -0500,Alan,370.5,88.4,0.3,4.403,22.67,7.25
2022-12-29 03:45:00.000 -0500,Alan,370.6,88.4,0.3,4.404,22.84,7.24
2022-12-29 04:00:00.000 -0500,Alan,371.0,87.5,0.3,4.409,22.57,7.24
2022-12-29 04:15:00.000 -0500,Alan,371.0,86.6,0.3,4.414,22.83,7.24
2022-12-29 04:30:00.000 -0500,Alan,371.0,86.7,0.3,4.416,22.89,7.24
2022-12-29 04:45:00.000 -0500,Alan,370.5,86.6,0.3,4.415,22.88,7.23
2022-12-29 05:00:00.000 -0500,Alan,370.3,87.0,0.3,4.414,22.97,7.23
2022-12-29 05:15:00.000 -0500,Alan,370.5,86.4,0.3,4.417,22.89,7.23
2022-12-29 05:30:00.000 -0500,Alan,370.8,86.1,0.3,4.422,44.28,7.23
2022-12-29 05:45:00.000 -0500,Alan,371.2,84.9,0.3,4.426,22.56,7.23
2022-12-29 06:00:00.000 -0500,Alan,371.8,86.1,0.3,4.432,23.19,7.23
2022-12-29 06:15:00.000 -0500,Alan,372.0,86.3,0.3,4.436,23.01,7.23
2022-12-29 06:30:00.000 -0500,Alan,372.5,88.0,0.3,4.438,23.24,7.24
2022-12-29 06:45:00.000 -0500,Alan,370.6,89.1,0.3,4.414,24.33,7.24
2022-12-29 07:00:00.000 -0500,Alan,370.8,90.9,0.3,4.415,23.35,7.25
2022-12-29 07:15:00.000 -0500,Alan,371.4,89.7,0.3,4.425,23.42,7.25
2022-12-29 07:30:00.000 -0500,Alan,372.3,89.5,0.3,4.431,23.48,7.25
2022-12-29 07:45:00.000 -0500,Alan,373.1,88.7,0.3,4.436,22.83,7.25
2022-12-29 08:00:00.000 -0500,Alan,372.3,89.3,0.3,4.434,22.8,7.25
2022-12-29 08:15:00.000 -0500,Alan,373.3,90.0,0.3,4.453,23.2,7.25
2022-12-29 08:30:00.000 -0500,Alan,373.4,92.6,0.3,4.462,23.18,7.26
2022-12-29 08:45:00.000 -0500,Alan,371.7,92.9,0.3,4.469,22.8,7.26
2022-12-29 09:00:00.000 -0500,Alan,369.5,93.1,0.29,4.445,23.8,7.27
2022-12-29 09:15:00.000 -0500,Alan,367.8,92.2,0.29,4.443,23.31,7.26
2022-12-29 09:30:00.000 -0500,Alan,370.1,92.5,0.3,4.45,22.9,7.27
2022-12-29 09:45:00.000 -0500,Alan,370.4,92.9,0.3,4.443,23.28,7.27
2022-12-29 10:00:00.000 -0500,Alan,372.2,93.2,0.3,4.465,23.19,7.27
2022-12-29 10:15:00.000 -0500,Alan,373.2,92.6,0.3,4.459,23.36,7.27
2022-12-29 10:30:00.000 -0500,Alan,371.9,92.7,0.3,4.454,23.42,7.28
2022-12-29 10:45:00.000 -0500,Alan,372.6,93.2,0.3,4.454,23.21,7.28
2022-12-29 11:00:00.000 -0500,Alan,373.5,93.6,0.3,4.46,22.78,7.28
2022-12-29 11:15:00.000 -0500,Alan,373.5,94.4,0.3,4.468,23.15,7.28
2022-12-29 11:30:00.000 -0500,Alan,373.7,94.4,0.3,4.494,23.08,7.27
2022-12-29 11:45:00.000 -0500,Alan,373.1,95.3,0.3,4.509,22.81,7.28
2022-12-29 12:00:00.000 -0500,Alan,372.8,95.4,0.3,4.509,22.81,7.28
2022-12-29 12:15:00.000 -0500,Alan,372.6,94.4,0.3,4.532,22.9,7.28
2022-12-29 12:30:00.000 -0500,Alan,370.3,94.7,0.29,4.531,23.03,7.28
2022-12-29 12:45:00.000 -0500,Alan,371.8,94.3,0.3,4.529,23.11,7.28
2022-12-29 13:00:00.000 -0500,Alan,369.9,96.1,0.29,4.528,23.32,7.28
2022-12-29 13:15:00.000 -0500,Alan,371.9,96.9,0.3,4.531,23.25,7.29
2022-12-29 13:30:00.000 -0500,Alan,372.1,95.8,0.3,4.536,22.16,7.29
2022-12-29 13:45:00.000 -0500,Alan,372.0,95.0,0.3,4.545,22.26,7.28
2022-12-29 14:00:00.000 -0500,Alan,373.9,93.4,0.3,4.543,22.48,7.28
2022-12-29 14:15:00.000 -0500,Alan,373.9,92.6,0.3,4.534,22.86,7.28
2022-12-29 14:30:00.000 -0500,Alan,373.5,92.3,0.3,4.512,22.97,7.28
2022-12-29 14:45:00.000 -0500,Alan,373.4,90.6,0.3,4.491,23.07,7.28
2022-12-29 15:00:00.000 -0500,Alan,372.2,91.5,0.3,4.499,23.05,7.28
2022-12-29 15:15:00.000 -0500,Alan,370.9,91.5,0.3,4.52,22.94,7.28
2022-12-29 15:30:00.000 -0500,Alan,372.7,95.9,0.3,4.531,28.16,7.29
2022-12-29 15:45:00.000 -0500,Alan,373.6,95.7,0.3,4.534,28.67,7.29
2022-12-29 16:00:00.000 -0500,Alan,374.6,95.3,0.3,4.533,28.74,7.29
2022-12-29 16:15:00.000 -0500,Alan,372.6,94.9,0.3,4.541,28.55,7.29
2022-12-29 16:30:00.000 -0500,Alan,373.9,94.3,0.3,4.537,28.47,7.29
2022-12-29 16:45:00.000 -0500,Alan,374.1,94.4,0.3,4.553,28.52,7.29
2022-12-29 17:00:00.000 -0500,Alan,374.3,94.6,0.3,4.564,28.82,7.29
2022-12-29 17:15:00.000 -0500,Alan,374.3,94.7,0.3,4.565,29.06,7.28
2022-12-29 17:30:00.000 -0500,Alan,372.6,94.0,0.3,4.555,28.48,7.28
2022-12-29 17:45:00.000 -0500,Alan,371.2,94.6,0.3,4.562,29.16,7.28
2022-12-29 18:00:00.000 -0500,Alan,372.9,94.4,0.3,4.642,29.17,7.29
2022-12-29 18:15:00.000 -0500,Alan,374.5,94.7,0.3,4.692,28.98,7.29
2022-12-29 18:30:00.000 -0500,Alan,375.5,94.7,0.3,4.713,29.13,7.28
2022-12-29 18:45:00.000 -0500,Alan,375.5,94.2,0.3,4.666,28.47,7.28
2022-12-29 19:00:00.000 -0500,Alan,376.1,93.1,0.3,4.68,29.15,7.28
2022-12-29 19:15:00.000 -0500,Alan,376.2,92.3,0.3,4.659,28.91,7.27
2022-12-29 19:30:00.000 -0500,Alan,375.2,91.4,0.3,4.628,28.98,7.27
2022-12-29 19:45:00.000 -0500,Alan,375.5,90.7,0.3,4.629,28.91,7.27
2022-12-29 20:00:00.000 -0500,Alan,375.6,91.1,0.3,4.642,28.84,7.27
2022-12-29 20:15:00.000 -0500,Alan,375.7,90.7,0.3,4.666,28.59,7.27
2022-12-29 20:30:00.000 -0500,Alan,376.5,91.3,0.3,4.701,28.85,7.26
2022-12-29 20:45:00.000 -0500,Alan,377.4,90.9,0.3,4.739,28.31,7.26
2022-12-29 21:00:00.000 -0500,Alan,378.3,91.0,0.3,4.768,28.66,7.26
2022-12-29 21:15:00.000 -0500,Alan,379.0,90.9,0.3,4.783,28.94,7.25
2022-12-29 21:30:00.000 -0500,Alan,379.3,90.9,0.3,4.784,28.75,7.25
2022-12-29 21:45:00.000 -0500,Alan,379.2,90.5,0.3,4.783,28.84,7.25
2022-12-29 22:00:00.000 -0500,Alan,379.7,90.4,0.3,4.78,28.81,7.25
2022-12-29 22:15:00.000 -0500,Alan,379.8,90.4,0.3,4.779,28.74,7.25
2022-12-29 22:30:00.000 -0500,Alan,379.5,90.4,0.3,4.781,28.78,7.25
2022-12-29 22:45:00.000 -0500,Alan,380.4,90.8,0.3,4.806,28.89,7.25
2022-12-29 23:00:00.000 -0500,Alan,380.4,91.5,0.3,4.815,28.84,7.25
2022-12-29 23:15:00.000 -0500,Alan,380.1,91.1,0.3,4.818,28.44,7.25
2022-12-29 23:30:00.000 -0500,Alan,380.3,91.4,0.3,4.827,28.78,7.25
2022-12-29 23:45:00.000 -0500,Alan,381.7,92.2,0.3,4.847,28.65,7.25
2022-12-30 00:00:00.000 -0500,Alan,381.4,91.0,0.3,4.852,28.53,7.25
2022-12-30 00:15:00.000 -0500,Alan,382.0,91.7,0.3,4.863,28.58,7.25
2022-12-30 00:30:00.000 -0500,Alan,382.8,91.5,0.3,4.873,27.88,7.25
2022-12-30 00:45:00.000 -0500,Alan,383.3,91.4,0.3,4.879,28.56,7.25
2022-12-30 01:00:00.000 -0500,Alan,383.5,91.3,0.3,4.879,28.04,7.25
2022-12-30 01:15:00.000 -0500,Alan,383.2,90.6,0.3,4.877,29.06,7.25
2022-12-30 01:30:00.000 -0500,Alan,383.4,90.9,0.3,4.878,28.77,7.25
2022-12-30 01:45:00.000 -0500,Alan,383.6,91.2,0.3,4.879,28.79,7.25
2022-12-30 02:00:00.000 -0500,Alan,383.2,91.5,0.3,4.878,29.2,7.25
2022-12-30 02:15:00.000 -0500,Alan,383.3,92.3,0.3,4.878,28.45,7.25
2022-12-30 02:30:00.000 -0500,Alan,383.6,91.9,0.3,4.879,29.01,7.26
2022-12-30 02:45:00.000 -0500,Alan,383.9,91.7,0.3,4.88,27.58,7.26
2022-12-30 03:00:00.000 -0500,Alan,383.8,91.6,0.3,4.88,28.76,7.26
2022-12-30 03:15:00.000 -0500,Alan,384.0,92.0,0.3,4.881,28.71,7.26
2022-12-30 03:30:00.000 -0500,Alan,384.0,92.1,0.3,4.882,28.83,7.26
2022-12-30 03:45:00.000 -0500,Alan,384.2,92.7,0.3,4.884,28.18,7.26
2022-12-30 04:00:00.000 -0500,Alan,384.4,92.3,0.3,4.886,28.83,7.26
2022-12-30 04:15:00.000 -0500,Alan,384.8,91.2,0.3,4.888,28.79,7.26
2022-12-30 04:30:00.000 -0500,Alan,384.5,91.8,0.3,4.89,28.8,7.26
2022-12-30 04:45:00.000 -0500,Alan,385.1,92.2,0.3,4.892,28.76,7.26
2022-12-30 05:00:00.000 -0500,Alan,384.9,92.0,0.3,4.894,28.63,7.26
2022-12-30 05:15:00.000 -0500,Alan,385.3,91.5,0.3,4.895,28.88,7.27
2022-12-30 05:30:00.000 -0500,Alan,385.5,91.5,0.3,4.895,28.82,7.27
2022-12-30 05:45:00.000 -0500,Alan,385.2,91.8,0.3,4.895,28.79,7.27
2022-12-30 06:00:00.000 -0500,Alan,385.7,91.7,0.3,4.895,28.63,7.27
2022-12-30 06:15:00.000 -0500,Alan,385.7,92.2,0.3,4.894,28.45,7.27
2022-12-30 06:30:00.000 -0500,Alan,386.1,91.8,0.3,4.893,28.45,7.27
2022-12-30 06:45:00.000 -0500,Alan,385.8,91.4,0.3,4.895,28.94,7.27
2022-12-30 07:00:00.000 -0500,Alan,385.9,91.1,0.3,4.892,28.6,7.27
2022-12-30 07:15:00.000 -0500,Alan,386.0,90.9,0.3,4.887,28.22,7.26
2022-12-30 07:30:00.000 -0500,Alan,386.2,91.1,0.3,4.882,28.52,7.26
2022-12-30 07:45:00.000 -0500,Alan,386.1,91.9,0.3,4.88,29.1,7.26
2022-12-30 08:00:00.000 -0500,Alan,385.7,91.8,0.3,4.879,27.88,7.26
2022-12-30 08:15:00.000 -0500,Alan,383.0,92.0,0.3,4.878,27.98,7.27
2022-12-30 08:30:00.000 -0500,Alan,379.9,96.3,0.3,4.87,24.33,7.27
2022-12-30 08:45:00.000 -0500,Alan,380.9,95.8,0.3,4.875,25.01,7.27
2022-12-30 09:00:00.000 -0500,Alan,382.8,95.6,0.3,4.889,24.55,7.28
2022-12-30 09:15:00.000 -0500,Alan,383.7,98.0,0.3,4.925,24.95,7.28
2022-12-30 09:30:00.000 -0500,Alan,382.5,98.8,0.3,4.912,18.52,7.28
2022-12-30 09:45:00.000 -0500,Alan,383.3,97.6,0.3,4.882,17.98,7.28
2022-12-30 10:00:00.000 -0500,Alan,382.8,96.0,0.3,4.867,18.73,7.29
2022-12-30 10:15:00.000 -0500,Alan,383.0,95.6,0.3,4.861,17.75,7.28
2022-12-30 10:30:00.000 -0500,Alan,380.2,95.1,0.3,4.808,18.24,7.28
2022-12-30 10:45:00.000 -0500,Alan,378.9,92.9,0.3,4.75,18.1,7.28
2022-12-30 11:00:00.000 -0500,Alan,378.7,91.2,0.3,4.725,17.96,7.28
2022-12-30 11:15:00.000 -0500,Alan,379.5,90.5,0.3,4.716,17.86,7.28
2022-12-30 11:30:00.000 -0500,Alan,378.7,88.8,0.3,4.701,17.54,7.28
2022-12-30 11:45:00.000 -0500,Alan,379.7,88.1,0.3,4.702,17.77,7.28
2022-12-30 12:00:00.000 -0500,Alan,379.2,87.5,0.3,4.714,18.07,7.28
2022-12-30 12:15:00.000 -0500,Alan,379.7,87.3,0.3,4.741,16.8,7.28
2022-12-30 12:30:00.000 -0500,Alan,379.6,87.8,0.3,4.761,18.11,7.28
2022-12-30 12:45:00.000 -0500,Alan,379.9,88.2,0.3,4.778,17.97,7.28
2022-12-30 13:00:00.000 -0500,Alan,379.7,88.5,0.3,4.796,17.57,7.28
2022-12-30 13:15:00.000 -0500,Alan,380.1,89.6,0.3,4.806,17.46,7.29
2022-12-30 13:30:00.000 -0500,Alan,379.9,89.7,0.3,4.821,17.71,7.29
2022-12-30 13:45:00.000 -0500,Alan,379.3,89.8,0.3,4.833,17.22,7.28
2022-12-30 14:00:00.000 -0500,Alan,379.3,89.8,0.3,4.845,17.44,7.28
2022-12-30 14:15:00.000 -0500,Alan,379.2,90.6,0.3,4.856,17.41,7.28
2022-12-30 14:30:00.000 -0500,Alan,379.8,90.6,0.3,4.894,17.39,7.28
2022-12-30 14:45:00.000 -0500,Alan,380.4,91.1,0.3,4.917,17.4,7.28
2022-12-30 15:00:00.000 -0500,Alan,380.6,91.9,0.3,4.936,17.33,7.28
2022-12-30 15:15:00.000 -0500,Alan,381.8,92.3,0.3,4.945,17.33,7.28
2022-12-30 15:30:00.000 -0500,Alan,382.7,94.3,0.3,4.961,18.03,7.28
2022-12-30 15:45:00.000 -0500,Alan,382.3,94.5,0.3,4.986,17.33,7.29
2022-12-30 16:00:00.000 -0500,Alan,382.7,95.0,0.3,4.995,17.39,7.29
2022-12-30 16:15:00.000 -0500,Alan,382.7,94.9,0.3,5.008,17.29,7.29
2022-12-30 16:30:00.000 -0500,Alan,382.3,95.6,0.3,5.01,17.49,7.29
2022-12-30 16:45:00.000 -0500,Alan,380.5,95.0,0.3,5.008,17.31,7.29
2022-12-30 17:00:00.000 -0500,Alan,380.1,95.1,0.3,4.975,17.35,7.29
2022-12-30 17:15:00.000 -0500,Alan,381.2,93.9,0.3,4.986,17.15,7.29
2022-12-30 17:30:00.000 -0500,Alan,380.7,94.7,0.3,5.002,18.03,7.29
2022-12-30 17:45:00.000 -0500,Alan,380.3,94.6,0.3,5.047,17.58,7.29
2022-12-30 18:00:00.000 -0500,Alan,383.0,95.0,0.3,5.134,17.4,7.29
2022-12-30 18:15:00.000 -0500,Alan,385.0,95.5,0.3,5.214,17.48,7.29
2022-12-30 18:30:00.000 -0500,Alan,388.7,95.7,0.3,5.3,16.98,7.28
2022-12-30 18:45:00.000 -0500,Alan,391.5,96.7,0.3,5.398,17.33,7.28
2022-12-30 19:00:00.000 -0500,Alan,393.1,96.7,0.31,5.455,18.21,7.29
2022-12-30 19:15:00.000 -0500,Alan,395.2,97.9,0.31,5.497,17.65,7.29
2022-12-30 19:30:00.000 -0500,Alan,396.1,98.1,0.31,5.516,17.74,7.3
2022-12-30 19:45:00.000 -0500,Alan,397.5,98.7,0.31,5.535,17.69,7.3
2022-12-30 20:00:00.000 -0500,Alan,399.2,100.0,0.31,5.561,17.75,7.3
2022-12-30 20:15:00.000 -0500,Alan,399.1,100.5,0.31,5.571,17.87,7.3
2022-12-30 20:30:00.000 -0500,Alan,400.4,100.4,0.31,5.599,17.63,7.31
2022-12-30 20:45:00.000 -0500,Alan,401.1,100.6,0.31,5.635,17.61,7.31
2022-12-30 21:00:00.000 -0500,Alan,402.1,100.3,0.31,5.66,17.49,7.31
2022-12-30 21:15:00.000 -0500,Alan,402.9,101.2,0.31,5.675,17.8,7.31
2022-12-30 21:30:00.000 -0500,Alan,403.3,101.0,0.31,5.68,17.67,7.31
2022-12-30 21:45:00.000 -0500,Alan,403.4,101.5,0.31,5.669,17.44,7.31
2022-12-30 22:00:00.000 -0500,Alan,403.4,99.4,0.31,5.642,18.46,7.3
2022-12-30 22:15:00.000 -0500,Alan,403.0,99.0,0.31,5.628,18.17,7.3
2022-12-30 22:30:00.000 -0500,Alan,401.4,96.7,0.31,5.574,18.4,7.29
2022-12-30 22:45:00.000 -0500,Alan,399.1,92.9,0.31,5.501,18.51,7.28
2022-12-30 23:00:00.000 -0500,Alan,395.6,90.5,0.31,5.391,19.31,7.27
2022-12-30 23:15:00.000 -0500,Alan,388.2,86.6,0.3,5.173,23.03,7.26
2022-12-30 23:30:00.000 -0500,Alan,385.0,84.7,0.3,5.04,23.45,7.25
2022-12-30 23:45:00.000 -0500,Alan,379.9,83.3,0.3,4.883,20.98,7.24
2022-12-31 00:00:00.000 -0500,Alan,376.1,81.2,0.3,4.775,20.69,7.23
2022-12-31 00:15:00.000 -0500,Alan,376.5,80.5,0.3,4.777,21.04,7.22
2022-12-31 00:30:00.000 -0500,Alan,376.8,80.4,0.3,4.77,21.3,7.21
2022-12-31 00:45:00.000 -0500,Alan,377.6,79.55,0.3,4.774,21.12,7.21
2022-12-31 01:00:00.000 -0500,Alan,376.7,79.47,0.3,4.747,20.68,7.2
2022-12-31 01:15:00.000 -0500,Alan,376.5,78.27,0.3,4.751,21.36,7.19
2022-12-31 01:30:00.000 -0500,Alan,377.4,78.46,0.3,4.778,20.86,7.18
2022-12-31 01:45:00.000 -0500,Alan,376.6,77.33,0.3,4.781,21.12,7.18
2022-12-31 02:00:00.000 -0500,Alan,376.1,77.47,0.3,4.801,20.42,7.17
2022-12-31 02:15:00.000 -0500,Alan,375.1,77.52,0.3,4.794,20.48,7.17
2022-12-31 02:30:00.000 -0500,Alan,374.5,77.16,0.3,4.791,21.16,7.16
2022-12-31 02:45:00.000 -0500,Alan,374.7,76.65,0.3,4.794,20.71,7.16
2022-12-31 03:00:00.000 -0500,Alan,374.4,76.57,0.3,4.798,20.37,7.16
2022-12-31 03:15:00.000 -0500,Alan,374.1,77.09,0.3,4.796,20.59,7.16
2022-12-31 03:30:00.000 -0500,Alan,374.2,75.83,0.3,4.798,20.47,7.15
2022-12-31 03:45:00.000 -0500,Alan,374.5,75.31,0.3,4.813,20.28,7.15
2022-12-31 04:00:00.000 -0500,Alan,374.7,74.65,0.3,4.82,20.73,7.15
2022-12-31 04:15:00.000 -0500,Alan,374.3,75.04,0.3,4.818,20.42,7.14
2022-12-31 04:30:00.000 -0500,Alan,374.3,74.66,0.3,4.819,21.29,7.14
2022-12-31 04:45:00.000 -0500,Alan,374.1,75.57,0.3,4.822,20.98,7.14
2022-12-31 05:00:00.000 -0500,Alan,374.0,76.07,0.3,4.832,20.57,7.13
2022-12-31 05:15:00.000 -0500,Alan,374.9,74.78,0.3,4.867,20.93,7.13
2022-12-31 05:30:00.000 -0500,Alan,375.5,74.19,0.3,4.894,20.52,7.13
2022-12-31 05:45:00.000 -0500,Alan,375.5,73.92,0.3,4.863,20.56,7.12
2022-12-31 06:00:00.000 -0500,Alan,375.0,73.33,0.3,4.847,21.32,7.12
2022-12-31 06:15:00.000 -0500,Alan,375.7,73.86,0.3,4.876,20.44,7.12
2022-12-31 06:30:00.000 -0500,Alan,377.4,73.42,0.3,4.943,20.05,7.12
2022-12-31 06:45:00.000 -0500,Alan,379.2,74.26,0.3,4.967,20.03,7.12
2022-12-31 07:00:00.000 -0500,Alan,380.1,74.53,0.3,4.982,20.09,7.11
2022-12-31 07:15:00.000 -0500,Alan,379.8,75.53,0.3,4.976,20.16,7.11
2022-12-31 07:30:00.000 -0500,Alan,381.2,76.41,0.3,4.982,20.16,7.11
2022-12-31 07:45:00.000 -0500,Alan,381.8,76.6,0.3,4.988,20.1,7.11
2022-12-31 08:00:00.000 -0500,Alan,382.1,77.11,0.3,5.013,19.98,7.11
2022-12-31 08:15:00.000 -0500,Alan,382.1,76.57,0.3,5.011,20.47,7.13
2022-12-31 08:30:00.000 -0500,Alan,381.3,78.12,0.3,5.029,20.32,7.14
2022-12-31 08:45:00.000 -0500,Alan,380.1,78.18,0.3,4.975,19.74,7.14
2022-12-31 09:00:00.000 -0500,Alan,379.7,77.5,0.3,4.991,20.42,7.14
2022-12-31 09:15:00.000 -0500,Alan,377.9,78.08,0.3,4.954,22.07,7.14
2022-12-31 09:30:00.000 -0500,Alan,372.8,79.32,0.29,4.961,21.24,7.15
2022-12-31 09:45:00.000 -0500,Alan,373.1,78.98,0.29,4.917,29.75,7.15
2022-12-31 10:00:00.000 -0500,Alan,373.6,78.49,0.29,4.915,30.09,7.15
2022-12-31 10:15:00.000 -0500,Alan,373.5,78.22,0.29,4.923,20.9,7.15
2022-12-31 10:30:00.000 -0500,Alan,372.5,80.5,0.29,4.915,20.6,7.15
2022-12-31 10:45:00.000 -0500,Alan,373.5,80.9,0.29,4.961,20.98,7.15
2022-12-31 11:00:00.000 -0500,Alan,375.5,79.87,0.3,4.962,21.29,7.15
2022-12-31 11:15:00.000 -0500,Alan,376.8,79.62,0.3,4.973,20.96,7.15
2022-12-31 11:30:00.000 -0500,Alan,376.2,80.4,0.3,4.985,20.76,7.15
2022-12-31 11:45:00.000 -0500,Alan,377.0,80.7,0.3,4.997,21.07,7.15
2022-12-31 12:00:00.000 -0500,Alan,377.5,80.2,0.3,5.013,20.79,7.15
2022-12-31 12:15:00.000 -0500,Alan,377.2,81.5,0.3,5.023,21.57,7.16
2022-12-31 12:30:00.000 -0500,Alan,377.5,82.4,0.3,5.04,21.07,7.16
2022-12-31 12:45:00.000 -0500,Alan,379.8,82.1,0.3,5.073,20.8,7.16
2022-12-31 13:00:00.000 -0500,Alan,382.8,81.4,0.3,5.104,20.77,7.16
2022-12-31 13:15:00.000 -0500,Alan,384.2,82.0,0.3,5.125,20.11,7.16
2022-12-31 13:30:00.000 -0500,Alan,385.1,82.2,0.3,5.14,20.52,7.16
2022-12-31 13:45:00.000 -0500,Alan,384.4,81.8,0.3,5.14,21.28,7.17
2022-12-31 14:00:00.000 -0500,Alan,385.0,82.6,0.3,5.188,20.02,7.17
2022-12-31 14:15:00.000 -0500,Alan,385.5,82.1,0.3,5.235,20.27,7.17
2022-12-31 14:30:00.000 -0500,Alan,387.9,81.2,0.3,5.296,20.67,7.16
2022-12-31 14:45:00.000 -0500,Alan,389.7,81.0,0.3,5.317,20.64,7.16
2022-12-31 15:00:00.000 -0500,Alan,389.7,82.5,0.3,5.326,20.33,7.16
2022-12-31 15:15:00.000 -0500,Alan,389.6,82.9,0.3,5.325,20.65,7.16
2022-12-31 15:30:00.000 -0500,Alan,389.8,83.7,0.3,5.34,20.9,7.16
2022-12-31 15:45:00.000 -0500,Alan,389.4,84.1,0.3,5.364,20.15,7.17
2022-12-31 16:00:00.000 -0500,Alan,391.3,83.9,0.3,5.393,20.56,7.17
2022-12-31 16:15:00.000 -0500,Alan,392.6,83.6,0.31,5.403,20.4,7.17
2022-12-31 16:30:00.000 -0500,Alan,394.3,83.9,0.31,5.417,20.31,7.17
2022-12-31 16:45:00.000 -0500,Alan,395.6,84.6,0.31,5.442,20.11,7.17
2022-12-31 17:00:00.000 -0500,Alan,396.0,85.1,0.31,5.474,21.46,7.17
2022-12-31 17:15:00.000 -0500,Alan,397.9,87.6,0.31,5.51,19.81,7.18
2022-12-31 17:30:00.000 -0500,Alan,397.1,86.1,0.31,5.522,20.23,7.18
2022-12-31 17:45:00.000 -0500,Alan,401.6,85.9,0.31,5.67,19.65,7.18
2022-12-31 18:00:00.000 -0500,Alan,408.3,84.6,0.31,5.775,20.24,7.18
2022-12-31 18:15:00.000 -0500,Alan,414.3,83.4,0.32,5.877,21.04,7.18
2022-12-31 18:30:00.000 -0500,Alan,419.1,82.3,0.32,5.95,19.86,7.17
2022-12-31 18:45:00.000 -0500,Alan,422.7,81.7,0.32,5.979,19.41,7.17
2022-12-31 19:00:00.000 -0500,Alan,425.1,81.0,0.33,6.005,19.25,7.17
2022-12-31 19:15:00.000 -0500,Alan,427.0,80.1,0.33,6.025,19.15,7.17
2022-12-31 19:30:00.000 -0500,Alan,428.2,79.86,0.33,6.037,19.32,7.17
2022-12-31 19:45:00.000 -0500,Alan,429.2,79.78,0.33,6.061,19.74,7.17
2022-12-31 20:00:00.000 -0500,Alan,431.5,79.7,0.33,6.108,19.71,7.16
2022-12-31 20:15:00.000 -0500,Alan,434.0,78.95,0.33,6.166,19.76,7.16
2022-12-31 20:30:00.000 -0500,Alan,435.5,76.96,0.33,6.227,19.89,7.16
2022-12-31 20:45:00.000 -0500,Alan,435.9,75.97,0.33,6.217,19.76,7.16
2022-12-31 21:00:00.000 -0500,Alan,436.1,76.82,0.33,6.227,19.63,7.16
2022-12-31 21:15:00.000 -0500,Alan,436.1,75.74,0.33,6.257,19.23,7.15
2022-12-31 21:30:00.000 -0500,Alan,435.8,75.93,0.33,6.248,19.62,7.15
2022-12-31 21:45:00.000 -0500,Alan,434.7,75.5,0.33,6.231,19.44,7.15
2022-12-31 22:00:00.000 -0500,Alan,433.2,73.58,0.33,6.185,19.45,7.15
2022-12-31 22:15:00.000 -0500,Alan,429.9,72.79,0.33,6.105,20.09,7.15
2022-12-31 22:30:00.000 -0500,Alan,426.8,74.43,0.33,6.066,19.52,7.16
2022-12-31 22:45:00.000 -0500,Alan,425.5,74.25,0.33,6.068,19.72,7.16
2022-12-31 23:00:00.000 -0500,Alan,424.9,74.01,0.32,6.045,19.74,7.16
2022-12-31 23:15:00.000 -0500,Alan,423.7,72.82,0.32,6.005,20.52,7.17
2022-12-31 23:30:00.000 -0500,Alan,420.0,75.53,0.32,5.827,21.44,7.17
2022-12-31 23:45:00.000 -0500,Alan,415.7,77.65,0.32,5.686,21.34,7.17
